OrderID,ClientName,ProductType,ChannelSales,Priority,Units,UnitPrice,CostPrice,TotalSalesAmount,TotalCostAmount
E1000,Joshua,Bebida,Offline,High,122,462.24,233.99,56393.28,28546.78
E1001,Robert,Cuidado personal,Offline,Critical,1849,744.58,265.62,1376728.42,491131.38
E1002,Jacqueline,Ropa,Offline,Medium,8694,570.77,121.02,4962274.38,1052147.88
E1003,Mark,Carnes,Online,Medium,1263,665.46,496.94,840475.98,627635.22
E1004,Todd,Alimento infantil,Offline,High,8372,740.06,34.91,6195782.32,292266.52
E1005,Courtney,Cereales,Offline,High,9040,772.53,143.04,6983671.2,1293081.6
E1006,John,Cereales,Offline,Low,6910,803.19,451.24,5550042.9,3118068.4
E1007,Tony,Alimento infantil,Online,Critical,1961,729.15,332.9,1429863.15,652816.9
E1008,Julian,Carnes,Offline,High,3608,562.42,221.22,2029211.36,798161.76
E1009,Crystal,Snacks,Online,Critical,2649,651.69,223.03,1726326.81,590806.47
E1010,Nicole,Verduras,Online,Medium,9704,441.47,204.39,4284024.88,1983400.56
E1011,Mark,Material de oficina,Online,Critical,4120,489.08,99.22,2015009.6,408786.4
E1012,Amanda,Material de oficina,Online,High,6157,762.45,223.44,4694404.65,1375720.08
E1013,Nicole,Carnes,Online,Critical,7444,957.16,360.81,7125099.04,2685869.64
E1014,Lisa,Frutas,Offline,Medium,5358,531.17,477.06,2846008.86,2556087.48
E1015,David,Material de oficina,Offline,Critical,3542,707.36,498.83,2505469.12,1766855.86
E1016,Amanda,Bebida,Online,High,8761,849.82,97.44,7445273.02,853671.84
E1017,Tina,Material de oficina,Offline,Medium,5124,724.09,262.41,3710237.16,1344588.84
E1018,Veronica,Bebida,Online,Critical,8337,586.27,219.98,4887732.99,1833973.26
E1019,Rita,Alimento infantil,Offline,Low,1370,680.99,388.25,932956.3,531902.5
E1020,Gregory,Cereales,Offline,Critical,1750,908.86,499.77,1590505,874597.5
E1021,Adam,Domestico,Online,Low,1560,722.96,410.41,1127817.6,640239.6
E1022,Kaitlin,Alimento infantil,Offline,Low,5423,942.89,249.16,5113292.47,1351194.68
E1023,Mark,Verduras,Online,Low,8283,491.73,436.96,4072999.59,3619339.68
E1024,Christine,Frutas,Offline,High,715,865.83,474.53,619068.45,339288.95
E1025,Andre,Cereales,Offline,Medium,3190,672.71,484.35,2145944.9,1545076.5
E1026,Christina,Carnes,Offline,Medium,5008,772.41,437.57,3868229.28,2191350.56
E1027,Jose,Alimento infantil,Offline,High,7604,990.74,334.02,7533586.96,2539888.08
E1028,Darin,Verduras,Online,Medium,6152,843.75,253.25,5190750,1557994
E1029,Veronica,Bebida,Offline,Critical,6581,722.2,261.45,4752798.2,1720602.45
E1030,Nicole,Material de oficina,Offline,High,971,658.05,191.63,638966.55,186072.73
E1031,Alicia,Cuidado personal,Online,Medium,1615,506,334.14,817190,539636.1
E1032,Jeffrey,Snacks,Offline,Low,6850,990.92,391.59,6787802,2682391.5
E1033,Donna,Cereales,Offline,Medium,4790,951.44,365.48,4557397.6,1750649.2
E1034,Melanie,Snacks,Online,Critical,2743,512.25,88.18,1405101.75,241877.74
E1035,Connor,Cuidado personal,Online,Medium,6397,816.92,5.57,5225837.24,35631.29
E1036,Nancy,Ropa,Online,Medium,3169,407.31,343.34,1290765.39,1088044.46
E1037,Alex,Snacks,Online,Critical,5046,866.83,16.17,4374024.18,81593.82
E1038,David,Carnes,Offline,Low,5577,421.42,410.44,2350259.34,2289023.88
E1039,Theresa,Cosmeticos,Offline,High,5397,827.1,162.88,4463858.7,879063.36
E1040,Timothy,Snacks,Online,Medium,4750,438.82,267.96,2084395,1272810
E1041,Emily,Carnes,Online,Low,6919,594.35,148.72,4112307.65,1028993.68
E1042,Angela,Cosmeticos,Online,Low,2765,692.39,88.55,1914458.35,244840.75
E1043,Amanda,Cosmeticos,Online,Medium,153,599.44,411.64,91714.32,62980.92
E1044,Melinda,Cereales,Offline,Critical,3014,991.81,203.22,2989315.34,612505.08
E1045,Connor,Domestico,Online,Medium,2122,409.56,131.67,869086.32,279403.74
E1046,John,Verduras,Online,Low,3876,886.64,204.08,3436616.64,791014.08
E1047,Crystal,Verduras,Offline,High,5698,516.45,47.23,2942732.1,269116.54
E1048,Sean,Ropa,Online,Medium,4206,855.9,360.89,3599915.4,1517903.34
E1049,Austin,Domestico,Online,Critical,6479,963.73,428.92,6244006.67,2778972.68
E1050,Tyler,Domestico,Offline,Medium,2879,630.4,386.18,1814921.6,1111812.22
E1051,Crystal,Cuidado personal,Offline,Critical,2460,913.88,173.72,2248144.8,427351.2
E1052,Rita,Verduras,Offline,High,4195,835.37,43.86,3504377.15,183992.7
E1053,Melissa,Bebida,Offline,Low,9432,452.62,32.78,4269111.84,309180.96
E1054,Matthew,Alimento infantil,Offline,Critical,4761,900.34,446.19,4286518.74,2124310.59
E1055,Darryl,Bebida,Offline,High,164,628.73,338.65,103111.72,55538.6
E1056,Ashley,Frutas,Offline,Medium,8131,858.07,117.49,6976967.17,955311.19
E1057,Dawn,Domestico,Offline,Medium,1465,712.61,261.11,1043973.65,382526.15
E1058,Emily,Ropa,Online,High,7387,439.61,314.68,3247399.07,2324541.16
E1059,Daniel,Material de oficina,Online,Critical,4132,410.64,251.4,1696764.48,1038784.8
E1060,Robert,Carnes,Offline,High,4934,495.47,421.04,2444648.98,2077411.36
E1061,Sara,Cuidado personal,Offline,Critical,3853,720.29,312.14,2775277.37,1202675.42
E1062,Michael,Verduras,Offline,Medium,4625,967.52,266.29,4474780,1231591.25
E1063,Jessica,Cereales,Online,High,6406,850.65,415.59,5449263.9,2662269.54
E1064,Alyssa,Carnes,Offline,Medium,6375,643.02,215.65,4099252.5,1374768.75
E1065,Ryan,Domestico,Online,Medium,1116,961.98,254.99,1073569.68,284568.84
E1066,Tammy,Cuidado personal,Online,Critical,5679,784.89,158.15,4457390.31,898133.85
E1067,Brian,Carnes,Online,Low,4346,898.68,54.91,3905663.28,238638.86
E1068,Scott,Cuidado personal,Online,High,7837,885.87,319.86,6942563.19,2506742.82
E1069,William,Alimento infantil,Offline,Medium,912,471.29,218.91,429816.48,199645.92
E1070,Amanda,Ropa,Online,High,929,543.75,205.52,505143.75,190928.08
E1071,Kimberly,Ropa,Online,Critical,6934,447.76,27.48,3104767.84,190546.32
E1072,Leah,Domestico,Online,High,931,874.48,394.55,814140.88,367326.05
E1073,Danielle,Cuidado personal,Offline,Critical,4193,433.51,247.58,1817707.43,1038102.94
E1074,Randy,Cuidado personal,Offline,Low,9450,566.85,400.13,5356732.5,3781228.5
E1075,Joseph,Frutas,Online,Low,8709,783.29,369.25,6821672.61,3215798.25
E1076,Jessica,Frutas,Offline,Low,1361,797.68,283.77,1085642.48,386210.97
E1077,Wendy,Cereales,Offline,Medium,943,868.79,307.43,819268.97,289906.49
E1078,Justin,Verduras,Offline,Low,7333,795.74,232.09,5835161.42,1701915.97
E1079,Katherine,Alimento infantil,Offline,Low,9571,623.85,54.4,5970868.35,520662.4
E1080,Jacob,Bebida,Offline,Medium,5956,741.47,448.8,4416195.32,2673052.8
E1081,Sean,Cosmeticos,Offline,Medium,1875,782.57,344.17,1467318.75,645318.75
E1082,Deborah,Cereales,Offline,Critical,6509,681.04,185.43,4432889.36,1206963.87
E1083,Dawn,Domestico,Offline,Medium,3211,722.67,433.66,2320493.37,1392482.26
E1084,Michael,Ropa,Online,Critical,5626,876.99,92.8,4933945.74,522092.8
E1085,Joseph,Bebida,Online,Low,2286,470.78,154.81,1076203.08,353895.66
E1086,Sean,Bebida,Offline,Medium,1321,791.54,369.24,1045624.34,487766.04
E1087,William,Cuidado personal,Online,High,4355,766.14,132.22,3336539.7,575818.1
E1088,Bryan,Cuidado personal,Online,High,1499,618.38,193.54,926951.62,290116.46
E1089,Adam,Snacks,Online,Critical,3005,707.08,450.38,2124775.4,1353391.9
E1090,Diana,Carnes,Offline,High,107,444.66,168.09,47578.62,17985.63
E1091,Sean,Cuidado personal,Online,Medium,2892,544.54,344.45,1574809.68,996149.4
E1092,Melissa,Carnes,Online,Low,2810,883.48,467.65,2482578.8,1314096.5
E1093,Connor,Bebida,Offline,Medium,4868,881.19,300.95,4289632.92,1465024.6
E1094,Sarah,Cuidado personal,Online,Critical,1848,415.77,359.41,768342.96,664189.68
E1095,Nathan,Cuidado personal,Online,Low,8088,940.72,281.06,7608543.36,2273213.28
E1096,Kristen,Cereales,Online,High,5637,755.89,483.03,4260951.93,2722840.11
E1097,Julie,Alimento infantil,Offline,High,6643,582.01,484.08,3866292.43,3215743.44
E1098,Julie,Bebida,Online,High,1203,839.46,98.63,1009870.38,118651.89
E1099,Jeffrey,Verduras,Online,High,6374,568.57,159.27,3624065.18,1015186.98
E1100,Joseph,Verduras,Online,Low,8531,556.77,190.32,4749804.87,1623619.92
E1101,Thomas,Cereales,Offline,Critical,781,861.22,120,672612.82,93720
E1102,Cathy,Material de oficina,Online,Medium,5628,808.73,3.84,4551532.44,21611.52
E1103,Jose,Carnes,Online,Low,7245,727.25,408.3,5268926.25,2958133.5
E1104,Veronica,Cosmeticos,Online,Medium,4246,596.84,80.4,2534182.64,341378.4
E1105,John,Domestico,Online,High,1507,762.3,441.93,1148786.1,665988.51
E1106,Julie,Carnes,Offline,Low,8763,533.42,358.58,4674359.46,3142236.54
E1107,Willie,Bebida,Online,Low,5601,552.72,42.19,3095784.72,236306.19
E1108,Mark,Material de oficina,Online,Low,4520,493.27,326.6,2229580.4,1476232
E1109,Jacob,Ropa,Offline,Medium,2096,735.28,250.74,1541146.88,525551.04
E1110,Nathan,Carnes,Online,High,3241,931.09,30.87,3017662.69,100049.67
E1111,Madison,Alimento infantil,Online,Critical,3677,998.8,42.05,3672587.6,154617.85
E1112,Paul,Material de oficina,Offline,Low,3328,821.29,139.73,2733253.12,465021.44
E1113,Michael,Cuidado personal,Offline,High,7222,985.24,259.9,7115403.28,1876997.8
E1114,Courtney,Cosmeticos,Offline,Critical,6523,772.73,16.91,5040517.79,110303.93
E1115,Julie,Verduras,Offline,Low,5992,810.72,382.63,4857834.24,2292718.96
E1116,Jacob,Cosmeticos,Online,Low,302,659.97,267.25,199310.94,80709.5
E1117,Melissa,Frutas,Offline,High,2401,904.27,221.98,2171152.27,532973.98
E1118,Vincent,Verduras,Offline,High,8585,757.32,343.2,6501592.2,2946372
E1119,Kenneth,Frutas,Online,Critical,5679,412.64,407.96,2343382.56,2316804.84
E1120,Joshua,Material de oficina,Offline,Medium,9885,699.82,167.1,6917720.7,1651783.5
E1121,Jake,Cereales,Online,Critical,1203,995.08,223.88,1197081.24,269327.64
E1122,Stephanie,Cuidado personal,Online,Critical,5486,973.37,243.46,5339907.82,1335621.56
E1123,Jeffrey,Cosmeticos,Online,Low,7163,429.94,145.77,3079660.22,1044150.51
E1124,Michelle,Carnes,Online,High,5334,653.22,322.95,3484275.48,1722615.3
E1125,Ashley,Bebida,Offline,Medium,9142,952.38,75.69,8706657.96,691957.98
E1126,Dylan,Frutas,Offline,High,2009,443.5,91.06,890991.5,182939.54
E1127,Steven,Domestico,Online,Low,7296,975.85,441.84,7119801.6,3223664.64
E1128,Juan,Verduras,Offline,Medium,1720,574.61,35.08,988329.2,60337.6
E1129,Rebecca,Cosmeticos,Offline,Medium,6214,915.22,64.57,5687177.08,401237.98
E1130,Nicholas,Cosmeticos,Offline,Medium,7856,656.91,331.56,5160684.96,2604735.36
E1131,Christopher,Verduras,Offline,Low,9091,782.57,499.92,7114343.87,4544772.72
E1132,Tina,Bebida,Offline,Critical,2892,921.78,275.35,2665787.76,796312.2
E1133,Timothy,Material de oficina,Online,Low,9370,632.85,411.83,5929804.5,3858847.1
E1134,Sydney,Domestico,Offline,High,1075,461.59,121.28,496209.25,130376
E1135,Ashley,Frutas,Offline,High,5493,854.78,195.72,4695306.54,1075089.96
E1136,Michael,Cereales,Online,High,3011,810.22,406.07,2439572.42,1222676.77
E1137,Robert,Ropa,Offline,Low,5081,900.32,496.22,4574525.92,2521293.82
E1138,Gregory,Ropa,Offline,High,9809,566.71,312.22,5558858.39,3062565.98
E1139,Curtis,Carnes,Online,High,3020,981.24,125.23,2963344.8,378194.6
E1140,Joseph,Domestico,Offline,Low,2888,645.13,294.22,1863135.44,849707.36
E1141,Andrew,Domestico,Offline,Critical,1503,918.39,320.93,1380340.17,482357.79
E1142,Erica,Verduras,Offline,Low,9682,430.04,262.66,4163647.28,2543074.12
E1143,Maxwell,Cuidado personal,Offline,Critical,2002,980.47,195.63,1962900.94,391651.26
E1144,Sydney,Carnes,Offline,High,1781,605.03,258.46,1077558.43,460317.26
E1145,Gregory,Verduras,Online,High,4738,710.81,377.19,3367817.78,1787126.22
E1146,Michael,Verduras,Offline,High,2721,986.22,103.95,2683504.62,282847.95
E1147,Benjamin,Cuidado personal,Online,Low,9445,732.07,289.24,6914401.15,2731871.8
E1148,Lisa,Bebida,Offline,Critical,9650,567.8,391.02,5479270,3773343
E1149,Laura,Material de oficina,Online,Critical,4529,806.33,446.38,3651868.57,2021655.02
E1150,Tiffany,Carnes,Online,Low,8353,552.71,255.73,4616786.63,2136112.69
E1151,Sarah,Cuidado personal,Online,Medium,1949,787.87,378.72,1535558.63,738125.28
E1152,Morgan,Cereales,Online,Medium,4854,690.23,214.07,3350376.42,1039095.78
E1153,Dana,Alimento infantil,Online,Low,1904,809.81,237.62,1541878.24,452428.48
E1154,Daniel,Cosmeticos,Online,Critical,4757,984.01,450.45,4680935.57,2142790.65
E1155,Tony,Carnes,Online,Medium,212,593.06,95.59,125728.72,20265.08
E1156,Joseph,Verduras,Offline,Low,1477,690.01,27.61,1019144.77,40779.97
E1157,Joseph,Carnes,Online,Low,3645,570.64,72.67,2079982.8,264882.15
E1158,Andre,Ropa,Offline,Medium,8508,404.05,457.47,3437657.4,3892154.76
E1159,Dean,Verduras,Offline,Medium,6028,538.05,196.79,3243365.4,1186250.12
E1160,Holly,Cosmeticos,Online,Critical,6600,518.18,305.47,3419988,2016102
E1161,Gina,Bebida,Online,Low,9557,618.93,139.03,5915114.01,1328709.71
E1162,Kayla,Cuidado personal,Offline,Low,9620,847.1,282.42,8149102,2716880.4
E1163,Jeffrey,Ropa,Offline,Low,3205,711.44,488.75,2280165.2,1566443.75
E1164,Andrea,Ropa,Offline,Medium,9610,647.76,363.41,6224973.6,3492370.1
E1165,Christina,Snacks,Online,Medium,2082,667.95,301.35,1390671.9,627410.7
E1166,Troy,Carnes,Offline,High,4761,753.1,190.42,3585509.1,906589.62
E1167,Wendy,Frutas,Offline,Critical,2859,764.71,465.07,2186305.89,1329635.13
E1168,Jeffrey,Cereales,Online,Critical,6853,506.67,15.02,3472209.51,102932.06
E1169,Zachary,Verduras,Offline,Low,5366,491.25,149.16,2636047.5,800392.56
E1170,Kayla,Ropa,Offline,High,2620,585.76,262.7,1534691.2,688274
E1171,James,Snacks,Online,Low,193,581.95,486.85,112316.35,93962.05
E1172,Hector,Cereales,Offline,Critical,2077,957.01,408.37,1987709.77,848184.49
E1173,Joshua,Ropa,Online,Medium,2758,651.19,74.38,1795982.02,205140.04
E1174,Michael,Cereales,Online,Critical,600,786.52,422.44,471912,253464
E1175,Cindy,Cuidado personal,Offline,Medium,1870,460.22,146.22,860611.4,273431.4
E1176,Mary,Material de oficina,Offline,Low,7476,562.02,360.53,4201661.52,2695322.28
E1177,Brandon,Alimento infantil,Online,Critical,5047,978.19,166.47,4936924.93,840174.09
E1178,Danielle,Cosmeticos,Offline,Medium,803,607.4,447.96,487742.2,359711.88
E1179,Emily,Verduras,Offline,Medium,2592,703.13,461.08,1822512.96,1195119.36
E1180,Kimberly,Verduras,Online,Low,946,526.91,295.54,498456.86,279580.84
E1181,Ryan,Cuidado personal,Offline,High,8391,996.25,250.35,8359533.75,2100686.85
E1182,Amanda,Frutas,Online,Low,5059,445.09,492.99,2251710.31,2494036.41
E1183,Amanda,Frutas,Offline,High,5133,742.98,134.69,3813716.34,691363.77
E1184,William,Ropa,Offline,Medium,7240,449.57,150.96,3254886.8,1092950.4
E1185,Michael,Bebida,Offline,Low,8344,481.64,454.05,4018804.16,3788593.2
E1186,Matthew,Alimento infantil,Online,Low,8513,915.86,484.96,7796716.18,4128464.48
E1187,Amanda,Verduras,Offline,High,8629,641.71,41.97,5537315.59,362159.13
E1188,Kiara,Ropa,Online,Critical,6506,527.14,364.21,3429572.84,2369550.26
E1189,Billy,Alimento infantil,Online,High,6706,958.43,342.48,6427231.58,2296670.88
E1190,Kenneth,Cosmeticos,Offline,Critical,6063,900.2,398.55,5457912.6,2416408.65
E1191,Jacob,Domestico,Offline,Low,4970,989,343.98,4915330,1709580.6
E1192,Sabrina,Bebida,Online,Low,9008,665.4,22.4,5993923.2,201779.2
E1193,Cindy,Carnes,Offline,Critical,1314,850.4,473.48,1117425.6,622152.72
E1194,Joseph,Verduras,Online,High,8987,817.72,229.81,7348849.64,2065302.47
E1195,Angela,Snacks,Offline,High,2506,683.61,293.37,1713126.66,735185.22
E1196,Ryan,Verduras,Online,Low,7691,718.37,343.05,5524983.67,2638397.55
E1197,Johnny,Material de oficina,Online,Critical,3157,745.78,413.78,2354427.46,1306303.46
E1198,Audrey,Cosmeticos,Offline,High,9928,909.35,294.86,9028026.8,2927370.08
E1199,Julie,Cereales,Online,Critical,2141,499.09,46.93,1068551.69,100477.13
E1200,Joseph,Alimento infantil,Offline,Critical,4151,703.19,40.91,2918941.69,169817.41
E1201,Alyssa,Snacks,Offline,Medium,6417,540.64,70.06,3469286.88,449575.02
E1202,Tracey,Bebida,Online,Critical,7588,794.57,91.65,6029197.16,695440.2
E1203,Jose,Material de oficina,Online,Critical,5456,615.89,376.19,3360295.84,2052492.64
E1204,Steven,Snacks,Offline,High,1767,622.07,171.28,1099197.69,302651.76
E1205,Charles,Snacks,Online,Low,6921,518.91,49.08,3591376.11,339682.68
E1206,Melinda,Domestico,Online,Critical,5214,566.68,70.1,2954669.52,365501.4
E1207,Robert,Material de oficina,Offline,High,4574,722.39,342.69,3304211.86,1567464.06
E1208,Kimberly,Bebida,Online,Critical,9548,508.92,177.62,4859168.16,1695915.76
E1209,Julie,Carnes,Online,Low,2127,544.38,105.9,1157896.26,225249.3
E1210,Andrew,Alimento infantil,Offline,Critical,5234,779.52,255.3,4080007.68,1336240.2
E1211,Sarah,Snacks,Online,Low,3235,470.2,16.99,1521097,54962.65
E1212,Randall,Frutas,Online,Low,2549,587.7,146.04,1498047.3,372255.96
E1213,Jane,Cosmeticos,Offline,Critical,1962,913.76,54.98,1792797.12,107870.76
E1214,Johnny,Domestico,Offline,Critical,9270,685.9,194.47,6358293,1802736.9
E1215,Erica,Verduras,Offline,Critical,516,760.61,166.62,392474.76,85975.92
E1216,Joseph,Cosmeticos,Online,Low,1658,866.43,498.13,1436540.94,825899.54
E1217,Holly,Ropa,Offline,High,1711,802.65,244.79,1373334.15,418835.69
E1218,Jacob,Bebida,Online,High,3224,622.02,1.61,2005392.48,5190.64
E1219,Richard,Domestico,Online,Low,1109,983.47,269.18,1090668.23,298520.62
E1220,Austin,Cosmeticos,Online,High,8576,526.22,453.12,4512862.72,3885957.12
E1221,Whitney,Cosmeticos,Offline,High,5255,726.85,249.58,3819596.75,1311542.9
E1222,Daniel,Cosmeticos,Offline,Low,2351,934.86,186.52,2197855.86,438508.52
E1223,Curtis,Cosmeticos,Online,High,3667,988.62,307.63,3625269.54,1128079.21
E1224,Zachary,Material de oficina,Online,High,1776,882.78,375.7,1567817.28,667243.2
E1225,Alex,Frutas,Online,Medium,5986,548.8,103.62,3285116.8,620269.32
E1226,Jessica,Ropa,Online,Low,6696,942.49,80.05,6310913.04,536014.8
E1227,Ethan,Cereales,Online,Medium,8842,522.66,362.96,4621359.72,3209292.32
E1228,Stuart,Cuidado personal,Online,Low,2898,616.61,14.27,1786935.78,41354.46
E1229,Joshua,Cereales,Online,Critical,3963,702.04,121.72,2782184.52,482376.36
E1230,Daniel,Frutas,Offline,High,4848,529.21,380.31,2565610.08,1843742.88
E1231,Jacob,Material de oficina,Offline,Medium,3098,696.49,232.68,2157726.02,720842.64
E1232,Christina,Cosmeticos,Offline,Critical,8998,470.33,373.73,4232029.34,3362822.54
E1233,Brandon,Bebida,Online,Low,4207,591.45,120.68,2488230.15,507700.76
E1234,Gail,Cosmeticos,Offline,Low,302,499.93,213.65,150978.86,64522.3
E1235,Austin,Cereales,Online,Medium,2154,591.55,477.61,1274198.7,1028771.94
E1236,Charles,Alimento infantil,Offline,Low,2517,808.18,440.45,2034189.06,1108612.65
E1237,Frank,Ropa,Online,Low,4225,829.7,155.48,3505482.5,656903
E1238,Jane,Cereales,Online,High,6564,488.18,136.81,3204413.52,898020.84
E1239,Andrea,Cereales,Offline,High,2953,540.6,318.28,1596391.8,939880.84
E1240,Brian,Snacks,Online,Medium,6539,818.5,39.74,5352171.5,259859.86
E1241,Duane,Carnes,Online,Medium,7908,457.51,31.87,3617989.08,252027.96
E1242,Pamela,Ropa,Online,Low,1438,522.51,402.94,751369.38,579427.72
E1243,Jessica,Snacks,Offline,Critical,4076,609.31,105.22,2483547.56,428876.72
E1244,Timothy,Cereales,Offline,Low,2690,844.56,109.92,2271866.4,295684.8
E1245,Todd,Domestico,Offline,Low,264,874.17,116.74,230780.88,30819.36
E1246,Gregory,Cuidado personal,Offline,High,2384,930.62,465.91,2218598.08,1110729.44
E1247,Daniel,Ropa,Offline,Critical,5230,595.21,404.21,3112948.3,2114018.3
E1248,Robert,Cosmeticos,Offline,High,4145,661.87,405.69,2743451.15,1681585.05
E1249,George,Cereales,Online,High,4247,730.47,122.11,3102306.09,518601.17
E1250,Wendy,Carnes,Online,Critical,2703,694.01,357.91,1875909.03,967430.73
E1251,Jessica,Cereales,Online,Medium,4060,931,479.32,3779860,1946039.2
E1252,Mary,Ropa,Offline,Medium,8896,623.9,241.07,5550214.4,2144558.72
E1253,Robert,Cosmeticos,Online,Medium,7045,407.38,28.51,2869992.1,200852.95
E1254,Zachary,Cuidado personal,Online,Critical,7325,824.97,178.41,6042905.25,1306853.25
E1255,Michael,Domestico,Online,Medium,744,913.15,172.08,679383.6,128027.52
E1256,Jennifer,Verduras,Offline,Low,7443,595.09,87.84,4429254.87,653793.12
E1257,Cameron,Cosmeticos,Online,Critical,7867,595.32,310.86,4683382.44,2445535.62
E1258,Jessica,Verduras,Online,Medium,6405,713.4,442.84,4569327,2836390.2
E1259,Andrew,Cereales,Offline,High,585,998.41,139.53,584069.85,81625.05
E1260,Kelly,Cuidado personal,Offline,Critical,5194,582.59,171.3,3025972.46,889732.2
E1261,William,Material de oficina,Offline,Low,2305,710.6,479.92,1637933,1106215.6
E1262,Jonathan,Cosmeticos,Offline,High,3342,767.25,210.36,2564149.5,703023.12
E1263,Ryan,Material de oficina,Online,Medium,9767,575.27,75.11,5618662.09,733599.37
E1264,Leslie,Cuidado personal,Offline,Medium,8869,685.04,136.45,6075619.76,1210175.05
E1265,Phillip,Cosmeticos,Online,Medium,8185,806.56,47.49,6601693.6,388705.65
E1266,Sean,Bebida,Online,Critical,7089,495.38,68.96,3511748.82,488857.44
E1267,Courtney,Frutas,Offline,Medium,6573,627.05,332.99,4121599.65,2188743.27
E1268,Kristin,Cereales,Online,Medium,7796,618.82,40.88,4824320.72,318700.48
E1269,Rachel,Cosmeticos,Online,High,5054,608.03,178.5,3072983.62,902139
E1270,Angela,Verduras,Online,Critical,948,663.97,490.24,629443.56,464747.52
E1271,Craig,Snacks,Online,Critical,8932,507.64,471.09,4534240.48,4207775.88
E1272,Isaiah,Verduras,Online,Medium,8279,513.38,251.41,4250273.02,2081423.39
E1273,Desiree,Cuidado personal,Offline,Critical,8075,838.79,260.33,6773229.25,2102164.75
E1274,Kelly,Domestico,Online,Medium,2296,670.63,367.99,1539766.48,844905.04
E1275,Karla,Frutas,Online,Low,1329,858.93,85.03,1141517.97,113004.87
E1276,Anthony,Domestico,Offline,Critical,750,925.11,103.8,693832.5,77850
E1277,Daniel,Material de oficina,Online,Critical,7453,494.18,239.12,3683123.54,1782161.36
E1278,Billy,Alimento infantil,Online,High,5638,783.24,60.62,4415907.12,341775.56
E1279,Bryan,Cosmeticos,Online,High,3024,920.49,56.42,2783561.76,170614.08
E1280,Chad,Material de oficina,Offline,Medium,4885,970.1,461.64,4738938.5,2255111.4
E1281,Amanda,Verduras,Offline,Critical,948,833.65,384.41,790300.2,364420.68
E1282,Benjamin,Bebida,Online,High,435,627.94,234.22,273153.9,101885.7
E1283,Gregory,Snacks,Online,Low,4050,713.62,331.83,2890161,1343911.5
E1284,George,Snacks,Online,Low,3682,619.95,225.82,2282655.9,831469.24
E1285,Frank,Verduras,Offline,Critical,686,722.56,30.19,495676.16,20710.34
E1286,Joshua,Cuidado personal,Online,Medium,6168,895.03,249.61,5520545.04,1539594.48
E1287,Michael,Domestico,Offline,Low,1296,481.39,310.27,623881.44,402109.92
E1288,Kayla,Bebida,Online,Critical,405,486.02,337.65,196838.1,136748.25
E1289,Christina,Carnes,Online,Critical,9903,521.51,486.32,5164513.53,4816026.96
E1290,Kyle,Verduras,Offline,Low,8178,823.33,326.32,6733192.74,2668644.96
E1291,Jonathan,Cuidado personal,Online,Low,2469,449.53,324.12,1109889.57,800252.28
E1292,Troy,Domestico,Online,Low,4747,644.85,420.98,3061102.95,1998392.06
E1293,Cathy,Carnes,Offline,Critical,7668,675.65,150.76,5180884.2,1156027.68
E1294,Darin,Cereales,Offline,High,2353,908.66,448.92,2138076.98,1056308.76
E1295,Gail,Domestico,Online,High,5746,438.05,409.24,2517035.3,2351493.04
E1296,John,Domestico,Online,Medium,4630,621.69,150.92,2878424.7,698759.6
E1297,Melissa,Material de oficina,Online,Medium,3095,909.22,413.04,2814035.9,1278358.8
E1298,Bobby,Alimento infantil,Offline,Medium,7182,780.91,234.98,5608495.62,1687626.36
E1299,Laura,Cuidado personal,Online,Low,5774,669.09,327.39,3863325.66,1890349.86
E1300,Evan,Material de oficina,Offline,Medium,4840,414.65,481.92,2006906,2332492.8
E1301,Joseph,Carnes,Online,Medium,1160,864.49,35.63,1002808.4,41330.8
E1302,Anthony,Material de oficina,Online,Low,7257,900.49,116.05,6534855.93,842174.85
E1303,William,Verduras,Online,Low,8813,859.42,55.98,7574068.46,493351.74
E1304,Nicholas,Carnes,Online,Medium,9809,896.83,404.33,8797005.47,3966072.97
E1305,Travis,Frutas,Online,Critical,3497,923.77,346.99,3230423.69,1213424.03
E1306,Melanie,Cuidado personal,Online,High,9824,961.39,208.19,9444695.36,2045258.56
E1307,Sabrina,Ropa,Offline,Low,3014,665.85,263.69,2006871.9,794761.66
E1308,Nicholas,Domestico,Offline,Low,8052,954,243.75,7681608,1962675
E1309,Melanie,Ropa,Online,Medium,7217,853.51,59.44,6159781.67,428978.48
E1310,Jeffrey,Ropa,Offline,Critical,3932,909.86,21.7,3577569.52,85324.4
E1311,David,Carnes,Offline,Critical,9617,726.35,149.94,6985307.95,1441972.98
E1312,Mark,Ropa,Offline,Low,9126,817.26,194.21,7458314.76,1772360.46
E1313,Cody,Ropa,Online,High,5327,652.44,148.54,3475547.88,791272.58
E1314,Paula,Material de oficina,Online,High,3135,840.93,301.09,2636315.55,943917.15
E1315,Duane,Verduras,Offline,Medium,3696,453.76,401.39,1677096.96,1483537.44
E1316,Nicholas,Alimento infantil,Online,Low,9202,991.36,443.13,9122494.72,4077682.26
E1317,Jacob,Verduras,Offline,High,1794,991.57,286.37,1778876.58,513747.78
E1318,Kevin,Snacks,Offline,Low,9133,752.12,140.6,6869111.96,1284099.8
E1319,Tina,Bebida,Offline,High,2873,683.05,214.28,1962402.65,615626.44
E1320,Cindy,Material de oficina,Offline,Critical,8476,714.48,144.07,6055932.48,1221137.32
E1321,Courtney,Snacks,Online,Medium,9546,916.17,257.26,8745758.82,2455803.96
E1322,Mark,Cuidado personal,Online,Low,3224,813.49,354.66,2622691.76,1143423.84
E1323,Emma,Cuidado personal,Offline,Medium,6347,908.69,403.92,5767455.43,2563680.24
E1324,Wayne,Material de oficina,Online,Low,3240,548.66,400.36,1777658.4,1297166.4
E1325,Connor,Cuidado personal,Online,High,2826,510.4,8.27,1442390.4,23371.02
E1326,Richard,Verduras,Online,High,7627,960.08,428.59,7322530.16,3268855.93
E1327,Leslie,Domestico,Offline,Low,9099,729.9,277.84,6641360.1,2528066.16
E1328,Sarah,Bebida,Online,High,7087,996.77,173.14,7064108.99,1227043.18
E1329,Frank,Cosmeticos,Offline,Critical,8553,878.06,356.3,7510047.18,3047433.9
E1330,Jessica,Bebida,Online,Low,449,821.97,68.49,369064.53,30752.01
E1331,Taylor,Alimento infantil,Offline,High,7933,792.18,96.01,6284363.94,761647.33
E1332,Tammy,Alimento infantil,Online,Critical,750,865.19,94.54,648892.5,70905
E1333,George,Cereales,Offline,High,4592,989.69,401.64,4544656.48,1844330.88
E1334,Matthew,Snacks,Online,Critical,3059,920.46,175.64,2815687.14,537282.76
E1335,Justin,Domestico,Offline,Medium,3905,633.82,419.38,2475067.1,1637678.9
E1336,Judith,Verduras,Offline,Medium,5871,895.76,245.95,5259006.96,1443972.45
E1337,George,Domestico,Offline,Medium,7581,671.29,36.4,5089049.49,275948.4
E1338,Troy,Alimento infantil,Online,High,3884,847.9,78.15,3293243.6,303534.6
E1339,Judith,Domestico,Offline,High,1395,906.18,153.54,1264121.1,214188.3
E1340,Robert,Verduras,Online,High,8637,854.92,56.11,7383944.04,484622.07
E1341,Samantha,Alimento infantil,Offline,High,9964,691.55,4.34,6890604.2,43243.76
E1342,Kenneth,Snacks,Offline,Medium,6116,855.04,118.43,5229424.64,724317.88
E1343,George,Ropa,Offline,Critical,9583,561.63,390.84,5382100.29,3745419.72
E1344,Matthew,Cuidado personal,Offline,Low,3954,572.6,407.23,2264060.4,1610187.42
E1345,Isaiah,Verduras,Online,Medium,1259,468.15,464.74,589400.85,585107.66
E1346,Larry,Cereales,Offline,Critical,1421,775.13,258.63,1101459.73,367513.23
E1347,Joseph,Verduras,Offline,Medium,7085,955.13,421.01,6767096.05,2982855.85
E1348,Amanda,Snacks,Offline,Medium,9579,492.66,16.47,4719190.14,157766.13
E1349,Allison,Ropa,Online,High,9818,501.25,125.46,4921272.5,1231766.28
E1350,Kiara,Alimento infantil,Offline,Low,3165,407.2,487.95,1288788,1544361.75
E1351,Vicki,Domestico,Offline,Low,1425,977.86,466.95,1393450.5,665403.75
E1352,Michael,Verduras,Online,Critical,3232,793.42,445.53,2564333.44,1439952.96
E1353,Antonio,Snacks,Online,Low,5322,870.17,357.32,4631044.74,1901657.04
E1354,Lindsay,Alimento infantil,Online,High,4186,862.19,154.47,3609127.34,646611.42
E1355,David,Cuidado personal,Offline,Medium,5219,897.84,482.19,4685826.96,2516549.61
E1356,Joshua,Carnes,Online,Medium,7760,805.29,21.89,6249050.4,169866.4
E1357,Thomas,Cereales,Offline,Low,1034,879.19,324.68,909082.46,335719.12
E1358,Antonio,Material de oficina,Online,Low,5771,478.77,412.34,2762981.67,2379614.14
E1359,Danny,Carnes,Online,Medium,212,738.9,289.83,156646.8,61443.96
E1360,Mary,Alimento infantil,Online,Low,7788,839.54,310.63,6538337.52,2419186.44
E1361,Nicholas,Alimento infantil,Online,High,154,473.09,364.35,72855.86,56109.9
E1362,Stephanie,Cereales,Online,Critical,8220,710.17,341.95,5837597.4,2810829
E1363,Jessica,Verduras,Online,Medium,7955,668.09,59.38,5314655.95,472367.9
E1364,Lisa,Alimento infantil,Online,Medium,6243,734.84,411.01,4587606.12,2565935.43
E1365,Melanie,Alimento infantil,Online,Medium,200,928.55,331.85,185710,66370
E1366,Katherine,Alimento infantil,Offline,Critical,9251,625.27,408.86,5784372.77,3782363.86
E1367,Kenneth,Snacks,Online,Low,9137,948.58,111.09,8667175.46,1015029.33
E1368,Alyssa,Domestico,Online,Medium,4974,659.08,331.38,3278263.92,1648284.12
E1369,Donna,Carnes,Offline,Critical,9378,754.98,355.9,7080202.44,3337630.2
E1370,Tony,Verduras,Offline,Low,4729,790.66,173.4,3739031.14,820008.6
E1371,Amanda,Cereales,Online,Critical,9567,762.52,72.63,7295028.84,694851.21
E1372,Elizabeth,Verduras,Offline,Low,6645,557.53,290.99,3704786.85,1933628.55
E1373,Connor,Domestico,Offline,Critical,3341,444.47,394.32,1484974.27,1317423.12
E1374,Jacob,Cereales,Offline,Medium,5777,969.75,86.91,5602245.75,502079.07
E1375,Melanie,Ropa,Online,Critical,7572,794.16,444.96,6013379.52,3369237.12
E1376,Erin,Cuidado personal,Online,High,6291,717.04,431.16,4510898.64,2712427.56
E1377,Brian,Bebida,Offline,High,8366,710.7,441.45,5945716.2,3693170.7
E1378,Jill,Cereales,Offline,Critical,6918,491.03,493.93,3396945.54,3417007.74
E1379,Michael,Alimento infantil,Online,Critical,6892,484.39,236.32,3338415.88,1628717.44
E1380,Robert,Domestico,Offline,Low,2152,628.3,343.55,1352101.6,739319.6
E1381,Jessica,Frutas,Online,Critical,1258,983.64,480.31,1237419.12,604229.98
E1382,David,Cuidado personal,Online,Medium,3994,709.26,21,2832784.44,83874
E1383,Karla,Cereales,Offline,Critical,9059,837.65,436.14,7588271.35,3950992.26
E1384,Thomas,Material de oficina,Online,High,288,408.81,90.21,117737.28,25980.48
E1385,Brenda,Snacks,Online,Medium,5430,815.72,494.08,4429359.6,2682854.4
E1386,Susan,Bebida,Online,Medium,9583,690.36,180.11,6615719.88,1725994.13
E1387,Frank,Carnes,Online,Low,5972,623.58,66.5,3724019.76,397138
E1388,Richard,Cereales,Offline,Low,1295,696.72,84.24,902252.4,109090.8
E1389,Gabriel,Verduras,Offline,Critical,4314,878.46,271.35,3789676.44,1170603.9
E1390,Amy,Cereales,Offline,Medium,9151,849.37,118.28,7772584.87,1082380.28
E1391,Rita,Cuidado personal,Online,High,4678,547.03,359.53,2559006.34,1681881.34
E1392,Thomas,Cosmeticos,Offline,Low,5981,789.91,192.36,4724451.71,1150505.16
E1393,Misty,Cosmeticos,Online,Low,4653,779.75,383.4,3628176.75,1783960.2
E1394,Patricia,Frutas,Online,Medium,2906,615.82,265.04,1789572.92,770206.24
E1395,Wayne,Ropa,Offline,Critical,2768,758.5,264.64,2099528,732523.52
E1396,Marc,Cuidado personal,Offline,High,6174,790.15,146.44,4878386.1,904120.56
E1397,Samantha,Domestico,Online,High,9646,789.65,192.1,7616963.9,1852996.6
E1398,Leslie,Ropa,Offline,Low,5552,648.69,424.8,3601526.88,2358489.6
E1399,Kenneth,Cereales,Online,Medium,5615,505.55,59.15,2838663.25,332127.25
E1400,Sarah,Frutas,Online,High,1751,775.3,424.74,1357550.3,743719.74
E1401,Vicki,Verduras,Offline,High,3313,811.26,432.38,2687704.38,1432474.94
E1402,Ashley,Domestico,Online,Critical,3195,629.61,143.72,2011603.95,459185.4
E1403,Eric,Bebida,Online,High,666,579.75,431.8,386113.5,287578.8
E1404,Duane,Snacks,Offline,Low,5464,483.96,91.49,2644357.44,499901.36
E1405,Anthony,Ropa,Online,Medium,1202,591.14,404.62,710550.28,486353.24
E1406,Melissa,Alimento infantil,Offline,Critical,5851,727.72,412.4,4257889.72,2412952.4
E1407,Randall,Carnes,Online,Low,4919,727.23,448.57,3577244.37,2206515.83
E1408,James,Snacks,Online,High,1677,748.88,307.31,1255871.76,515358.87
E1409,Daniel,Cereales,Online,Critical,9632,875.36,50.71,8431467.52,488438.72
E1410,Thomas,Cuidado personal,Online,High,6874,401,61.77,2756474,424606.98
E1411,Troy,Cosmeticos,Offline,Low,3510,978.76,244.06,3435447.6,856650.6
E1412,Troy,Cuidado personal,Online,Low,5906,728.51,284.3,4302580.06,1679075.8
E1413,Sarah,Alimento infantil,Offline,Low,1897,708.14,395.48,1343341.58,750225.56
E1414,Kimberly,Cuidado personal,Online,Low,1730,857.28,209.94,1483094.4,363196.2
E1415,Amanda,Domestico,Offline,Critical,524,960.65,30.09,503380.6,15767.16
E1416,Amanda,Material de oficina,Offline,Low,9875,856.75,202.04,8460406.25,1995145
E1417,Sean,Frutas,Online,Low,6829,714.65,265.9,4880344.85,1815831.1
E1418,Ryan,Cosmeticos,Offline,Low,8257,454.97,364.1,3756687.29,3006373.7
E1419,Troy,Ropa,Offline,Low,5156,936.63,183.17,4829264.28,944424.52
E1420,Alan,Domestico,Offline,Critical,5713,675.77,358.77,3860674.01,2049653.01
E1421,Dawn,Cosmeticos,Online,Critical,1857,569.12,389.64,1056855.84,723561.48
E1422,Maxwell,Cuidado personal,Offline,High,3874,845.99,92.22,3277365.26,357260.28
E1423,Melinda,Alimento infantil,Offline,Medium,7126,947.54,474.13,6752170.04,3378650.38
E1424,John,Cereales,Offline,Low,3858,522.4,99.23,2015419.2,382829.34
E1425,Kenneth,Material de oficina,Offline,High,6684,639.75,212.93,4276089,1423224.12
E1426,James,Cosmeticos,Offline,Medium,5924,546.45,120.07,3237169.8,711294.68
E1427,Gregory,Snacks,Offline,High,260,982.95,493.68,255567,128356.8
E1428,Katherine,Alimento infantil,Online,Critical,5591,706.29,27.55,3948867.39,154032.05
E1429,Jennifer,Cuidado personal,Offline,High,598,704.05,344.67,421021.9,206112.66
E1430,Andrea,Cosmeticos,Online,High,4225,599.88,449.96,2534493,1901081
E1431,Cory,Ropa,Offline,High,1163,734.45,170.8,854165.35,198640.4
E1432,Amanda,Bebida,Offline,High,8148,702.85,197.57,5726821.8,1609800.36
E1433,Antonio,Material de oficina,Online,Medium,3988,556.38,483.66,2218843.44,1928836.08
E1434,Gina,Ropa,Online,Critical,8236,861.15,100.42,7092431.4,827059.12
E1435,Brenda,Snacks,Online,Critical,2432,525.44,371.25,1277870.08,902880
E1436,Jennifer,Carnes,Online,High,2404,898.76,392.51,2160619.04,943594.04
E1437,Brenda,Material de oficina,Online,Low,3987,480.46,475.66,1915594.02,1896456.42
E1438,Kayla,Ropa,Offline,Low,4373,467.64,466.65,2044989.72,2040660.45
E1439,Katie,Bebida,Online,High,2300,518.84,347.8,1193332,799940
E1440,Gabriel,Cosmeticos,Offline,Low,6978,658.49,175.39,4594943.22,1223871.42
E1441,Pamela,Verduras,Offline,Low,8076,873.38,422.31,7053416.88,3410575.56
E1442,Jennifer,Ropa,Online,Medium,8330,825.79,138.42,6878830.7,1153038.6
E1443,Duane,Alimento infantil,Online,Critical,7736,995.15,44.92,7698480.4,347501.12
E1444,Andrew,Bebida,Offline,Critical,747,911.35,485.31,680778.45,362526.57
E1445,Jennifer,Alimento infantil,Online,Low,3355,527.24,214.31,1768890.2,719010.05
E1446,Nicole,Alimento infantil,Online,Low,2926,734.88,407.01,2150258.88,1190911.26
E1447,Kayla,Carnes,Online,Critical,3646,970.72,389.19,3539245.12,1418986.74
E1448,Nicholas,Alimento infantil,Offline,Medium,9029,864.69,318.22,7807286.01,2873208.38
E1449,Alexis,Ropa,Offline,High,1935,443.52,157.67,858211.2,305091.45
E1450,Teresa,Verduras,Online,Medium,2392,751.82,448.77,1798353.44,1073457.84
E1451,Sean,Cosmeticos,Online,Medium,8553,809.69,191.41,6925278.57,1637129.73
E1452,Donald,Cuidado personal,Offline,Low,1413,702.08,208.43,992039.04,294511.59
E1453,Jacob,Ropa,Offline,Critical,7331,879.82,233.94,6449960.42,1715014.14
E1454,Jennifer,Domestico,Online,Medium,1134,539.53,386.85,611827.02,438687.9
E1455,Jessica,Frutas,Offline,Medium,8723,934.25,466.25,8149462.75,4067098.75
E1456,Thomas,Domestico,Online,Critical,9442,818.36,366.29,7726955.12,3458510.18
E1457,Danny,Ropa,Online,High,3869,427.95,127.92,1655738.55,494922.48
E1458,Evan,Verduras,Offline,High,5888,754.17,307.4,4440552.96,1809971.2
E1459,Joseph,Frutas,Online,High,5133,680.92,469.02,3495162.36,2407479.66
E1460,Bruce,Material de oficina,Offline,Medium,7360,980.17,139.75,7214051.2,1028560
E1461,Jacqueline,Bebida,Offline,Critical,5345,597.34,357.43,3192782.3,1910463.35
E1462,Joseph,Ropa,Offline,Low,2377,862.04,153.2,2049069.08,364156.4
E1463,Andrea,Domestico,Online,Medium,2066,707.06,9.66,1460785.96,19957.56
E1464,Donald,Cereales,Offline,Low,1256,871.47,467.34,1094566.32,586979.04
E1465,Jaime,Bebida,Offline,Medium,2741,505.77,417.86,1386315.57,1145354.26
E1466,Daniel,Material de oficina,Offline,Low,7329,732.64,418.61,5369518.56,3067992.69
E1467,Nicholas,Snacks,Offline,Medium,5296,733.13,55.76,3882656.48,295304.96
E1468,Alicia,Ropa,Offline,High,9624,975.5,380.26,9388212,3659622.24
E1469,Nancy,Snacks,Online,Low,7032,439.36,481.66,3089579.52,3387033.12
E1470,Christina,Carnes,Online,Critical,4100,714.84,132.28,2930844,542348
E1471,Rebekah,Snacks,Online,Critical,8259,847.38,224.23,6998511.42,1851915.57
E1472,Julie,Cosmeticos,Offline,Low,3662,567.28,136.34,2077379.36,499277.08
E1473,Sydney,Carnes,Online,High,1252,499.51,366.1,625386.52,458357.2
E1474,Tammy,Material de oficina,Offline,Low,1536,454.81,9.6,698588.16,14745.6
E1475,Colin,Carnes,Offline,High,5110,971.25,237.88,4963087.5,1215566.8
E1476,Kathy,Ropa,Offline,Low,3472,933.54,254.31,3241250.88,882964.32
E1477,Richard,Cuidado personal,Online,High,4009,462.77,89.97,1855244.93,360689.73
E1478,Jose,Bebida,Offline,Critical,1822,495.53,479.46,902855.66,873576.12
E1479,Brenda,Frutas,Offline,Medium,364,631.48,74.49,229858.72,27114.36
E1480,Michael,Domestico,Online,Low,8866,770.85,423.69,6834356.1,3756435.54
E1481,Daniel,Alimento infantil,Offline,Medium,8355,664.02,470.83,5547887.1,3933784.65
E1482,Lisa,Alimento infantil,Offline,Medium,6698,632.2,342.87,4234475.6,2296543.26
E1483,Jessica,Frutas,Online,High,2753,530.1,345.21,1459365.3,950363.13
E1484,Cathy,Snacks,Offline,High,4044,478.56,112.38,1935296.64,454464.72
E1485,Joshua,Snacks,Online,Low,982,527.29,214.32,517798.78,210462.24
E1486,Joshua,Verduras,Offline,Low,7177,479.63,385.53,3442304.51,2766948.81
E1487,Morgan,Carnes,Offline,Low,5577,693.1,83.05,3865418.7,463169.85
E1488,Sydney,Snacks,Online,Medium,9626,467.88,365.43,4503812.88,3517629.18
E1489,George,Verduras,Offline,Critical,4350,871.14,435.59,3789459,1894816.5
E1490,Tracey,Ropa,Offline,Medium,531,410.16,105.33,217794.96,55930.23
E1491,John,Frutas,Offline,Critical,538,506.46,118.42,272475.48,63709.96
E1492,Amanda,Verduras,Online,Critical,3948,546.45,165.42,2157384.6,653078.16
E1493,David,Ropa,Online,High,8825,484.19,58.69,4272976.75,517939.25
E1494,Morgan,Carnes,Offline,Medium,1665,912.75,138.7,1519728.75,230935.5
E1495,James,Domestico,Online,Critical,8446,715,235.89,6038890,1992326.94
E1496,Adam,Carnes,Offline,High,406,730.29,203.03,296497.74,82430.18
E1497,Sean,Carnes,Offline,Medium,4088,922.86,231.45,3772651.68,946167.6
E1498,Amanda,Verduras,Offline,Medium,6940,719.3,499.61,4991942,3467293.4
E1499,Dean,Cereales,Online,Critical,4979,766.01,499.35,3813963.79,2486263.65
E1500,Sarah,Cosmeticos,Offline,High,9064,499.89,219.11,4531002.96,1986013.04
E1501,Daniel,Ropa,Offline,Medium,6198,648.29,22.11,4018101.42,137037.78
E1502,Daniel,Ropa,Online,Medium,1618,414.56,326.09,670758.08,527613.62
E1503,Jessica,Verduras,Online,Medium,713,556.77,18.83,396977.01,13425.79
E1504,Valerie,Cereales,Online,Low,829,628.25,443.71,520819.25,367835.59
E1505,Douglas,Carnes,Online,Low,2213,478.04,299.63,1057902.52,663081.19
E1506,George,Domestico,Offline,High,1209,671.66,426.37,812036.94,515481.33
E1507,Sean,Cereales,Offline,High,8305,925.21,62.17,7683869.05,516321.85
E1508,Robert,Alimento infantil,Online,High,2607,453.57,448.71,1182456.99,1169786.97
E1509,Courtney,Alimento infantil,Offline,Critical,5089,932.03,82.18,4743100.67,418214.02
E1510,Jeffrey,Cuidado personal,Online,Medium,1341,461.65,366.13,619072.65,490980.33
E1511,Johnathan,Ropa,Offline,Low,4242,744.3,250.29,3157320.6,1061730.18
E1512,Andrew,Carnes,Offline,High,488,534.92,376.33,261040.96,183649.04
E1513,John,Ropa,Online,High,9012,959.58,311.95,8647734.96,2811293.4
E1514,Nicholas,Cuidado personal,Offline,Critical,1529,411.14,313.12,628633.06,478760.48
E1515,Cindy,Alimento infantil,Online,Medium,7435,938.42,103.85,6977152.7,772124.75
E1516,Jacob,Cosmeticos,Offline,Medium,846,441.6,151.39,373593.6,128075.94
E1517,Susan,Domestico,Online,Medium,2307,760.58,332.69,1754658.06,767515.83
E1518,Edward,Ropa,Offline,Low,8583,902.51,43.54,7746243.33,373703.82
E1519,Robert,Bebida,Online,Critical,4389,853.88,28.99,3747679.32,127237.11
E1520,David,Alimento infantil,Offline,Medium,7024,438.6,197.99,3080726.4,1390681.76
E1521,Billy,Cereales,Offline,Low,1126,637.78,294.83,718140.28,331978.58
E1522,David,Carnes,Online,Medium,7056,781.7,337.87,5515675.2,2384010.72
E1523,Brett,Alimento infantil,Online,High,9113,493.5,481.93,4497265.5,4391828.09
E1524,Christina,Snacks,Offline,High,7810,725.39,447.79,5665295.9,3497239.9
E1525,Sabrina,Cosmeticos,Online,Medium,8831,410.78,44.01,3627598.18,388652.31
E1526,Joshua,Cosmeticos,Online,Critical,7400,528.98,160.7,3914452,1189180
E1527,Valerie,Bebida,Offline,Critical,3238,668.82,349.96,2165639.16,1133170.48
E1528,Tiffany,Snacks,Online,Medium,3110,419.16,317.05,1303587.6,986025.5
E1529,Elizabeth,Alimento infantil,Offline,Low,1152,417.91,338.36,481432.32,389790.72
E1530,Robert,Alimento infantil,Online,Low,4712,738.85,24.87,3481461.2,117187.44
E1531,Jessica,Cereales,Online,Medium,9404,931.52,10.41,8760014.08,97895.64
E1532,Kyle,Cuidado personal,Online,High,9503,931.71,240.98,8854040.13,2290032.94
E1533,Daniel,Carnes,Online,Critical,7935,454.49,249.64,3606378.15,1980893.4
E1534,Emily,Cuidado personal,Online,High,276,757.46,169.89,209058.96,46889.64
E1535,Bruce,Frutas,Offline,Critical,3534,402.93,164.92,1423954.62,582827.28
E1536,Zachary,Verduras,Online,Medium,2203,918.48,473.52,2023411.44,1043164.56
E1537,William,Cosmeticos,Offline,Critical,437,852.58,106.78,372577.46,46662.86
E1538,Sabrina,Cereales,Online,Medium,4689,632.51,254.97,2965839.39,1195554.33
E1539,John,Ropa,Offline,Medium,3175,632.12,381.4,2006981,1210945
E1540,Karen,Cuidado personal,Online,High,5201,918.32,367.96,4776182.32,1913759.96
E1541,Michael,Carnes,Online,Low,8219,541.5,276.23,4450588.5,2270334.37
E1542,Emily,Cereales,Online,Low,4291,641.39,468.92,2752204.49,2012135.72
E1543,Thomas,Material de oficina,Online,Low,3590,960.47,246.11,3448087.3,883534.9
E1544,Maxwell,Cosmeticos,Online,Low,3457,696.7,332.98,2408491.9,1151111.86
E1545,Lisa,Frutas,Online,Critical,5126,935.8,269.21,4796910.8,1379970.46
E1546,Kathy,Verduras,Offline,High,5104,493.87,138.03,2520712.48,704505.12
E1547,Stacy,Ropa,Offline,Critical,2225,779.03,194.69,1733341.75,433185.25
E1548,Kim,Carnes,Offline,Medium,1811,569.12,466.48,1030676.32,844795.28
E1549,Jennifer,Cuidado personal,Offline,Critical,810,429.09,160.52,347562.9,130021.2
E1550,Daniel,Domestico,Online,Critical,6839,827.09,53.6,5656468.51,366570.4
E1551,Kaitlin,Alimento infantil,Offline,Critical,6018,972.6,99.82,5853106.8,600716.76
E1552,Gregory,Carnes,Online,Low,1186,404.31,271.3,479511.66,321761.8
E1553,Kenneth,Snacks,Offline,High,837,840.76,123.03,703716.12,102976.11
E1554,Kevin,Carnes,Offline,Critical,440,936.73,184.07,412161.2,80990.8
E1555,Jeff,Carnes,Offline,Medium,4920,813.25,494,4001190,2430480
E1556,Ashley,Verduras,Online,High,6573,931.56,338.49,6123143.88,2224894.77
E1557,Hunter,Domestico,Online,Critical,131,610.15,426.45,79929.65,55864.95
E1558,Rita,Alimento infantil,Offline,Medium,1175,544.35,275.03,639611.25,323160.25
E1559,Kim,Cuidado personal,Online,Critical,296,523.88,155.04,155068.48,45891.84
E1560,Amanda,Snacks,Offline,Critical,4888,416.31,308.45,2034923.28,1507703.6
E1561,Leah,Cuidado personal,Online,Medium,1910,971.88,81.26,1856290.8,155206.6
E1562,Bianca,Cereales,Offline,High,3364,825.44,202.07,2776780.16,679763.48
E1563,Sara,Ropa,Online,Low,2098,652.31,140.63,1368546.38,295041.74
E1564,Randall,Ropa,Offline,Low,3940,594.95,162.27,2344103,639343.8
E1565,Michael,Snacks,Offline,Low,5608,440.87,23.92,2472398.96,134143.36
E1566,Amber,Snacks,Offline,High,6102,587.07,235.5,3582301.14,1437021
E1567,Jesse,Ropa,Online,Critical,5571,899.29,405.15,5009944.59,2257090.65
E1568,Brian,Cosmeticos,Offline,Critical,7558,562.99,480.86,4255078.42,3634339.88
E1569,Holly,Alimento infantil,Offline,Low,9458,962.08,224.95,9099352.64,2127577.1
E1570,Charles,Cereales,Online,Critical,5071,690.72,115.04,3502641.12,583367.84
E1571,Mark,Domestico,Offline,Low,2281,421.26,435.35,960894.06,993033.35
E1572,Michael,Bebida,Offline,Critical,875,935.72,330.89,818755,289528.75
E1573,Amanda,Cosmeticos,Online,Critical,7839,798.66,34.32,6260695.74,269034.48
E1574,Mark,Verduras,Offline,Low,2504,885.27,211.7,2216716.08,530096.8
E1575,George,Snacks,Offline,Medium,2195,967.62,97.1,2123925.9,213134.5
E1576,Andre,Material de oficina,Offline,Low,3901,460.2,23.07,1795240.2,89996.07
E1577,David,Domestico,Online,Medium,9877,532.58,147.96,5260292.66,1461400.92
E1578,Robert,Cuidado personal,Offline,High,5954,475.22,362.42,2829459.88,2157848.68
E1579,Jill,Cuidado personal,Offline,Medium,7034,754.42,282.92,5306590.28,1990059.28
E1580,Brenda,Cosmeticos,Online,Low,7706,665.43,42.38,5127803.58,326580.28
E1581,Laura,Cosmeticos,Offline,Critical,2237,433.01,237.02,968643.37,530213.74
E1582,Kayla,Domestico,Offline,Low,1494,918.01,117.24,1371506.94,175156.56
E1583,Eric,Carnes,Online,Critical,8113,751.31,313.88,6095378.03,2546508.44
E1584,Walter,Material de oficina,Offline,High,6289,961.19,267.47,6044923.91,1682118.83
E1585,Nicole,Frutas,Online,Low,1357,874.94,439.33,1187293.58,596170.81
E1586,Alisha,Snacks,Offline,High,8664,575.76,83.35,4988384.64,722144.4
E1587,Kristen,Cosmeticos,Online,High,9928,400.07,324.36,3971894.96,3220246.08
E1588,Jeffrey,Domestico,Online,Critical,9263,585.33,234.47,5421911.79,2171895.61
E1589,Christina,Cuidado personal,Offline,Medium,9636,782,209.78,7535352,2021440.08
E1590,Amanda,Carnes,Offline,Medium,9181,520.72,387.52,4780730.32,3557821.12
E1591,Joseph,Verduras,Offline,High,8239,739.67,363.92,6094141.13,2998336.88
E1592,Larry,Material de oficina,Offline,High,9172,807.48,303.13,7406206.56,2780308.36
E1593,Craig,Bebida,Online,Critical,7537,648.51,307.46,4887819.87,2317326.02
E1594,Kevin,Bebida,Online,Low,8146,543.08,1.13,4423929.68,9204.98
E1595,Zachary,Ropa,Online,Critical,7038,737.52,347.9,5190665.76,2448520.2
E1596,Julie,Alimento infantil,Offline,Critical,7900,533.16,151.04,4211964,1193216
E1597,Melissa,Cosmeticos,Online,High,7275,629.95,253.21,4582886.25,1842102.75
E1598,Valerie,Snacks,Online,High,6179,795.9,308.5,4917866.1,1906221.5
E1599,Timothy,Ropa,Offline,Critical,1141,709.97,194.72,810075.77,222175.52
E1600,Jacob,Ropa,Online,High,3667,970.66,305.75,3559410.22,1121185.25
E1601,Cindy,Carnes,Online,Low,8293,687.83,180.35,5704174.19,1495642.55
E1602,Jaime,Bebida,Online,Medium,7970,520.17,202.06,4145754.9,1610418.2
E1603,Melissa,Material de oficina,Online,Medium,7713,762.4,420.55,5880391.2,3243702.15
E1604,Darryl,Bebida,Offline,Critical,1352,752.24,43.39,1017028.48,58663.28
E1605,Thomas,Carnes,Online,Medium,2210,923.28,368.77,2040448.8,814981.7
E1606,Julie,Cuidado personal,Online,High,3591,411.64,278.51,1478199.24,1000129.41
E1607,Melanie,Alimento infantil,Offline,High,8898,406.99,275.78,3621397.02,2453890.44
E1608,Brett,Ropa,Online,Medium,1476,876.45,65.7,1293640.2,96973.2
E1609,Crystal,Frutas,Offline,Critical,8833,578.77,44.39,5112275.41,392096.87
E1610,Joseph,Cereales,Online,Critical,9500,634.72,9.68,6029840,91960
E1611,David,Material de oficina,Offline,Medium,3757,808.32,240.93,3036858.24,905174.01
E1612,Sonya,Snacks,Offline,High,7578,692.4,251.83,5247007.2,1908367.74
E1613,Laura,Cosmeticos,Offline,Critical,2733,426.24,152.81,1164913.92,417629.73
E1614,Erin,Ropa,Offline,Low,783,827.31,181.16,647783.73,141848.28
E1615,Samantha,Frutas,Offline,Low,4650,657.88,404.64,3059142,1881576
E1616,Tammy,Alimento infantil,Offline,Low,8401,544.46,12.16,4574008.46,102156.16
E1617,Daniel,Domestico,Online,Critical,7907,472.64,247.03,3737164.48,1953266.21
E1618,Kevin,Cosmeticos,Offline,Critical,3783,634.41,112.38,2399973.03,425133.54
E1619,John,Carnes,Offline,Medium,736,403.26,99.9,296799.36,73526.4
E1620,Kenneth,Ropa,Online,Critical,4604,897.39,189.33,4131583.56,871675.32
E1621,Angela,Domestico,Offline,Medium,6018,410.66,57.33,2471351.88,345011.94
E1622,Wayne,Bebida,Online,Medium,2015,745.95,131.66,1503089.25,265294.9
E1623,Vicki,Cuidado personal,Online,High,9716,860.35,432.56,8359160.6,4202752.96
E1624,Julie,Carnes,Online,Critical,4243,941.51,472.24,3994826.93,2003714.32
E1625,Jeffrey,Ropa,Online,Critical,5327,621.73,251.3,3311955.71,1338675.1
E1626,Stephanie,Cuidado personal,Online,Low,5696,904.44,296.28,5151690.24,1687610.88
E1627,Chad,Domestico,Online,Low,8313,706.01,494.26,5869061.13,4108783.38
E1628,Melanie,Frutas,Offline,High,6815,804.64,48.13,5483621.6,328005.95
E1629,George,Cereales,Offline,High,8452,830.42,343.34,7018709.84,2901909.68
E1630,Kaitlyn,Snacks,Online,High,1484,573.98,60.92,851786.32,90405.28
E1631,Jacqueline,Frutas,Offline,High,7575,915.35,237.96,6933776.25,1802547
E1632,Whitney,Snacks,Offline,High,3759,572.26,323.75,2151125.34,1216976.25
E1633,Julian,Domestico,Online,High,4696,496.64,273.19,2332221.44,1282900.24
E1634,Kenneth,Verduras,Offline,Medium,1959,458.51,109.76,898221.09,215019.84
E1635,Michael,Frutas,Offline,Critical,8923,463.22,450.79,4133312.06,4022399.17
E1636,Matthew,Cuidado personal,Offline,Critical,9201,786.72,330.13,7238610.72,3037526.13
E1637,Angela,Cosmeticos,Online,Medium,601,758.09,399.49,455612.09,240093.49
E1638,Allison,Carnes,Online,High,8269,484.13,479.74,4003270.97,3966970.06
E1639,Brenda,Material de oficina,Offline,High,9582,501.34,468.21,4803839.88,4486388.22
E1640,Richard,Ropa,Offline,High,6698,456.86,334.08,3060048.28,2237667.84
E1641,Vicki,Alimento infantil,Offline,High,5206,985.55,85.62,5130773.3,445737.72
E1642,Cory,Cuidado personal,Offline,Critical,756,462.99,15.3,350020.44,11566.8
E1643,Chad,Material de oficina,Online,Medium,4162,712.86,404.8,2966923.32,1684777.6
E1644,Melanie,Cuidado personal,Offline,Low,1852,957.86,384.14,1773956.72,711427.28
E1645,Jose,Snacks,Offline,High,5798,404.17,445.54,2343377.66,2583240.92
E1646,Emily,Snacks,Offline,Critical,8037,845.73,287.12,6797132.01,2307583.44
E1647,Thomas,Bebida,Offline,Critical,5326,905,77.43,4820030,412392.18
E1648,Veronica,Snacks,Online,Critical,8455,467.14,387.11,3949668.7,3273015.05
E1649,Lisa,Bebida,Online,Critical,5530,691.48,264.83,3823884.4,1464509.9
E1650,Matthew,Domestico,Online,Critical,3257,609.09,121.06,1983806.13,394292.42
E1651,Bryan,Snacks,Offline,High,9418,673.41,6.41,6342175.38,60369.38
E1652,Katie,Cosmeticos,Online,Medium,1837,605.78,400.08,1112817.86,734946.96
E1653,Keith,Carnes,Offline,Medium,8936,950.57,175.5,8494293.52,1568268
E1654,Carla,Frutas,Offline,High,5429,845.04,30.47,4587722.16,165421.63
E1655,Tami,Ropa,Offline,High,4006,954.07,351.72,3822004.42,1408990.32
E1656,Christina,Ropa,Online,Critical,6511,633.54,276.34,4124978.94,1799249.74
E1657,Christina,Material de oficina,Offline,High,2397,941.26,230.55,2256200.22,552628.35
E1658,Pamela,Cuidado personal,Offline,High,640,683.42,203.45,437388.8,130208
E1659,Jessica,Ropa,Offline,High,6026,612.24,492.93,3689358.24,2970396.18
E1660,Kyle,Material de oficina,Online,Medium,4669,412.52,123.56,1926055.88,576901.64
E1661,James,Cereales,Online,High,5108,640.34,372.5,3270856.72,1902730
E1662,Christopher,Domestico,Offline,Low,9945,930.35,308.94,9252330.75,3072408.3
E1663,Timothy,Verduras,Online,Critical,3232,787.85,359.8,2546331.2,1162873.6
E1664,Bryan,Frutas,Online,High,3959,796.46,431.28,3153185.14,1707437.52
E1665,Michael,Carnes,Offline,High,9660,803.51,253.97,7761906.6,2453350.2
E1666,John,Snacks,Offline,High,3093,943.58,174.65,2918492.94,540192.45
E1667,Jacqueline,Domestico,Online,Medium,7440,775.75,117.02,5771580,870628.8
E1668,Isaiah,Cereales,Online,Medium,1429,569.98,490.53,814501.42,700967.37
E1669,Katherine,Cuidado personal,Offline,Low,9333,517.57,457.49,4830480.81,4269754.17
E1670,Troy,Ropa,Online,Medium,5280,761.85,120.76,4022568,637612.8
E1671,Jill,Snacks,Offline,Medium,4223,658.34,43.64,2780169.82,184291.72
E1672,Connor,Cuidado personal,Offline,High,609,654.56,304.38,398627.04,185367.42
E1673,Vicki,Verduras,Offline,High,6826,926.98,377.26,6327565.48,2575176.76
E1674,Sean,Snacks,Offline,Medium,3833,921.37,94.03,3531611.21,360416.99
E1675,Katherine,Frutas,Online,High,8563,734.3,362.65,6287810.9,3105371.95
E1676,Joseph,Domestico,Online,Low,5244,854.42,82.63,4480578.48,433311.72
E1677,Connor,Ropa,Offline,Medium,6989,698.92,226.93,4884751.88,1586013.77
E1678,Kyle,Cereales,Online,Medium,7572,973.13,470.42,7368540.36,3562020.24
E1679,Charles,Snacks,Offline,Low,238,406.08,454.13,96647.04,108082.94
E1680,Kayla,Cereales,Offline,Low,2398,932.07,253.53,2235103.86,607964.94
E1681,Troy,Ropa,Online,Critical,993,554,105.64,550122,104900.52
E1682,Alyssa,Snacks,Offline,High,7771,980.93,24.49,7622807.03,190311.79
E1683,Dylan,Alimento infantil,Offline,Medium,1323,732.87,291.89,969587.01,386170.47
E1684,Alyssa,Carnes,Online,Low,5918,691.22,343.11,4090639.96,2030524.98
E1685,Courtney,Cuidado personal,Offline,Low,3331,932.97,405.19,3107723.07,1349687.89
E1686,Robert,Verduras,Offline,High,7614,896.21,69.71,6823742.94,530771.94
E1687,Melissa,Cereales,Offline,Medium,9257,629.69,478.7,5829040.33,4431325.9
E1688,Emily,Verduras,Online,High,4672,803.5,40.42,3753952,188842.24
E1689,Jessica,Carnes,Offline,Critical,3145,536.26,278.9,1686537.7,877140.5
E1690,Amy,Carnes,Offline,Medium,1003,692.24,193.67,694316.72,194251.01
E1691,Colin,Carnes,Online,High,5774,850.5,237.44,4910787,1370978.56
E1692,Whitney,Cuidado personal,Online,Low,5982,452.94,449.4,2709487.08,2688310.8
E1693,Ryan,Verduras,Offline,Low,5805,574.59,246.05,3335494.95,1428320.25
E1694,Jose,Verduras,Offline,Low,5614,485.45,333.07,2725316.3,1869854.98
E1695,Daniel,Frutas,Offline,High,3688,977.33,60.48,3604393.04,223050.24
E1696,Katie,Carnes,Offline,Medium,5336,915.43,113.73,4884734.48,606863.28
E1697,Lisa,Frutas,Offline,Medium,4474,680.94,22.69,3046525.56,101515.06
E1698,Amanda,Cosmeticos,Online,High,4727,811.05,27.58,3833833.35,130370.66
E1699,Julie,Bebida,Offline,Low,690,748.64,458.29,516561.6,316220.1
E1700,Dawn,Domestico,Offline,High,7475,662.27,435.99,4950468.25,3259025.25
E1701,Michael,Ropa,Online,Medium,8556,576.97,218.94,4936555.32,1873250.64
E1702,Lori,Cosmeticos,Offline,Low,9823,530.51,249.55,5211199.73,2451329.65
E1703,Brenda,Bebida,Offline,Critical,6869,917.31,160.35,6301002.39,1101444.15
E1704,Jennifer,Carnes,Offline,Medium,7571,617.63,378.67,4676076.73,2866910.57
E1705,Chad,Ropa,Offline,High,7767,620.55,131.59,4819811.85,1022059.53
E1706,Carla,Verduras,Offline,Low,8346,409.18,237.39,3415016.28,1981256.94
E1707,Emily,Material de oficina,Online,Low,8711,735.4,307.06,6406069.4,2674799.66
E1708,Michael,Cereales,Online,Medium,8915,430.5,251.48,3837907.5,2241944.2
E1709,Melissa,Bebida,Online,Medium,9730,486.94,319.78,4737926.2,3111459.4
E1710,Justin,Frutas,Online,Critical,2799,769.71,3.88,2154418.29,10860.12
E1711,Kenneth,Snacks,Online,Medium,2318,411.06,396.41,952837.08,918878.38
E1712,Andrew,Verduras,Offline,Low,1834,655.49,15.11,1202168.66,27711.74
E1713,Sara,Cereales,Online,Low,612,749.06,8.67,458424.72,5306.04
E1714,Cody,Bebida,Online,High,734,582.7,413.26,427701.8,303332.84
E1715,Jennifer,Carnes,Online,Medium,7563,517.28,114.6,3912188.64,866719.8
E1716,Jessica,Carnes,Online,High,2391,588.77,30.43,1407749.07,72758.13
E1717,Brandi,Alimento infantil,Online,Critical,249,945.85,419.25,235516.65,104393.25
E1718,Kenneth,Cereales,Offline,Low,4642,552.31,319.45,2563823.02,1482886.9
E1719,Timothy,Cosmeticos,Online,Low,454,886.06,361,402271.24,163894
E1720,Dean,Cereales,Online,Medium,5184,812.07,138.87,4209770.88,719902.08
E1721,Stacy,Domestico,Offline,Critical,8201,755.51,274.23,6195937.51,2248960.23
E1722,Joseph,Bebida,Offline,Medium,1214,521.67,10.2,633307.38,12382.8
E1723,Natasha,Material de oficina,Online,Low,2144,776.88,457.94,1665630.72,981823.36
E1724,Mark,Cereales,Offline,Medium,2947,422.77,40.76,1245903.19,120119.72
E1725,Julian,Cuidado personal,Online,High,4934,869.21,363.59,4288682.14,1793953.06
E1726,Cathy,Frutas,Online,High,6695,414.86,448.72,2777487.7,3004180.4
E1727,Nicole,Verduras,Offline,Low,1830,711.9,417.5,1302777,764025
E1728,Julie,Snacks,Online,Medium,7367,495.53,385.63,3650569.51,2840936.21
E1729,Larry,Cereales,Offline,High,6113,593.72,285.79,3629410.36,1747034.27
E1730,Sean,Carnes,Online,Medium,8157,786.34,55.36,6414175.38,451571.52
E1731,Kimberly,Ropa,Online,Low,8905,469.74,330.59,4183034.7,2943903.95
E1732,Michael,Verduras,Offline,Medium,355,825.15,279.73,292928.25,99304.15
E1733,Crystal,Cosmeticos,Offline,Low,4679,798.34,363.55,3735432.86,1701050.45
E1734,Courtney,Cereales,Online,Low,1652,664.73,39.93,1098133.96,65964.36
E1735,Kayla,Snacks,Online,Medium,476,490.37,75.85,233416.12,36104.6
E1736,Brenda,Cuidado personal,Offline,High,5189,518.67,384.16,2691378.63,1993406.24
E1737,Tiffany,Carnes,Online,Medium,9143,403.61,469.58,3690206.23,4293369.94
E1738,Patricia,Snacks,Offline,High,7104,577.07,134.02,4099505.28,952078.08
E1739,Ryan,Snacks,Online,Low,6798,694.7,125.65,4722570.6,854168.7
E1740,Joseph,Cereales,Offline,High,8021,869.83,224.7,6976906.43,1802318.7
E1741,Melissa,Carnes,Online,Medium,1440,407.64,210.83,587001.6,303595.2
E1742,Joshua,Domestico,Online,High,8649,503.9,145.21,4358231.1,1255921.29
E1743,Daniel,Ropa,Online,High,6955,501.71,189.33,3489393.05,1316790.15
E1744,Lori,Verduras,Online,Medium,4312,593.48,259.34,2559085.76,1118274.08
E1745,Brett,Alimento infantil,Online,High,4579,948.54,459.94,4343364.66,2106065.26
E1746,Chad,Cosmeticos,Online,Low,2540,795.78,441.05,2021281.2,1120267
E1747,Zachary,Domestico,Online,Low,7200,448.08,155.82,3226176,1121904
E1748,Danny,Cuidado personal,Online,High,2165,552.51,280.88,1196184.15,608105.2
E1749,Amanda,Domestico,Online,Medium,4889,455.89,444.85,2228846.21,2174871.65
E1750,James,Cereales,Online,Critical,5025,652.34,187.28,3278008.5,941082
E1751,Sabrina,Frutas,Online,Medium,8252,995.38,344.45,8213875.76,2842401.4
E1752,Craig,Cereales,Online,Low,1071,727.05,273.12,778670.55,292511.52
E1753,Katherine,Ropa,Offline,Critical,4339,943.58,414.45,4094193.62,1798298.55
E1754,Daniel,Alimento infantil,Offline,High,9323,607.51,103.97,5663815.73,969312.31
E1755,Michael,Material de oficina,Offline,Low,9088,954.74,199.19,8676677.12,1810238.72
E1756,Natasha,Cuidado personal,Offline,Low,6889,694.58,164.82,4784961.62,1135444.98
E1757,Melissa,Cosmeticos,Offline,High,7800,559.28,380.33,4362384,2966574
E1758,Nicole,Frutas,Offline,High,1446,418.92,155.47,605758.32,224809.62
E1759,Kevin,Cereales,Online,Medium,1983,632.63,442.1,1254505.29,876684.3
E1760,Eric,Verduras,Online,Medium,356,985.5,465.31,350838,165650.36
E1761,Joshua,Domestico,Online,High,2024,669.03,315.14,1354116.72,637843.36
E1762,Willie,Snacks,Online,Medium,8326,421.67,295.69,3510824.42,2461914.94
E1763,Jacqueline,Verduras,Online,Low,7688,862.04,146.46,6627363.52,1125984.48
E1764,Susan,Cereales,Offline,Medium,7738,560.63,231.23,4338154.94,1789257.74
E1765,Laurie,Domestico,Online,Low,325,498.67,497.74,162067.75,161765.5
E1766,Nicholas,Cuidado personal,Offline,High,3883,468.05,60.23,1817438.15,233873.09
E1767,Nicholas,Verduras,Online,Critical,4068,512.57,93.38,2085134.76,379869.84
E1768,Jessica,Carnes,Offline,Low,2672,522.3,336.98,1395585.6,900410.56
E1769,Michael,Ropa,Online,Critical,5446,852.33,377.19,4641789.18,2054176.74
E1770,Kimberly,Alimento infantil,Online,Low,7689,765.98,432.99,5889620.22,3329260.11
E1771,Thomas,Bebida,Online,High,870,643.26,394.39,559636.2,343119.3
E1772,Larry,Cosmeticos,Offline,Medium,4773,777.72,112.17,3712057.56,535387.41
E1773,Lori,Snacks,Offline,Low,4912,461.89,261.56,2268803.68,1284782.72
E1774,Andrea,Material de oficina,Offline,High,3772,855.74,66.52,3227851.28,250913.44
E1775,Chad,Frutas,Online,Critical,577,974.78,373.19,562448.06,215330.63
E1776,Michael,Frutas,Offline,Low,7695,932.69,174.42,7177049.55,1342161.9
E1777,Stephen,Carnes,Online,Critical,4102,725.36,61.52,2975426.72,252355.04
E1778,Tabitha,Material de oficina,Online,Medium,2305,880.01,235.58,2028423.05,543011.9
E1779,Michael,Carnes,Offline,High,5145,653.55,317.89,3362514.75,1635544.05
E1780,Michael,Verduras,Online,Critical,6263,795.91,389.62,4984784.33,2440190.06
E1781,Jennifer,Bebida,Offline,Critical,7032,612.02,189.92,4303724.64,1335517.44
E1782,Sarah,Material de oficina,Offline,Low,8785,970.38,443.57,8524788.3,3896762.45
E1783,Carla,Material de oficina,Online,High,9378,481.83,68.67,4518601.74,643987.26
E1784,Judith,Frutas,Offline,Low,8011,436.48,202.18,3496641.28,1619663.98
E1785,Alexander,Cuidado personal,Online,Critical,4300,903.6,342.07,3885480,1470901
E1786,Annette,Ropa,Offline,Critical,9942,629.28,290.56,6256301.76,2888747.52
E1787,Nicole,Ropa,Online,High,1080,631.49,193.13,682009.2,208580.4
E1788,Timothy,Frutas,Offline,Critical,3602,831.79,423.06,2996107.58,1523862.12
E1789,Cory,Alimento infantil,Offline,Low,1034,901.19,422.11,931830.46,436461.74
E1790,Hunter,Snacks,Online,High,4372,998.98,436.28,4367540.56,1907416.16
E1791,Isaiah,Frutas,Online,Low,3828,625.24,364.62,2393418.72,1395765.36
E1792,Jonathan,Carnes,Online,High,8511,677.66,489.06,5767564.26,4162389.66
E1793,Johnathan,Cereales,Offline,Low,1756,889.14,434.78,1561329.84,763473.68
E1794,Emma,Ropa,Offline,Critical,7702,629.07,337.35,4845097.14,2598269.7
E1795,Tiffany,Cuidado personal,Online,Low,7346,598.21,337.86,4394450.66,2481919.56
E1796,Kim,Cuidado personal,Online,High,9845,428.59,251.68,4219468.55,2477789.6
E1797,Daniel,Cereales,Offline,Critical,8295,556.63,317.4,4617245.85,2632833
E1798,Jared,Cereales,Offline,Critical,9764,611.44,348.32,5970100.16,3400996.48
E1799,Rita,Ropa,Offline,Medium,9494,846.06,189.04,8032493.64,1794745.76
E1800,Eric,Snacks,Offline,Low,2438,446.58,228.52,1088762.04,557131.76
E1801,Laura,Snacks,Offline,Low,4378,919.29,452.65,4024651.62,1981701.7
E1802,Tracey,Ropa,Offline,Critical,6718,930.53,148.93,6251300.54,1000511.74
E1803,Thomas,Bebida,Offline,High,9498,583.12,269.97,5538473.76,2564175.06
E1804,Lindsay,Alimento infantil,Online,Low,2735,875.78,212.69,2395258.3,581707.15
E1805,Lori,Frutas,Offline,Medium,4746,896.08,420.1,4252795.68,1993794.6
E1806,Anthony,Cosmeticos,Online,High,7753,743.58,225.51,5764975.74,1748379.03
E1807,Timothy,Alimento infantil,Online,Critical,465,738.31,332.14,343314.15,154445.1
E1808,Christina,Bebida,Offline,High,4728,613.35,160.56,2899918.8,759127.68
E1809,Joseph,Verduras,Offline,Critical,8740,928.79,454.4,8117624.6,3971456
E1810,Jacqueline,Cuidado personal,Offline,Medium,2085,927.5,232.53,1933837.5,484825.05
E1811,Deborah,Snacks,Online,Low,1824,746.79,217.41,1362144.96,396555.84
E1812,Courtney,Carnes,Offline,High,3239,502.21,107.76,1626658.19,349034.64
E1813,Desiree,Domestico,Online,Medium,1069,658.73,333.02,704182.37,355998.38
E1814,Phillip,Snacks,Online,Low,1627,404.96,403.05,658869.92,655762.35
E1815,Alexis,Material de oficina,Online,Low,8482,712.06,253.97,6039692.92,2154173.54
E1816,Steven,Cereales,Online,High,7079,776.56,20.58,5497268.24,145685.82
E1817,Amanda,Cereales,Online,Medium,4825,858.06,231.72,4140139.5,1118049
E1818,Monica,Snacks,Offline,Medium,4115,464.13,17.96,1909894.95,73905.4
E1819,Frank,Cuidado personal,Online,High,2326,542.81,407.67,1262576.06,948240.42
E1820,Joseph,Material de oficina,Online,High,4154,805.03,262.71,3344094.62,1091297.34
E1821,Adam,Carnes,Offline,Low,1471,491.72,96.88,723320.12,142510.48
E1822,Craig,Carnes,Offline,Medium,4430,809.4,365.77,3585642,1620361.1
E1823,Edward,Frutas,Offline,Medium,5953,484.43,390.39,2883811.79,2323991.67
E1824,Maxwell,Domestico,Offline,Low,6308,547.42,118.27,3453125.36,746047.16
E1825,Amanda,Cuidado personal,Online,High,6188,962.36,450.54,5955083.68,2787941.52
E1826,Brittany,Verduras,Offline,High,1687,802.87,283.4,1354441.69,478095.8
E1827,Susan,Verduras,Online,Critical,8457,834.28,140.24,7055505.96,1186009.68
E1828,Troy,Bebida,Offline,Low,2143,855.98,386.39,1834365.14,828033.77
E1829,George,Cosmeticos,Online,High,2820,602.07,345.91,1697837.4,975466.2
E1830,Joseph,Frutas,Online,Medium,7697,738.09,463.37,5681078.73,3566558.89
E1831,Michael,Domestico,Offline,Critical,6116,721.5,359.73,4412694,2200108.68
E1832,Jake,Ropa,Offline,High,9843,977.75,217.57,9623993.25,2141541.51
E1833,David,Bebida,Offline,Low,1421,915.8,281.63,1301351.8,400196.23
E1834,Donald,Frutas,Online,Medium,7876,737.12,202.76,5805557.12,1596937.76
E1835,Tracey,Carnes,Offline,Critical,1031,911.78,169.58,940045.18,174836.98
E1836,Cindy,Bebida,Offline,Critical,453,421.16,27.05,190785.48,12253.65
E1837,Amber,Frutas,Offline,High,4126,608.98,123.7,2512651.48,510386.2
E1838,Joseph,Carnes,Online,Low,4543,717.52,409.72,3259693.36,1861357.96
E1839,Zachary,Frutas,Online,Low,4065,522.89,452.45,2125547.85,1839209.25
E1840,Andrea,Domestico,Online,Medium,7641,762.23,184.67,5824199.43,1411063.47
E1841,Nancy,Cosmeticos,Online,Low,4536,998.79,420.22,4530511.44,1906117.92
E1842,Jeffrey,Frutas,Offline,Critical,3340,425.58,2.51,1421437.2,8383.4
E1843,Melanie,Cosmeticos,Offline,Low,2632,915.66,371.97,2410017.12,979025.04
E1844,Bruce,Frutas,Online,Low,5901,516.66,180.34,3048810.66,1064186.34
E1845,Sean,Carnes,Online,Critical,6347,981.48,41.6,6229453.56,264035.2
E1846,Amanda,Cuidado personal,Offline,Low,7784,692.9,230.49,5393533.6,1794134.16
E1847,Eric,Verduras,Online,High,4949,932.85,439.04,4616674.65,2172808.96
E1848,David,Cuidado personal,Offline,High,564,839.64,105.85,473556.96,59699.4
E1849,Brenda,Snacks,Online,Medium,5516,724.22,34.29,3994797.52,189143.64
E1850,Stephanie,Cosmeticos,Online,High,3540,886.3,109.71,3137502,388373.4
E1851,Melanie,Cereales,Online,Critical,6324,535.97,319.46,3389474.28,2020265.04
E1852,Margaret,Frutas,Offline,Critical,2362,939.85,257.46,2219925.7,608120.52
E1853,Patricia,Verduras,Online,Critical,5264,573.42,219.97,3018482.88,1157922.08
E1854,Mandy,Cuidado personal,Offline,Low,1597,462.66,280.67,738868.02,448229.99
E1855,Monica,Cereales,Offline,Critical,2636,658.03,84.56,1734567.08,222900.16
E1856,Kyle,Cosmeticos,Offline,High,3466,684.38,314.68,2372061.08,1090680.88
E1857,Brenda,Bebida,Online,Medium,2122,874.26,263.12,1855179.72,558340.64
E1858,David,Cereales,Online,Critical,1296,754.89,8.51,978337.44,11028.96
E1859,Brett,Cuidado personal,Offline,Critical,5614,816.94,83.03,4586301.16,466130.42
E1860,Duane,Domestico,Offline,Low,4324,921.72,357.41,3985517.28,1545440.84
E1861,Sonya,Frutas,Offline,High,1889,748.42,338.42,1413765.38,639275.38
E1862,Donald,Ropa,Online,Medium,1188,787.37,79.06,935395.56,93923.28
E1863,Kimberly,Bebida,Online,Critical,1960,839.94,328.62,1646282.4,644095.2
E1864,Eric,Alimento infantil,Offline,Critical,9797,596.7,173.91,5845869.9,1703796.27
E1865,Joshua,Frutas,Online,High,542,905.91,388.83,491003.22,210745.86
E1866,Amanda,Bebida,Online,High,2352,927.81,435.45,2182209.12,1024178.4
E1867,Michael,Cereales,Offline,High,554,746.61,250.46,413621.94,138754.84
E1868,Edward,Snacks,Online,Medium,6312,420.97,309.63,2657162.64,1954384.56
E1869,Phillip,Domestico,Offline,Medium,289,612.04,109.78,176879.56,31726.42
E1870,Joseph,Verduras,Online,High,8108,690.54,256.52,5598898.32,2079864.16
E1871,Amanda,Snacks,Online,Low,1778,981.96,269.2,1745924.88,478637.6
E1872,Kaitlin,Alimento infantil,Offline,Low,4160,854.95,249.59,3556592,1038294.4
E1873,George,Cereales,Online,Low,6686,608.66,342.16,4069500.76,2287681.76
E1874,Mary,Carnes,Offline,High,9652,823.29,219.88,7946395.08,2122281.76
E1875,Jeff,Cuidado personal,Online,Medium,3440,414.67,366.23,1426464.8,1259831.2
E1876,Nicholas,Cuidado personal,Online,Critical,964,661.46,363.08,637647.44,350009.12
E1877,Richard,Cosmeticos,Offline,Medium,641,965.28,416.44,618744.48,266938.04
E1878,Andrea,Cereales,Offline,Critical,6006,995.63,336.48,5979753.78,2020898.88
E1879,Emily,Bebida,Offline,Medium,2206,932.89,392.07,2057955.34,864906.42
E1880,William,Frutas,Online,Critical,2992,548.09,6.07,1639885.28,18161.44
E1881,Jessica,Alimento infantil,Online,Critical,1335,672.3,64.57,897520.5,86200.95
E1882,Desiree,Verduras,Online,Critical,5167,659.96,342.81,3410013.32,1771299.27
E1883,Amber,Cereales,Online,Low,4438,524.15,324.96,2326177.7,1442172.48
E1884,Mary,Ropa,Online,Low,2786,785.47,173.55,2188319.42,483510.3
E1885,Tracey,Verduras,Offline,High,7044,547.16,141.74,3854195.04,998416.56
E1886,Joseph,Cereales,Online,Critical,7271,862.25,386.69,6269419.75,2811622.99
E1887,Stuart,Verduras,Online,Critical,4103,954.53,147.51,3916436.59,605233.53
E1888,Brian,Material de oficina,Offline,Medium,6088,590.14,40.29,3592772.32,245285.52
E1889,Bianca,Frutas,Online,Critical,3379,879.79,413.49,2972810.41,1397182.71
E1890,Rachel,Carnes,Offline,Critical,9283,647.48,155.83,6010556.84,1446569.89
E1891,Andrea,Cosmeticos,Offline,Low,4450,654.34,425.18,2911813,1892051
E1892,Brandi,Material de oficina,Offline,Critical,2329,588.36,2.52,1370290.44,5869.08
E1893,Leslie,Cuidado personal,Offline,Medium,5276,947.9,273.43,5001120.4,1442616.68
E1894,Jessica,Frutas,Online,Critical,7053,774.33,444.96,5461349.49,3138302.88
E1895,Michael,Verduras,Online,Critical,2064,737.35,271.08,1521890.4,559509.12
E1896,Todd,Cuidado personal,Offline,Critical,2126,507.85,199.1,1079689.1,423286.6
E1897,Jennifer,Cuidado personal,Online,Medium,6806,644.95,62.9,4389529.7,428097.4
E1898,Patrick,Alimento infantil,Online,High,1880,498.27,351.93,936747.6,661628.4
E1899,Kyle,Snacks,Online,Critical,5222,685.04,377.48,3577278.88,1971200.56
E1900,Kimberly,Domestico,Offline,High,9453,500.27,80.02,4729052.31,756429.06
E1901,Thomas,Cosmeticos,Online,Low,5196,558.42,305.21,2901550.32,1585871.16
E1902,Karen,Domestico,Online,Low,4525,536.79,315.99,2428974.75,1429854.75
E1903,Jared,Frutas,Online,Critical,2421,852.87,414.53,2064798.27,1003577.13
E1904,Jacob,Frutas,Online,Low,6868,514.2,189.19,3531525.6,1299356.92
E1905,Donald,Bebida,Online,Critical,1497,916.17,128.79,1371506.49,192798.63
E1906,Frank,Cosmeticos,Online,Critical,8848,768.86,211.82,6802873.28,1874183.36
E1907,Nicholas,Verduras,Online,Critical,4609,742.01,415.36,3419924.09,1914394.24
E1908,Zachary,Frutas,Offline,High,5497,991.99,487.01,5452969.03,2677093.97
E1909,Heather,Verduras,Online,Medium,5254,595.55,429.31,3129019.7,2255594.74
E1910,Nicholas,Cereales,Online,High,3534,642.89,484.99,2271973.26,1713954.66
E1911,Brittany,Verduras,Offline,Critical,7285,592.37,126.06,4315415.45,918347.1
E1912,Christopher,Snacks,Online,High,5289,882.65,209.36,4668335.85,1107305.04
E1913,Brandon,Cosmeticos,Online,Medium,8870,465.42,71.5,4128275.4,634205
E1914,Mark,Snacks,Online,Medium,2626,960.91,348.27,2523349.66,914557.02
E1915,Sarah,Snacks,Offline,Medium,6677,437.67,347.36,2922322.59,2319322.72
E1916,William,Cuidado personal,Online,Medium,8782,539.91,196.51,4741489.62,1725750.82
E1917,Frank,Domestico,Offline,High,2184,514.52,228.12,1123711.68,498214.08
E1918,Samantha,Material de oficina,Online,Critical,6141,934.78,133.73,5740483.98,821235.93
E1919,Courtney,Snacks,Offline,High,1083,637.91,253.22,690856.53,274237.26
E1920,Amanda,Cosmeticos,Offline,Medium,8846,790.47,190.34,6992497.62,1683747.64
E1921,Tabitha,Material de oficina,Offline,High,1844,538.18,280.26,992403.92,516799.44
E1922,Frank,Cosmeticos,Offline,Critical,4518,968.65,246.75,4376360.7,1114816.5
E1923,Antonio,Cuidado personal,Offline,Low,9611,867.32,42.6,8335812.52,409428.6
E1924,Dorothy,Domestico,Offline,Critical,5194,665.93,356.96,3458840.42,1854050.24
E1925,Nicholas,Carnes,Offline,Low,614,885.59,72.2,543752.26,44330.8
E1926,Daniel,Cuidado personal,Online,Critical,3097,727.84,51.42,2254120.48,159247.74
E1927,James,Cuidado personal,Offline,Low,3237,783.92,437.4,2537549.04,1415863.8
E1928,Kevin,Frutas,Offline,Critical,2288,848.37,199.67,1941070.56,456844.96
E1929,Amber,Carnes,Offline,High,3292,420,224.96,1382640,740568.32
E1930,Kayla,Material de oficina,Offline,Low,5790,612.18,32.45,3544522.2,187885.5
E1931,Kelly,Snacks,Offline,Critical,9195,831.87,433.02,7649044.65,3981618.9
E1932,Amanda,Domestico,Offline,Critical,6169,451.96,39.23,2788141.24,242009.87
E1933,Travis,Domestico,Offline,Medium,9818,461.86,233.08,4534541.48,2288379.44
E1934,David,Cosmeticos,Online,Low,3868,874.67,232.92,3383223.56,900934.56
E1935,Robert,Frutas,Offline,Critical,5798,495.93,4.62,2875402.14,26786.76
E1936,Nicole,Cereales,Offline,Critical,8475,560.55,393.23,4750661.25,3332624.25
E1937,Craig,Bebida,Online,Low,1016,918.55,358.19,933246.8,363921.04
E1938,Melissa,Alimento infantil,Online,Critical,3479,656.23,286.56,2283024.17,996942.24
E1939,Katie,Frutas,Offline,High,5560,543.95,299.69,3024362,1666276.4
E1940,David,Ropa,Offline,High,2908,549.96,358.5,1599283.68,1042518
E1941,Joseph,Carnes,Offline,Critical,8422,796.29,23.49,6706354.38,197832.78
E1942,Austin,Snacks,Offline,Medium,8584,677.04,405.18,5811711.36,3478065.12
E1943,Ethan,Cuidado personal,Offline,Critical,595,719.93,455.12,428358.35,270796.4
E1944,Misty,Ropa,Offline,High,5606,440.36,433.34,2468658.16,2429304.04
E1945,James,Alimento infantil,Offline,Medium,559,981.02,275.61,548390.18,154065.99
E1946,Jennifer,Cereales,Offline,Low,8223,714.79,334.5,5877718.17,2750593.5
E1947,Amanda,Domestico,Offline,Critical,5279,557.41,12.15,2942567.39,64139.85
E1948,Jane,Cuidado personal,Offline,High,846,572.06,87.06,483962.76,73652.76
E1949,Kristen,Verduras,Online,Critical,8244,512.88,121.9,4228182.72,1004943.6
E1950,Alicia,Domestico,Offline,Medium,8430,914.83,496.2,7712016.9,4182966
E1951,Dean,Verduras,Offline,Critical,1542,688.45,291.73,1061589.9,449847.66
E1952,Gina,Snacks,Offline,Critical,9699,471.47,199.4,4572787.53,1933980.6
E1953,Cory,Cuidado personal,Offline,High,7490,662.03,157.28,4958604.7,1178027.2
E1954,Nicole,Cuidado personal,Online,Low,3570,736.36,96.21,2628805.2,343469.7
E1955,Stephanie,Cereales,Online,Medium,6009,648.02,156.91,3893952.18,942872.19
E1956,Mark,Domestico,Offline,Medium,4347,439.16,55.38,1909028.52,240736.86
E1957,Andrea,Cosmeticos,Online,High,4928,843.53,461.81,4156915.84,2275799.68
E1958,Jeffrey,Cereales,Offline,Low,2254,571.88,45.85,1289017.52,103345.9
E1959,Melinda,Bebida,Online,Critical,5967,628.67,119.72,3751273.89,714369.24
E1960,Jeffrey,Ropa,Offline,High,3062,937.19,45.86,2869675.78,140423.32
E1961,Karen,Cuidado personal,Online,Low,4695,415.08,488.29,1948800.6,2292521.55
E1962,Jennifer,Domestico,Online,Low,7855,522.78,449.66,4106436.9,3532079.3
E1963,Leslie,Ropa,Offline,Medium,8166,676.3,129.12,5522665.8,1054393.92
E1964,Melissa,Snacks,Online,Low,8106,688.4,44.91,5580170.4,364040.46
E1965,James,Ropa,Offline,Low,8004,873.9,204.44,6994695.6,1636337.76
E1966,Tyler,Carnes,Offline,Medium,4246,537.14,472.02,2280696.44,2004196.92
E1967,Richard,Cosmeticos,Offline,Low,4773,605.94,182.74,2892151.62,872218.02
E1968,Alyssa,Domestico,Offline,High,4580,472.5,164.5,2164050,753410
E1969,Laura,Bebida,Offline,Critical,9365,894.07,403.48,8372965.55,3778590.2
E1970,Laurie,Material de oficina,Online,High,6498,593.85,92.46,3858837.3,600805.08
E1971,Taylor,Snacks,Offline,Critical,4434,609.04,124.41,2700483.36,551633.94
E1972,Anthony,Alimento infantil,Offline,Critical,9722,959.69,104.01,9330106.18,1011185.22
E1973,Stuart,Cosmeticos,Offline,Low,4118,921.62,492.25,3795231.16,2027085.5
E1974,Kiara,Alimento infantil,Offline,Medium,655,670.79,182.72,439367.45,119681.6
E1975,Pamela,Domestico,Offline,Critical,5115,961.41,38.42,4917612.15,196518.3
E1976,Craig,Verduras,Offline,Low,7098,516.2,397.11,3663987.6,2818686.78
E1977,James,Material de oficina,Online,Critical,4725,790.49,377.77,3735065.25,1784963.25
E1978,Paul,Verduras,Offline,Medium,966,866.29,373.25,836836.14,360559.5
E1979,Christine,Frutas,Offline,High,899,706.6,44.48,635233.4,39987.52
E1980,Jeff,Ropa,Online,High,7223,595.76,328.28,4303174.48,2371166.44
E1981,Pamela,Carnes,Online,High,242,505.5,203.68,122331,49290.56
E1982,Harry,Verduras,Online,Critical,6432,641.05,12.73,4123233.6,81879.36
E1983,Adam,Bebida,Online,Medium,9411,683.58,99,6433171.38,931689
E1984,Tiffany,Domestico,Offline,Medium,8817,834.97,100.7,7361930.49,887871.9
E1985,Christine,Snacks,Online,Critical,8472,408.26,256.75,3458778.72,2175186
E1986,Jacob,Material de oficina,Online,Critical,2323,920.04,357.78,2137252.92,831122.94
E1987,Sarah,Ropa,Online,High,6492,713.09,254.98,4629380.28,1655330.16
E1988,Jeffrey,Bebida,Offline,Critical,4976,762.05,167.05,3791960.8,831240.8
E1989,Megan,Snacks,Offline,Medium,9051,533.93,28.2,4832600.43,255238.2
E1990,Diana,Carnes,Online,High,7217,516.41,468.68,3726930.97,3382463.56
E1991,Jacob,Cosmeticos,Online,Medium,2162,474.62,131.69,1026128.44,284713.78
E1992,Elizabeth,Bebida,Offline,Critical,7595,727.66,163.46,5526577.7,1241478.7
E1993,Brenda,Cuidado personal,Offline,Low,6066,619.18,449.75,3755945.88,2728183.5
E1994,Colin,Verduras,Offline,Low,6080,703.75,159.22,4278800,968057.6
E1995,Melissa,Snacks,Offline,High,3506,996.25,326.09,3492852.5,1143271.54
E1996,Zachary,Bebida,Online,Low,8240,462.33,33.09,3809599.2,272661.6
E1997,Gregory,Bebida,Online,Critical,7679,623.74,283.76,4789699.46,2178993.04
E1998,Sarah,Cereales,Offline,Low,9827,659.71,207.2,6482970.17,2036154.4
E1999,Zachary,Ropa,Online,Medium,3833,710.93,116.27,2724994.69,445662.91
E2000,Tyler,Material de oficina,Offline,Medium,9315,979.82,130.56,9127023.3,1216166.4
E2001,Courtney,Domestico,Online,Medium,5861,933.13,10.82,5469074.93,63416.02
E2002,Robert,Carnes,Offline,High,4855,874.53,197.02,4245843.15,956532.1
E2003,Melissa,Material de oficina,Offline,Medium,6323,558.5,218.15,3531395.5,1379362.45
E2004,Connor,Domestico,Online,High,439,441.05,214.07,193620.95,93976.73
E2005,Misty,Frutas,Online,Low,9648,809.59,404.24,7810924.32,3900107.52
E2006,Laura,Cereales,Offline,Medium,1749,422.61,390.09,739144.89,682267.41
E2007,Mary,Bebida,Online,Critical,2389,968.97,240.46,2314869.33,574458.94
E2008,Daniel,Frutas,Online,Critical,2087,477.79,254.13,997147.73,530369.31
E2009,Sonia,Material de oficina,Online,High,462,570.32,50.44,263487.84,23303.28
E2010,Kristen,Carnes,Online,Medium,4264,640.89,423.17,2732754.96,1804396.88
E2011,Nicholas,Ropa,Online,Medium,499,828.65,133.11,413496.35,66421.89
E2012,Carla,Cuidado personal,Online,Low,7764,732.89,155.16,5690157.96,1204662.24
E2013,Daniel,Domestico,Online,Critical,2674,868.27,171.75,2321753.98,459259.5
E2014,Kevin,Verduras,Online,Low,6005,658.91,137.74,3956754.55,827128.7
E2015,Frank,Domestico,Online,Medium,4249,679.91,428.29,2888937.59,1819804.21
E2016,Hunter,Frutas,Online,Medium,5903,557.12,274.23,3288679.36,1618779.69
E2017,Laura,Domestico,Offline,Low,3345,626.14,217.17,2094438.3,726433.65
E2018,Kyle,Frutas,Offline,Low,9980,955.58,385.67,9536688.4,3848986.6
E2019,John,Bebida,Offline,Medium,7228,886.1,33.35,6404730.8,241053.8
E2020,Darin,Bebida,Offline,High,813,674.05,410.44,548002.65,333687.72
E2021,Sean,Alimento infantil,Online,Critical,1616,857.7,108.82,1386043.2,175853.12
E2022,David,Material de oficina,Online,Critical,7212,659.92,458.77,4759343.04,3308649.24
E2023,Sean,Ropa,Online,Medium,1090,520.77,285.8,567639.3,311522
E2024,Susan,Cosmeticos,Online,Critical,9496,556.88,334.66,5288132.48,3177931.36
E2025,Jaime,Alimento infantil,Online,Medium,3746,516.89,98.97,1936269.94,370741.62
E2026,Joshua,Snacks,Online,Low,2415,456.12,176.23,1101529.8,425595.45
E2027,Veronica,Carnes,Online,Low,4243,451.15,378.69,1914229.45,1606781.67
E2028,Eric,Bebida,Online,Medium,7779,670.4,416.9,5215041.6,3243065.1
E2029,Joseph,Bebida,Online,Low,609,480.08,139.37,292368.72,84876.33
E2030,Christina,Cuidado personal,Offline,High,7314,490.87,473.81,3590223.18,3465446.34
E2031,Eric,Cuidado personal,Offline,Medium,9335,842.14,189.93,7861376.9,1772996.55
E2032,Travis,Material de oficina,Online,Medium,2448,711.54,105.12,1741849.92,257333.76
E2033,James,Material de oficina,Online,Medium,6606,996.38,77.55,6582086.28,512295.3
E2034,Brandon,Carnes,Offline,High,2329,583.01,355.85,1357830.29,828774.65
E2035,Michael,Cuidado personal,Offline,High,6007,404.05,318.85,2427128.35,1915331.95
E2036,Angela,Domestico,Online,Low,1806,537.3,202.61,970363.8,365913.66
E2037,Judith,Material de oficina,Online,Critical,7913,864.96,50.07,6844428.48,396203.91
E2038,Richard,Ropa,Offline,Low,4960,784.67,452.21,3891963.2,2242961.6
E2039,Audrey,Material de oficina,Online,High,3397,871.48,73.25,2960417.56,248830.25
E2040,Adam,Alimento infantil,Online,Low,2137,537.68,228.43,1149022.16,488154.91
E2041,Kimberly,Cuidado personal,Offline,Low,6559,740.04,25.53,4853922.36,167451.27
E2042,Gregory,Verduras,Online,High,1030,792.06,150.31,815821.8,154819.3
E2043,Tabitha,Bebida,Offline,Medium,3665,640.7,328.09,2348165.5,1202449.85
E2044,Timothy,Ropa,Offline,Low,2257,693.56,52.75,1565364.92,119056.75
E2045,James,Domestico,Offline,Medium,6190,552.79,87.31,3421770.1,540448.9
E2046,Rachel,Carnes,Offline,Critical,1062,510.77,383.2,542437.74,406958.4
E2047,Samuel,Frutas,Offline,Medium,3886,685.89,496.6,2665368.54,1929787.6
E2048,Marc,Cuidado personal,Offline,Low,9676,735.96,389,7121148.96,3763964
E2049,Chad,Carnes,Online,Critical,4968,983.35,489.65,4885282.8,2432581.2
E2050,Chad,Carnes,Online,Low,4139,732.43,118.53,3031527.77,490595.67
E2051,Benjamin,Cosmeticos,Offline,Critical,9889,457.36,258.71,4522833.04,2558383.19
E2052,Gina,Cereales,Online,Critical,8431,925.8,378.42,7805419.8,3190459.02
E2053,Maxwell,Alimento infantil,Online,Critical,8802,954.58,355.95,8402213.16,3133071.9
E2054,Audrey,Carnes,Offline,Medium,4337,684.56,366.71,2968936.72,1590421.27
E2055,Andrea,Carnes,Offline,Medium,4481,478.76,280.9,2145323.56,1258712.9
E2056,Eric,Cereales,Online,Critical,2632,818.49,288.35,2154265.68,758937.2
E2057,Julie,Alimento infantil,Online,High,7635,780.75,79.96,5961026.25,610494.6
E2058,Benjamin,Carnes,Offline,Critical,9222,885.09,9.58,8162299.98,88346.76
E2059,Jonathan,Domestico,Online,Low,9491,867.79,25.3,8236194.89,240122.3
E2060,Lisa,Cereales,Online,Low,5957,461.86,303.23,2751300.02,1806341.11
E2061,Andrea,Cuidado personal,Offline,High,2644,445.04,496.92,1176685.76,1313856.48
E2062,Christine,Cereales,Offline,Medium,4077,606.87,429.55,2474208.99,1751275.35
E2063,George,Frutas,Online,Critical,7102,524.32,120.33,3723720.64,854583.66
E2064,Jonathan,Material de oficina,Online,Low,1587,747.2,338.39,1185806.4,537024.93
E2065,Craig,Ropa,Online,Critical,8281,618.66,471.12,5123123.46,3901344.72
E2066,Nicole,Snacks,Online,Critical,9791,701.81,329.75,6871421.71,3228582.25
E2067,Jeff,Alimento infantil,Offline,Critical,4435,549.19,409.3,2435657.65,1815245.5
E2068,Sean,Cosmeticos,Online,Low,9437,958.58,400.56,9046119.46,3780084.72
E2069,Kevin,Ropa,Offline,Low,6885,452.94,64.41,3118491.9,443462.85
E2070,Melanie,Material de oficina,Online,Critical,4401,638.12,291.68,2808366.12,1283683.68
E2071,Joseph,Cereales,Offline,Medium,5607,438.01,110.79,2455922.07,621199.53
E2072,Jose,Cuidado personal,Offline,Critical,5118,430.76,435.72,2204629.68,2230014.96
E2073,Christina,Bebida,Online,Low,5905,542.87,214.82,3205647.35,1268512.1
E2074,Jill,Cosmeticos,Online,High,5900,701.69,245.31,4139971,1447329
E2075,Harry,Cuidado personal,Online,High,7577,443.53,392.89,3360626.81,2976927.53
E2076,Kayla,Domestico,Offline,Critical,8407,834.86,56.45,7018668.02,474575.15
E2077,Mary,Ropa,Offline,Low,2000,854.78,347.49,1709560,694980
E2078,Danielle,Snacks,Online,Low,2939,672.59,455.66,1976742.01,1339184.74
E2079,George,Alimento infantil,Offline,High,7450,407.99,85.25,3039525.5,635112.5
E2080,Crystal,Frutas,Online,High,3262,706.03,147.25,2303069.86,480329.5
E2081,Amanda,Carnes,Online,Critical,1889,585.55,287.37,1106103.95,542841.93
E2082,Joseph,Snacks,Offline,Critical,8177,995.46,54.96,8139876.42,449407.92
E2083,Susan,Frutas,Online,Medium,4816,682.77,255.92,3288220.32,1232510.72
E2084,Alexis,Material de oficina,Offline,High,2454,647.77,372.25,1589627.58,913501.5
E2085,Michelle,Ropa,Online,High,7299,813.86,386.69,5940364.14,2822450.31
E2086,Miguel,Bebida,Online,High,1844,550.27,2.3,1014697.88,4241.2
E2087,Timothy,Cosmeticos,Online,High,8768,704.78,14.27,6179511.04,125119.36
E2088,Evan,Verduras,Offline,High,3845,402.28,87.42,1546766.6,336129.9
E2089,Timothy,Bebida,Offline,High,2274,816.21,120.25,1856061.54,273448.5
E2090,Rebekah,Ropa,Online,High,2476,548.66,266.47,1358482.16,659779.72
E2091,Matthew,Ropa,Online,High,4685,452.76,256.66,2121180.6,1202452.1
E2092,Kevin,Bebida,Online,Medium,487,687.98,455.8,335046.26,221974.6
E2093,Scott,Cuidado personal,Offline,Critical,2744,444.65,496.41,1220119.6,1362149.04
E2094,Kristin,Verduras,Online,Medium,3594,718.12,311.68,2580923.28,1120177.92
E2095,Jeffrey,Ropa,Online,Low,9925,800.85,134.86,7948436.25,1338485.5
E2096,Dawn,Domestico,Offline,Medium,3518,666.09,58.85,2343304.62,207034.3
E2097,Jeffrey,Material de oficina,Offline,High,6557,779.59,247.44,5111771.63,1622464.08
E2098,Sean,Material de oficina,Online,High,2219,760.44,45.55,1687416.36,101075.45
E2099,Daniel,Cuidado personal,Online,Medium,7895,723.49,225.62,5711953.55,1781269.9
E2100,Willie,Cuidado personal,Online,Medium,6448,942.52,62.05,6077368.96,400098.4
E2101,Melinda,Alimento infantil,Offline,Critical,1777,739.83,357.93,1314677.91,636041.61
E2102,David,Verduras,Offline,Critical,7663,964.12,218.92,7388051.56,1677583.96
E2103,Patricia,Cereales,Online,Medium,6795,996.33,246.24,6770062.35,1673200.8
E2104,Daniel,Alimento infantil,Offline,Critical,4533,865.48,405.06,3923220.84,1836136.98
E2105,Brenda,Cereales,Online,Critical,598,934.76,48.35,558986.48,28913.3
E2106,Gregory,Alimento infantil,Online,Medium,4634,978.36,71.18,4533720.24,329848.12
E2107,Zachary,Frutas,Online,Low,762,874.88,474.46,666658.56,361538.52
E2108,Christina,Cuidado personal,Online,Critical,4657,871.5,433.7,4058575.5,2019740.9
E2109,Nicole,Bebida,Online,High,6480,787.1,119.34,5100408,773323.2
E2110,Wendy,Alimento infantil,Offline,Medium,5610,709.62,473.02,3980968.2,2653642.2
E2111,Nathan,Snacks,Offline,Critical,6106,564.06,351.88,3444150.36,2148579.28
E2112,Amanda,Cereales,Online,Critical,1726,742.73,282.94,1281951.98,488354.44
E2113,Leah,Bebida,Offline,High,1423,549.71,125.2,782237.33,178159.6
E2114,Jessica,Alimento infantil,Offline,Medium,2776,589.7,105.57,1637007.2,293062.32
E2115,Cody,Cuidado personal,Offline,Critical,9151,895.69,103.92,8196459.19,950971.92
E2116,Brandon,Cereales,Online,Medium,6289,652.62,452.97,4104327.18,2848728.33
E2117,Julie,Verduras,Online,High,3891,709.43,124.37,2760392.13,483923.67
E2118,Melanie,Cereales,Offline,Medium,8368,489.04,216.45,4092286.72,1811253.6
E2119,Alexis,Domestico,Online,Low,1401,966.91,356.21,1354640.91,499050.21
E2120,Julie,Material de oficina,Offline,High,2111,864.99,272.16,1825993.89,574529.76
E2121,Tyler,Alimento infantil,Online,High,360,425.6,230.74,153216,83066.4
E2122,Susan,Cereales,Offline,High,5837,500.27,69.51,2920075.99,405729.87
E2123,Vincent,Cereales,Online,Critical,207,580.01,156.24,120062.07,32341.68
E2124,Willie,Domestico,Offline,Low,2325,706.5,177.67,1642612.5,413082.75
E2125,Robert,Domestico,Online,Medium,2250,459.38,414.66,1033605,932985
E2126,Pamela,Ropa,Online,Critical,8814,806.79,11.97,7111047.06,105503.58
E2127,Dean,Cereales,Online,Medium,9981,604.06,137.06,6029122.86,1367995.86
E2128,Nathan,Cereales,Offline,Low,2753,879.06,464.85,2420052.18,1279732.05
E2129,Dustin,Frutas,Online,Critical,720,802.55,455.49,577836,327952.8
E2130,Tabitha,Carnes,Online,Low,7912,872.07,14.99,6899817.84,118600.88
E2131,Jennifer,Snacks,Offline,High,4883,850.72,127.59,4154065.76,623021.97
E2132,Pamela,Bebida,Online,Critical,5646,538.49,133.96,3040314.54,756338.16
E2133,Ryan,Verduras,Offline,High,9728,431.14,223.71,4194129.92,2176250.88
E2134,Harry,Cereales,Online,Critical,5941,816.32,248.72,4849757.12,1477645.52
E2135,Michael,Cuidado personal,Offline,Critical,2880,698.48,378.27,2011622.4,1089417.6
E2136,Todd,Alimento infantil,Online,Critical,8716,417.59,215.13,3639714.44,1875073.08
E2137,Jennifer,Bebida,Offline,Medium,2309,806.82,83.73,1862947.38,193332.57
E2138,Courtney,Cereales,Offline,Critical,7347,567.38,333.43,4168540.86,2449710.21
E2139,Mary,Frutas,Offline,Medium,6981,694.24,269.59,4846489.44,1882007.79
E2140,Tammy,Material de oficina,Online,Medium,8134,995.99,39.68,8101382.66,322757.12
E2141,Lisa,Domestico,Online,High,7989,565.89,325.61,4520895.21,2601298.29
E2142,Connor,Snacks,Online,Medium,4571,989.19,145.82,4521587.49,666543.22
E2143,George,Ropa,Offline,Critical,3091,908.41,193.7,2807895.31,598726.7
E2144,Amber,Bebida,Online,Medium,3479,736.25,81.36,2561413.75,283051.44
E2145,George,Bebida,Online,High,3543,996.2,458.79,3529536.6,1625492.97
E2146,Tracey,Cereales,Online,Critical,5315,552.94,200.69,2938876.1,1066667.35
E2147,David,Bebida,Online,Medium,4441,662.08,188.32,2940297.28,836329.12
E2148,Jacqueline,Cuidado personal,Offline,Medium,3655,994.14,299.35,3633581.7,1094124.25
E2149,Phillip,Material de oficina,Offline,Low,3855,931.3,2.95,3590161.5,11372.25
E2150,Richard,Cereales,Offline,Low,7584,494.92,262.07,3753473.28,1987538.88
E2151,Melissa,Material de oficina,Online,Low,3270,991.34,426.78,3241681.8,1395570.6
E2152,Tyler,Alimento infantil,Offline,Medium,2282,520.73,143.14,1188305.86,326645.48
E2153,Melissa,Carnes,Offline,High,7316,651.48,433.43,4766227.68,3170973.88
E2154,Susan,Snacks,Online,Critical,8620,570.7,480.39,4919434,4140961.8
E2155,Alexis,Cosmeticos,Offline,High,3638,667.41,445.87,2428037.58,1622075.06
E2156,Ashley,Cuidado personal,Online,Critical,6952,701.77,319.87,4878705.04,2223736.24
E2157,Elizabeth,Cereales,Online,High,9577,641.21,220.17,6140868.17,2108568.09
E2158,Melinda,Cuidado personal,Offline,Critical,3165,528.23,116.11,1671847.95,367488.15
E2159,Gregory,Bebida,Online,Low,1407,668.76,485.5,940945.32,683098.5
E2160,Joseph,Cereales,Online,High,5747,787.28,82.03,4524498.16,471426.41
E2161,Laura,Snacks,Offline,Medium,2061,733.14,453.2,1511001.54,934045.2
E2162,Mary,Domestico,Offline,Low,772,820.88,479.04,633719.36,369818.88
E2163,Melinda,Material de oficina,Online,Critical,295,687.31,126.85,202756.45,37420.75
E2164,Autumn,Material de oficina,Offline,High,2360,532.6,428.18,1256936,1010504.8
E2165,Robert,Bebida,Offline,Low,6315,879.88,100.78,5556442.2,636425.7
E2166,Amanda,Ropa,Online,Critical,123,877.86,492.49,107976.78,60576.27
E2167,Veronica,Domestico,Offline,High,8123,675.06,278.55,5483512.38,2262661.65
E2168,Robert,Alimento infantil,Online,Critical,7325,643.93,108.2,4716787.25,792565
E2169,Bianca,Cuidado personal,Online,High,2805,821.39,256.71,2303998.95,720071.55
E2170,Alan,Alimento infantil,Offline,Low,1209,983.56,40.22,1189124.04,48625.98
E2171,Angela,Verduras,Online,Medium,4318,512.75,170.86,2214054.5,737773.48
E2172,Bobby,Ropa,Online,High,3273,924.73,52.91,3026641.29,173174.43
E2173,Kimberly,Cereales,Offline,Low,4218,811.26,171.84,3421894.68,724821.12
E2174,Kenneth,Verduras,Online,Critical,8651,783.73,69.05,6780048.23,597351.55
E2175,Jonathan,Domestico,Online,Medium,6413,822.83,261.22,5276808.79,1675203.86
E2176,Cameron,Cuidado personal,Offline,Medium,9426,644.18,243.08,6072040.68,2291272.08
E2177,Joseph,Bebida,Online,Medium,6369,740.84,406.86,4718409.96,2591291.34
E2178,Samantha,Domestico,Online,Medium,5724,748.7,140.78,4285558.8,805824.72
E2179,Gregory,Carnes,Online,Low,3648,655.56,174.24,2391482.88,635627.52
E2180,Alan,Domestico,Offline,Medium,8238,862.79,4.71,7107664.02,38800.98
E2181,Theresa,Cuidado personal,Online,Medium,1218,574.77,129.82,700069.86,158120.76
E2182,Cameron,Snacks,Online,Critical,6017,818.12,142.23,4922628.04,855797.91
E2183,Kayla,Cereales,Offline,Medium,5940,755.6,46.05,4488264,273537
E2184,Desiree,Ropa,Offline,High,7905,550.35,212.7,4350516.75,1681393.5
E2185,Joshua,Material de oficina,Online,Critical,4173,531.36,108.2,2217365.28,451518.6
E2186,Alexis,Carnes,Offline,Low,1925,931.74,135.16,1793599.5,260183
E2187,Brandi,Alimento infantil,Offline,Low,531,642.39,2.74,341109.09,1454.94
E2188,Donna,Snacks,Offline,Critical,5934,824.31,229.66,4891455.54,1362802.44
E2189,Kimberly,Cosmeticos,Online,Medium,3073,804.6,150.47,2472535.8,462394.31
E2190,Anthony,Verduras,Online,Medium,170,684.9,366.33,116433,62276.1
E2191,Rita,Frutas,Online,High,9280,899.75,193.97,8349680,1800041.6
E2192,Kimberly,Cuidado personal,Offline,Low,9402,622.55,161.55,5853215.1,1518893.1
E2193,Tami,Bebida,Online,Critical,9265,867.85,378.07,8040630.25,3502818.55
E2194,Laurie,Carnes,Online,Low,3287,942.81,109.25,3099016.47,359104.75
E2195,Barbara,Bebida,Offline,Critical,1173,703.81,289.93,825569.13,340087.89
E2196,George,Snacks,Online,Critical,9211,611.77,316.4,5635013.47,2914360.4
E2197,James,Verduras,Online,Low,7524,605.25,134.77,4553901,1014009.48
E2198,Tiffany,Ropa,Online,Medium,3736,671.28,418.08,2507902.08,1561946.88
E2199,Ryan,Frutas,Offline,Low,596,827.97,331.72,493470.12,197705.12
E2200,Samuel,Verduras,Online,Low,9411,932.63,377.64,8776980.93,3553970.04
E2201,Judith,Material de oficina,Offline,High,6020,616.95,139.6,3714039,840392
E2202,Sabrina,Frutas,Online,High,947,482.72,187.73,457135.84,177780.31
E2203,Duane,Alimento infantil,Online,Low,7903,765.02,288.8,6045953.06,2282386.4
E2204,Dawn,Frutas,Offline,Medium,3533,977.76,294.03,3454426.08,1038807.99
E2205,Nancy,Snacks,Offline,Medium,3916,702.56,160.31,2751224.96,627773.96
E2206,Joseph,Carnes,Offline,Low,7752,647.99,3.58,5023218.48,27752.16
E2207,Karla,Material de oficina,Online,Critical,7461,720.9,275.51,5378634.9,2055580.11
E2208,Courtney,Cuidado personal,Offline,Critical,3831,808,348.99,3095448,1336980.69
E2209,Austin,Ropa,Offline,Low,1827,881.99,225.33,1611395.73,411677.91
E2210,Veronica,Ropa,Offline,Medium,2232,946.28,159.75,2112096.96,356562
E2211,Sarah,Carnes,Offline,High,7904,514.92,404.74,4069927.68,3199064.96
E2212,Vincent,Material de oficina,Offline,Low,3258,574.69,247.56,1872340.02,806550.48
E2213,James,Cosmeticos,Offline,Low,4608,724.25,358.78,3337344,1653258.24
E2214,Kenneth,Frutas,Offline,Critical,1503,738.78,392.31,1110386.34,589641.93
E2215,Nicholas,Cuidado personal,Offline,High,5201,499.55,372.2,2598159.55,1935812.2
E2216,Evan,Bebida,Online,Low,8573,854.39,334.73,7324685.47,2869640.29
E2217,Johnny,Verduras,Online,Critical,5668,931.13,14.77,5277644.84,83716.36
E2218,Katherine,Verduras,Online,Medium,946,626.02,214.54,592214.92,202954.84
E2219,Sydney,Material de oficina,Offline,Critical,2719,568.95,89.79,1546975.05,244139.01
E2220,Evan,Snacks,Online,High,7536,560.94,396.06,4227243.84,2984708.16
E2221,William,Ropa,Online,Medium,6213,594.31,1.26,3692448.03,7828.38
E2222,Alyssa,Bebida,Offline,High,539,509.27,353.25,274496.53,190401.75
E2223,Eric,Cosmeticos,Online,Critical,8709,898.73,469.49,7827039.57,4088788.41
E2224,Austin,Cereales,Online,Medium,2547,633.57,94.41,1613702.79,240462.27
E2225,Kayla,Domestico,Offline,High,6849,783.62,151.08,5367013.38,1034746.92
E2226,Ricky,Cosmeticos,Online,Low,9014,493.09,330.03,4444713.26,2974890.42
E2227,Katherine,Bebida,Online,Low,403,990.67,224.85,399240.01,90614.55
E2228,Crystal,Cosmeticos,Offline,High,104,886.4,494.45,92185.6,51422.8
E2229,Chris,Bebida,Offline,Low,1063,503.66,130.27,535390.58,138477.01
E2230,Dustin,Snacks,Offline,Medium,7834,599.39,433.08,4695621.26,3392748.72
E2231,Bianca,Alimento infantil,Online,Medium,2569,974.8,274.42,2504261.2,704984.98
E2232,Taylor,Bebida,Offline,Medium,2931,732.68,238.49,2147485.08,699014.19
E2233,Melanie,Bebida,Offline,Low,550,946.88,141.59,520784,77874.5
E2234,Courtney,Alimento infantil,Online,Low,9287,946.97,125.91,8794510.39,1169326.17
E2235,Jennifer,Cuidado personal,Offline,High,7924,854.66,483.33,6772325.84,3829906.92
E2236,Amanda,Material de oficina,Offline,Medium,1499,833.25,215.4,1249041.75,322884.6
E2237,Michael,Carnes,Offline,Critical,2666,976.56,174.9,2603508.96,466283.4
E2238,Sean,Frutas,Offline,Medium,2086,662.46,462.9,1381891.56,965609.4
E2239,Nicholas,Domestico,Offline,High,8659,646.21,435.88,5595532.39,3774284.92
E2240,Edward,Cuidado personal,Offline,High,9673,857.67,342.74,8296241.91,3315324.02
E2241,James,Domestico,Online,High,4675,752.87,339.51,3519667.25,1587209.25
E2242,Michael,Cosmeticos,Offline,Medium,5788,401.53,3.9,2324055.64,22573.2
E2243,Eric,Cuidado personal,Offline,High,3048,899.59,375.99,2741950.32,1146017.52
E2244,Whitney,Alimento infantil,Offline,High,4119,704.25,275.22,2900805.75,1133631.18
E2245,Susan,Cereales,Offline,Medium,9868,890.84,364.34,8790809.12,3595307.12
E2246,Gabriel,Domestico,Offline,Critical,5397,973.19,430.17,5252306.43,2321627.49
E2247,Cody,Cosmeticos,Offline,Critical,9442,582.11,280.28,5496282.62,2646403.76
E2248,Paul,Domestico,Online,Medium,6875,694.02,24.49,4771387.5,168368.75
E2249,Angela,Cosmeticos,Online,Critical,719,453.93,88.62,326375.67,63717.78
E2250,Todd,Cereales,Online,Low,2252,493.9,362.56,1112262.8,816485.12
E2251,Deborah,Verduras,Online,High,3943,765.96,321.04,3020180.28,1265860.72
E2252,Tammy,Verduras,Offline,Medium,3535,892.37,426.99,3154527.95,1509409.65
E2253,Antonio,Carnes,Online,Critical,1335,961.75,297.39,1283936.25,397015.65
E2254,Sabrina,Cereales,Online,Medium,5471,706.99,257.7,3867942.29,1409876.7
E2255,James,Frutas,Offline,Medium,8555,624.82,92.04,5345335.1,787402.2
E2256,Angela,Alimento infantil,Online,High,7711,591.09,499.09,4557894.99,3848482.99
E2257,Brenda,Cuidado personal,Offline,Low,5847,471.95,290.56,2759491.65,1698904.32
E2258,Angela,Material de oficina,Offline,Critical,1983,713.88,65.56,1415624.04,130005.48
E2259,Brian,Bebida,Offline,Medium,7640,865.24,89.29,6610433.6,682175.6
E2260,Maria,Carnes,Offline,Medium,6010,460.9,58.39,2770009,350923.9
E2261,Misty,Verduras,Offline,Medium,7398,894.49,323.72,6617437.02,2394880.56
E2262,Brandi,Cosmeticos,Offline,Low,584,677.05,400.97,395397.2,234166.48
E2263,Crystal,Carnes,Online,Medium,3339,987.41,137.6,3296961.99,459446.4
E2264,Bryan,Snacks,Offline,Critical,2841,919.11,72.95,2611191.51,207250.95
E2265,David,Cosmeticos,Online,Low,3321,907.93,317.97,3015235.53,1055978.37
E2266,Joshua,Ropa,Offline,High,325,847.03,339.69,275284.75,110399.25
E2267,Johnathan,Alimento infantil,Online,Low,9124,523.98,246.07,4780793.52,2245142.68
E2268,Carla,Cosmeticos,Offline,Low,8714,873.63,41.92,7612811.82,365290.88
E2269,Mason,Cereales,Online,Critical,8921,806.37,25.77,7193626.77,229894.17
E2270,Jennifer,Material de oficina,Offline,High,1028,540.71,79.25,555849.88,81469
E2271,Melinda,Cuidado personal,Offline,Medium,7209,772.87,432.79,5571619.83,3119983.11
E2272,Ricky,Domestico,Offline,High,149,419.33,290.94,62480.17,43350.06
E2273,Tyler,Verduras,Online,Medium,4736,805.07,294.15,3812811.52,1393094.4
E2274,Hunter,Cereales,Online,Low,1198,875.81,479.7,1049220.38,574680.6
E2275,Sonia,Frutas,Online,Critical,7716,752.24,6.61,5804283.84,51002.76
E2276,Natasha,Cereales,Online,High,5608,508.78,158.26,2853238.24,887522.08
E2277,Jessica,Cosmeticos,Offline,High,293,940.17,12.35,275469.81,3618.55
E2278,Katie,Alimento infantil,Offline,High,2873,439.51,397.84,1262712.23,1142994.32
E2279,Audrey,Material de oficina,Online,High,4682,963.34,456.91,4510357.88,2139252.62
E2280,Christopher,Cuidado personal,Online,Medium,2094,623.71,85.52,1306048.74,179078.88
E2281,Robert,Snacks,Offline,Medium,3721,618.3,299.24,2300694.3,1113472.04
E2282,Ashley,Alimento infantil,Online,Medium,493,591.29,462.32,291505.97,227923.76
E2283,Brandi,Verduras,Online,High,871,580.47,68.96,505589.37,60064.16
E2284,Amanda,Alimento infantil,Online,High,7369,626.44,181.2,4616236.36,1335262.8
E2285,Justin,Cuidado personal,Offline,Critical,8508,780.13,232.34,6637346.04,1976748.72
E2286,Adam,Material de oficina,Online,Medium,9049,732.59,487.92,6629206.91,4415188.08
E2287,Stacy,Domestico,Online,High,7033,982.55,285.74,6910274.15,2009609.42
E2288,Antonio,Cuidado personal,Offline,Low,8187,810.61,256.74,6636464.07,2101930.38
E2289,Heather,Frutas,Online,High,5827,799.12,263.19,4656472.24,1533608.13
E2290,Walter,Snacks,Online,Critical,8548,801.11,167.15,6847888.28,1428798.2
E2291,Chad,Snacks,Offline,Medium,8039,851.93,306.57,6848665.27,2464516.23
E2292,Adam,Cereales,Offline,Critical,5417,869.75,404.85,4711435.75,2193072.45
E2293,Kimberly,Alimento infantil,Offline,High,5681,636.18,334.06,3614138.58,1897794.86
E2294,Michael,Alimento infantil,Offline,Low,8967,922,464.25,8267574,4162929.75
E2295,Jonathan,Ropa,Online,Low,5639,602.09,85.25,3395185.51,480724.75
E2296,Melanie,Ropa,Offline,High,180,588.41,395.15,105913.8,71127
E2297,Justin,Cuidado personal,Offline,Critical,9728,525.9,116.78,5115955.2,1136035.84
E2298,Stephanie,Carnes,Offline,Low,5650,829.53,420.53,4686844.5,2375994.5
E2299,Nicole,Ropa,Online,High,9521,857.11,150.52,8160544.31,1433100.92
E2300,Robert,Ropa,Offline,Critical,1688,902.03,275.92,1522626.64,465752.96
E2301,Chad,Alimento infantil,Online,Low,5075,469.36,427.98,2382002,2171998.5
E2302,Amanda,Cosmeticos,Online,Medium,5592,742.77,234.42,4153569.84,1310876.64
E2303,Kelly,Cereales,Online,High,806,403.97,321.28,325599.82,258951.68
E2304,Randy,Cuidado personal,Offline,High,4960,417.18,7.26,2069212.8,36009.6
E2305,Anthony,Domestico,Offline,High,7271,658.52,241.1,4788098.92,1753038.1
E2306,Juan,Ropa,Online,Critical,2983,627.34,267.54,1871355.22,798071.82
E2307,Julie,Frutas,Offline,Medium,4164,469.75,245.87,1956039,1023802.68
E2308,Melissa,Snacks,Offline,Critical,6503,926.28,393.7,6023598.84,2560231.1
E2309,Amber,Carnes,Online,Low,6855,881.65,25.56,6043710.75,175213.8
E2310,William,Alimento infantil,Offline,Low,4872,916.03,190.51,4462898.16,928164.72
E2311,Michael,Cuidado personal,Offline,High,6544,795.33,164.55,5204639.52,1076815.2
E2312,Ethan,Carnes,Offline,Critical,2196,516.01,147.55,1133157.96,324019.8
E2313,Cindy,Verduras,Online,Medium,7396,447.49,7.74,3309636.04,57245.04
E2314,Melanie,Domestico,Offline,High,3016,626.7,255.54,1890127.2,770708.64
E2315,Jeffrey,Bebida,Online,High,8319,412.49,499.37,3431504.31,4154259.03
E2316,James,Verduras,Online,Low,7132,815.06,398.3,5813007.92,2840675.6
E2317,Jacqueline,Cuidado personal,Online,Low,5656,575.68,185.22,3256046.08,1047604.32
E2318,Daniel,Verduras,Online,High,1810,815.48,288.38,1476018.8,521967.8
E2319,Duane,Cosmeticos,Online,Low,8950,625.59,477.75,5599030.5,4275862.5
E2320,Phillip,Alimento infantil,Offline,Critical,2145,677.35,25.94,1452915.75,55641.3
E2321,Nicole,Ropa,Online,Low,4819,753.33,163.96,3630297.27,790123.24
E2322,Chris,Ropa,Online,High,2300,705.65,473.09,1622995,1088107
E2323,Thomas,Cuidado personal,Online,High,744,575.72,43.05,428335.68,32029.2
E2324,Kimberly,Domestico,Offline,Medium,5153,537.86,94.21,2771592.58,485464.13
E2325,Austin,Carnes,Offline,Critical,3802,813.59,323.41,3093269.18,1229604.82
E2326,Michael,Bebida,Offline,High,9167,926.42,255.6,8492492.14,2343085.2
E2327,Jessica,Material de oficina,Offline,Critical,4530,631.85,458.28,2862280.5,2076008.4
E2328,Gregory,Domestico,Offline,High,5407,771.26,481.21,4170202.82,2601902.47
E2329,Daniel,Verduras,Offline,High,853,670.48,11.75,571919.44,10022.75
E2330,Dawn,Snacks,Offline,Critical,4347,674.44,286.7,2931790.68,1246284.9
E2331,Nicholas,Alimento infantil,Online,Medium,6675,907.33,311.97,6056427.75,2082399.75
E2332,Andrew,Cereales,Offline,Medium,2495,616.8,228.9,1538916,571105.5
E2333,Michael,Verduras,Online,Critical,1837,635.53,345.12,1167468.61,633985.44
E2334,Patricia,Snacks,Online,High,8078,410,289.35,3311980,2337369.3
E2335,Amanda,Cereales,Online,High,6425,733.4,459.25,4712095,2950681.25
E2336,Jill,Bebida,Offline,Critical,4372,560.72,52.3,2451467.84,228655.6
E2337,Andrew,Cuidado personal,Offline,Low,3268,998.71,221.58,3263784.28,724123.44
E2338,Randall,Domestico,Offline,Critical,4947,650.33,187.27,3217182.51,926424.69
E2339,Chad,Cereales,Online,Critical,3396,623.26,291.77,2116590.96,990850.92
E2340,Amber,Bebida,Offline,Critical,9504,541.04,32.16,5142044.16,305648.64
E2341,Jake,Cereales,Offline,High,4794,714.41,203.47,3424881.54,975435.18
E2342,Donald,Snacks,Online,High,1846,494.28,416.58,912440.88,769006.68
E2343,Carla,Alimento infantil,Online,High,7075,777.16,250.91,5498407,1775188.25
E2344,James,Bebida,Offline,Medium,6287,764.19,244.69,4804462.53,1538366.03
E2345,Tina,Cosmeticos,Online,High,7458,752.7,236.15,5613636.6,1761206.7
E2346,Nicholas,Ropa,Online,Low,4301,660.71,348.75,2841713.71,1499973.75
E2347,Lindsey,Bebida,Offline,Low,649,639.75,307.22,415197.75,199385.78
E2348,Mark,Snacks,Online,Critical,7335,834.83,401.07,6123478.05,2941848.45
E2349,Michael,Alimento infantil,Offline,Critical,9208,727.49,388.84,6698727.92,3580438.72
E2350,Veronica,Alimento infantil,Offline,Critical,9270,868.06,377.66,8046916.2,3500908.2
E2351,Cindy,Material de oficina,Online,Critical,6972,961.45,73.85,6703229.4,514882.2
E2352,Sarah,Ropa,Offline,Critical,9334,886.9,301.5,8278324.6,2814201
E2353,Mark,Carnes,Online,High,8468,469.07,213.61,3972084.76,1808849.48
E2354,Stacy,Material de oficina,Online,Medium,5996,679.29,140.36,4073022.84,841598.56
E2355,Adam,Frutas,Offline,Low,8831,591.81,345.1,5226274.11,3047578.1
E2356,Kenneth,Ropa,Offline,Critical,5255,733.03,135.27,3852072.65,710843.85
E2357,Daniel,Cereales,Offline,Low,7415,572.78,115.4,4247163.7,855691
E2358,Thomas,Carnes,Online,High,4535,573.19,68.52,2599416.65,310738.2
E2359,Kimberly,Verduras,Offline,High,1334,411.77,282.62,549301.18,377015.08
E2360,Jessica,Cereales,Offline,Medium,1509,651,342.87,982359,517390.83
E2361,Melanie,Material de oficina,Offline,Low,994,533.61,221.35,530408.34,220021.9
E2362,Dawn,Bebida,Offline,Medium,6576,583.18,460.63,3834991.68,3029102.88
E2363,Bruce,Bebida,Offline,Low,7255,666.5,213.77,4835457.5,1550901.35
E2364,Tammy,Ropa,Online,Critical,7599,599.85,245.63,4558260.15,1866542.37
E2365,Christina,Alimento infantil,Online,Medium,2577,482.73,168.27,1243995.21,433631.79
E2366,Nancy,Alimento infantil,Online,Medium,7125,845.14,488.95,6021622.5,3483768.75
E2367,Audrey,Ropa,Offline,Medium,4846,472.44,497.39,2289444.24,2410351.94
E2368,Cindy,Domestico,Online,Critical,1601,737.69,430.33,1181041.69,688958.33
E2369,Anthony,Domestico,Offline,Low,8357,544.44,404.92,4549885.08,3383916.44
E2370,Willie,Bebida,Offline,High,7433,669.66,366.35,4977582.78,2723079.55
E2371,Walter,Carnes,Offline,High,3969,433.86,283.93,1721990.34,1126918.17
E2372,William,Material de oficina,Offline,Critical,9587,498.66,381.56,4780653.42,3658015.72
E2373,Jose,Verduras,Online,Medium,7473,792.32,170.54,5921007.36,1274445.42
E2374,Mitchell,Bebida,Online,Medium,8914,935.41,310.81,8338244.74,2770560.34
E2375,Steve,Cereales,Offline,High,5294,524.76,443.89,2778079.44,2349953.66
E2376,Mark,Snacks,Offline,High,3649,413.19,379.66,1507730.31,1385379.34
E2377,Duane,Cereales,Online,High,7546,787.29,162.69,5940890.34,1227658.74
E2378,Anthony,Material de oficina,Online,Critical,7844,574.44,242.97,4505907.36,1905856.68
E2379,Kimberly,Alimento infantil,Online,Low,958,529.05,394.03,506829.9,377480.74
E2380,Zachary,Bebida,Online,Low,1287,962.76,151.71,1239072.12,195250.77
E2381,Donald,Cuidado personal,Offline,Low,2723,811.22,336.08,2208952.06,915145.84
E2382,Kevin,Cosmeticos,Offline,Critical,4666,450.78,327.86,2103339.48,1529794.76
E2383,Pamela,Bebida,Offline,Medium,9520,518.18,26.75,4933073.6,254660
E2384,Jacqueline,Cereales,Offline,Medium,3585,995.19,234.4,3567756.15,840324
E2385,Crystal,Carnes,Online,Low,1894,827.07,45.06,1566470.58,85343.64
E2386,Lindsey,Frutas,Online,Medium,7164,597.88,406.32,4283212.32,2910876.48
E2387,John,Cereales,Online,Low,4457,663.28,371.11,2956238.96,1654037.27
E2388,Ryan,Material de oficina,Offline,Medium,5938,765.89,352.68,4547854.82,2094213.84
E2389,Kiara,Frutas,Online,High,9891,418.3,460.62,4137405.3,4555992.42
E2390,Jake,Frutas,Offline,Low,8644,424.51,116.86,3669464.44,1010137.84
E2391,Michael,Material de oficina,Online,Critical,2512,511.14,95.14,1283983.68,238991.68
E2392,Timothy,Verduras,Offline,Critical,4338,640.24,201.4,2777361.12,873673.2
E2393,Danny,Domestico,Offline,Medium,4144,868.2,112.16,3597820.8,464791.04
E2394,Joseph,Material de oficina,Online,Medium,7285,910.71,175.32,6634522.35,1277206.2
E2395,Karen,Material de oficina,Offline,High,9055,733.65,75.12,6643200.75,680211.6
E2396,Richard,Domestico,Offline,Critical,339,478.54,313.13,162225.06,106151.07
E2397,Frank,Material de oficina,Online,Critical,4530,549.48,235.63,2489144.4,1067403.9
E2398,James,Domestico,Online,Low,7315,628.57,101.8,4597989.55,744667
E2399,John,Carnes,Offline,Low,144,525.63,6.49,75690.72,934.56
E2400,Nicholas,Cosmeticos,Offline,Low,4896,651.04,169.87,3187491.84,831683.52
E2401,Timothy,Cuidado personal,Online,Low,743,667.6,316.04,496026.8,234817.72
E2402,Jaime,Carnes,Online,Low,8004,715.6,187.05,5727662.4,1497148.2
E2403,Bruce,Carnes,Offline,Medium,9753,518.65,267.01,5058393.45,2604148.53
E2404,Christina,Cereales,Online,Critical,3391,817.98,361.08,2773770.18,1224422.28
E2405,Cory,Snacks,Online,Medium,6473,787.76,272.1,5099170.48,1761303.3
E2406,Todd,Cuidado personal,Online,High,5745,621.8,493.11,3572241,2832916.95
E2407,Emily,Bebida,Offline,Low,1218,977.98,210.81,1191179.64,256766.58
E2408,Kenneth,Alimento infantil,Online,Low,8438,431.51,409.2,3641081.38,3452829.6
E2409,Christine,Domestico,Online,Critical,7424,459.33,56,3410065.92,415744
E2410,Hector,Bebida,Offline,High,6215,638.96,329.63,3971136.4,2048650.45
E2411,Nicholas,Cereales,Online,Critical,6553,672.8,136.77,4408858.4,896253.81
E2412,Jose,Cuidado personal,Online,High,9601,971.68,111.4,9329099.68,1069551.4
E2413,Jennifer,Verduras,Online,Critical,3023,997.07,233.67,3014142.61,706384.41
E2414,Richard,Material de oficina,Offline,Medium,7179,763.12,188.32,5478438.48,1351949.28
E2415,Cindy,Bebida,Online,Low,9758,881.92,33.09,8605775.36,322892.22
E2416,Craig,Cereales,Online,Critical,2386,793.2,152.65,1892575.2,364222.9
E2417,Kevin,Domestico,Online,Low,922,785.61,429.27,724332.42,395786.94
E2418,Eric,Alimento infantil,Online,Critical,3713,845.29,499.17,3138561.77,1853418.21
E2419,Travis,Snacks,Online,Critical,2705,830.99,57.1,2247827.95,154455.5
E2420,Nicole,Domestico,Offline,High,7794,479.43,450.07,3736677.42,3507845.58
E2421,Lindsay,Carnes,Online,High,3513,921.3,261.44,3236526.9,918438.72
E2422,Christopher,Frutas,Online,High,5708,629.44,250.61,3592843.52,1430481.88
E2423,Michael,Cereales,Online,Critical,8231,530.65,403.14,4367780.15,3318245.34
E2424,Justin,Domestico,Online,Critical,2030,447.66,306.3,908749.8,621789
E2425,Jaime,Cereales,Offline,Low,2409,652.58,299.11,1572065.22,720555.99
E2426,Austin,Domestico,Online,Low,6067,587.85,447.34,3566485.95,2714011.78
E2427,Michelle,Frutas,Offline,Low,6479,866.9,312.36,5616645.1,2023780.44
E2428,Joshua,Alimento infantil,Online,Critical,8026,748.99,362.88,6011393.74,2912474.88
E2429,Carla,Cereales,Online,Low,3124,470.84,193.82,1470904.16,605493.68
E2430,Eric,Frutas,Online,Low,1285,479.18,336.04,615746.3,431811.4
E2431,Susan,Cereales,Online,Low,2628,901.65,168.57,2369536.2,443001.96
E2432,Michael,Carnes,Offline,High,4182,583.14,238.45,2438691.48,997197.9
E2433,Margaret,Cosmeticos,Offline,Medium,179,558.12,117.16,99903.48,20971.64
E2434,Connor,Domestico,Online,High,540,414.32,327.44,223732.8,176817.6
E2435,Vincent,Carnes,Offline,High,9153,497.78,212.1,4556180.34,1941351.3
E2436,Kayla,Carnes,Online,High,5693,822.21,274.81,4680841.53,1564493.33
E2437,Jennifer,Snacks,Offline,High,7601,929.16,140.02,7062545.16,1064292.02
E2438,Nathan,Cuidado personal,Offline,Low,8389,566.42,45.01,4751697.38,377588.89
E2439,John,Cosmeticos,Offline,Critical,9538,578.59,394.72,5518591.42,3764839.36
E2440,Brandi,Snacks,Online,Medium,5816,735.33,450.73,4276679.28,2621445.68
E2441,Amy,Frutas,Offline,High,9717,841.32,12.57,8175106.44,122142.69
E2442,Hector,Carnes,Online,Critical,1986,482.81,382.49,958860.66,759625.14
E2443,Carla,Snacks,Offline,High,6119,903.43,1.31,5528088.17,8015.89
E2444,Douglas,Ropa,Offline,Low,3935,667.68,47.33,2627320.8,186243.55
E2445,Chad,Material de oficina,Offline,Medium,2424,742.28,273.86,1799286.72,663836.64
E2446,Michael,Verduras,Offline,Medium,5096,972.62,445.4,4956471.52,2269758.4
E2447,Stephen,Snacks,Online,Low,3075,541.09,413.06,1663851.75,1270159.5
E2448,Cathy,Cuidado personal,Offline,High,5677,632.8,3.4,3592405.6,19301.8
E2449,Elizabeth,Carnes,Offline,Low,6462,691.66,205.52,4469506.92,1328070.24
E2450,Keith,Alimento infantil,Online,Critical,6336,859.15,278.06,5443574.4,1761788.16
E2451,Charles,Snacks,Online,Critical,423,712.02,91.4,301184.46,38662.2
E2452,Jill,Carnes,Offline,Medium,213,903.87,419.04,192524.31,89255.52
E2453,Allison,Alimento infantil,Online,High,9608,762,118.37,7321296,1137298.96
E2454,Christopher,Ropa,Online,Medium,8941,749.29,192.83,6699401.89,1724093.03
E2455,Susan,Snacks,Online,High,113,760.91,386.76,85982.83,43703.88
E2456,Lindsey,Carnes,Online,Critical,5566,404.89,482.7,2253617.74,2686708.2
E2457,Tiffany,Carnes,Offline,Critical,8146,858.84,284.71,6996110.64,2319247.66
E2458,Brenda,Verduras,Online,Critical,8909,710.41,367.29,6329042.69,3272186.61
E2459,Ashley,Frutas,Online,High,3587,538.94,41.07,1933177.78,147318.09
E2460,John,Verduras,Offline,Low,6772,946.83,257.41,6411932.76,1743180.52
E2461,Courtney,Frutas,Offline,Medium,856,991.15,313.06,848424.4,267979.36
E2462,Karla,Cereales,Online,High,3467,577.91,251.05,2003613.97,870390.35
E2463,Alisha,Ropa,Offline,High,605,723,321.22,437415,194338.1
E2464,Sarah,Bebida,Offline,High,3412,543.37,244.07,1853978.44,832766.84
E2465,Hannah,Snacks,Offline,Critical,4501,749.87,327.31,3375164.87,1473222.31
E2466,Sydney,Carnes,Offline,High,1298,846.79,165.84,1099133.42,215260.32
E2467,Sonia,Cereales,Online,High,4128,938.6,163.54,3874540.8,675093.12
E2468,Todd,Domestico,Offline,Medium,6746,570.9,495.43,3851291.4,3342170.78
E2469,Emily,Alimento infantil,Offline,Low,5643,431.71,299.46,2436139.53,1689852.78
E2470,Amy,Verduras,Online,Medium,3197,568.59,173.83,1817782.23,555734.51
E2471,Joseph,Bebida,Offline,Low,2148,574.33,436.38,1233660.84,937344.24
E2472,Danny,Bebida,Online,Low,9738,679.41,200.95,6616094.58,1956851.1
E2473,Vicki,Cereales,Online,High,8547,511.57,279.47,4372388.79,2388630.09
E2474,Emma,Material de oficina,Offline,High,5394,431.92,395.43,2329776.48,2132949.42
E2475,Pamela,Domestico,Offline,Low,7205,482.49,446.36,3476340.45,3216023.8
E2476,Jessica,Verduras,Offline,Medium,8883,579.79,449.22,5150274.57,3990421.26
E2477,Nancy,Frutas,Offline,Critical,4473,605.81,135.59,2709788.13,606494.07
E2478,Alex,Material de oficina,Offline,Low,9964,490.19,301.62,4884253.16,3005341.68
E2479,Amanda,Verduras,Offline,High,7371,735.87,129.03,5424097.77,951080.13
E2480,Jacob,Carnes,Online,Low,7328,438.18,477.75,3210983.04,3500952
E2481,Kaitlyn,Carnes,Offline,Low,552,760.34,103.26,419707.68,56999.52
E2482,Antonio,Verduras,Offline,Medium,8264,551.27,487.36,4555695.28,4027543.04
E2483,Eric,Snacks,Offline,Critical,812,895.5,142.53,727146,115734.36
E2484,Eric,Material de oficina,Offline,Medium,7082,497.7,137.12,3524711.4,971083.84
E2485,Wendy,Frutas,Offline,High,820,684.68,262.73,561437.6,215438.6
E2486,James,Domestico,Online,High,507,941.99,304.54,477588.93,154401.78
E2487,Michelle,Frutas,Online,Critical,8271,673.37,35.67,5569443.27,295026.57
E2488,Benjamin,Alimento infantil,Offline,Critical,4562,987.11,478.02,4503195.82,2180727.24
E2489,Jessica,Cereales,Online,Critical,6282,922.38,208.78,5794391.16,1311555.96
E2490,Michael,Material de oficina,Online,Medium,1727,547.17,163.61,944962.59,282554.47
E2491,Courtney,Snacks,Online,Critical,4654,474.22,307,2207019.88,1428778
E2492,Hunter,Domestico,Offline,Low,4025,551.28,47.6,2218902,191590
E2493,Kathy,Carnes,Online,Medium,4155,877.91,268.36,3647716.05,1115035.8
E2494,Jose,Frutas,Online,High,7393,543.3,108.76,4016616.9,804062.68
E2495,Karla,Material de oficina,Online,Low,614,727.14,467.28,446463.96,286909.92
E2496,Jessica,Domestico,Online,Low,933,987.97,495.91,921776.01,462684.03
E2497,Thomas,Cuidado personal,Offline,Medium,4651,963.44,96.14,4480959.44,447147.14
E2498,Lindsey,Bebida,Online,High,9787,418.56,199.39,4096446.72,1951429.93
E2499,John,Domestico,Online,Low,1399,588.17,294.96,822849.83,412649.04
E2500,Robert,Verduras,Online,Low,8098,713.39,379.4,5777032.22,3072381.2
E2501,Angela,Cereales,Offline,High,5160,758.4,195.29,3913344,1007696.4
E2502,Leslie,Cuidado personal,Online,Medium,4748,812.85,193.02,3859411.8,916458.96
E2503,Mandy,Ropa,Offline,Critical,3327,804.9,9.59,2677902.3,31905.93
E2504,Melissa,Carnes,Online,High,6449,411.14,457.84,2651441.86,2952610.16
E2505,Tammy,Cereales,Online,Low,9272,790.65,350.29,7330906.8,3247888.88
E2506,Adam,Bebida,Online,High,7270,622.87,354.1,4528264.9,2574307
E2507,Jacob,Cosmeticos,Offline,Medium,1450,696.39,224.03,1009765.5,324843.5
E2508,Stephanie,Cosmeticos,Online,Medium,6351,674.97,2.45,4286734.47,15559.95
E2509,Michael,Frutas,Online,Medium,4005,933.5,282.4,3738667.5,1131012
E2510,Tyrone,Material de oficina,Online,High,8353,681.35,287.75,5691316.55,2403575.75
E2511,Emily,Frutas,Offline,High,7610,417.61,14.51,3178012.1,110421.1
E2512,Jonathan,Cosmeticos,Online,Low,7254,514.64,473.24,3733198.56,3432882.96
E2513,Amanda,Carnes,Online,Medium,3154,791.77,139.77,2497242.58,440834.58
E2514,Gabriel,Bebida,Online,Low,1399,773.83,258.43,1082588.17,361543.57
E2515,Amanda,Carnes,Offline,Medium,5961,901.99,31.03,5376762.39,184969.83
E2516,Samantha,Cuidado personal,Online,Low,7931,759.78,224.26,6025815.18,1778606.06
E2517,Rita,Carnes,Offline,Low,8124,503.83,29.64,4093114.92,240795.36
E2518,Anthony,Material de oficina,Online,Low,5032,593.06,53.17,2984277.92,267551.44
E2519,Stuart,Cereales,Offline,Medium,201,980.08,312.3,196996.08,62772.3
E2520,Curtis,Cuidado personal,Online,Low,5425,670.66,185.39,3638330.5,1005740.75
E2521,Audrey,Bebida,Online,Medium,4277,766.56,9.81,3278577.12,41957.37
E2522,Jacob,Domestico,Offline,Low,6238,996.95,402.42,6218974.1,2510295.96
E2523,Kelly,Alimento infantil,Offline,High,8318,994.45,163.69,8271835.1,1361573.42
E2524,Justin,Material de oficina,Offline,High,7261,814.28,81.95,5912487.08,595038.95
E2525,Willie,Domestico,Offline,Medium,7130,582.38,419.6,4152369.4,2991748
E2526,Nicholas,Snacks,Online,Medium,2097,805.23,270.61,1688567.31,567469.17
E2527,Brandon,Carnes,Online,Medium,8677,636.25,164.75,5520741.25,1429535.75
E2528,Benjamin,Bebida,Online,Critical,2545,546.65,362.44,1391224.25,922409.8
E2529,Valerie,Cuidado personal,Offline,Critical,4859,857.08,145.36,4164551.72,706304.24
E2530,Jose,Carnes,Online,Medium,8934,687.04,136.5,6138015.36,1219491
E2531,James,Cosmeticos,Offline,Low,8283,688.95,345.6,5706572.85,2862604.8
E2532,Kayla,Alimento infantil,Online,High,5139,710.75,356.69,3652544.25,1833029.91
E2533,Mark,Cuidado personal,Online,Medium,1198,508.6,98.65,609302.8,118182.7
E2534,Karen,Verduras,Online,Critical,4590,643.43,94.92,2953343.7,435682.8
E2535,Frank,Domestico,Offline,Low,2890,663.35,263.09,1917081.5,760330.1
E2536,Kristen,Alimento infantil,Online,High,8112,858.38,433.99,6963178.56,3520526.88
E2537,Dustin,Ropa,Offline,Low,8388,715.98,365.67,6005640.24,3067239.96
E2538,Brady,Cuidado personal,Offline,Medium,6023,441.93,193.22,2661744.39,1163764.06
E2539,George,Frutas,Offline,Low,3931,940.32,358.69,3696397.92,1410010.39
E2540,Monica,Material de oficina,Offline,Medium,1140,876.52,128.79,999232.8,146820.6
E2541,Amanda,Cosmeticos,Online,Critical,4207,858.6,282.79,3612130.2,1189697.53
E2542,Rachel,Alimento infantil,Offline,High,1883,635,123.64,1195705,232814.12
E2543,Brittany,Cosmeticos,Offline,Critical,8343,873.88,459.41,7290780.84,3832857.63
E2544,Kenneth,Frutas,Online,Low,8301,471.51,477.77,3914004.51,3965968.77
E2545,Crystal,Carnes,Online,High,7802,406.2,53.89,3169172.4,420449.78
E2546,Timothy,Cuidado personal,Online,Low,2936,518.53,74.74,1522404.08,219436.64
E2547,Kayla,Ropa,Offline,Low,6952,845.79,495.29,5879932.08,3443256.08
E2548,Gina,Bebida,Online,Low,3495,645.63,259.09,2256476.85,905519.55
E2549,Robert,Cereales,Offline,High,4330,581.52,257.47,2517981.6,1114845.1
E2550,Megan,Snacks,Online,High,9470,890.74,62.98,8435307.8,596420.6
E2551,Vicki,Ropa,Offline,Medium,2918,708.91,235.01,2068599.38,685759.18
E2552,Sean,Cuidado personal,Online,Critical,1446,581.59,461.32,840979.14,667068.72
E2553,Bianca,Ropa,Online,Low,2738,765.42,315.47,2095719.96,863756.86
E2554,Joseph,Carnes,Offline,High,2334,641.04,279.4,1496187.36,652119.6
E2555,Kelly,Cosmeticos,Offline,Medium,3457,619.39,188.57,2141231.23,651886.49
E2556,Bryan,Cuidado personal,Online,Medium,3684,894.21,499.62,3294269.64,1840600.08
E2557,Frank,Material de oficina,Online,High,9541,739.65,313.96,7057000.65,2995492.36
E2558,Melinda,Ropa,Online,Critical,9688,671.05,119.91,6501132.4,1161688.08
E2559,Tammy,Ropa,Offline,High,8687,865.86,30.4,7521725.82,264084.8
E2560,Thomas,Carnes,Offline,Critical,2708,534.77,299.51,1448157.16,811073.08
E2561,Daniel,Carnes,Offline,Medium,2109,577.87,20.87,1218727.83,44014.83
E2562,Jose,Cereales,Offline,Low,5245,977.31,407.92,5125990.95,2139540.4
E2563,Christopher,Cosmeticos,Online,Medium,9327,880.91,12.42,8216247.57,115841.34
E2564,Randall,Cosmeticos,Online,Critical,490,889.46,314.12,435835.4,153918.8
E2565,Michael,Domestico,Offline,High,334,978.52,263.1,326825.68,87875.4
E2566,John,Verduras,Offline,High,7653,789.25,232.65,6040130.25,1780470.45
E2567,Ethan,Carnes,Online,High,2113,572.07,212.49,1208783.91,448991.37
E2568,Richard,Domestico,Offline,Medium,3567,479.04,125.54,1708735.68,447801.18
E2569,Kevin,Cereales,Online,Low,2371,791,359.46,1875461,852279.66
E2570,Andrea,Carnes,Offline,Low,210,627.79,164.2,131835.9,34482
E2571,Isaiah,Bebida,Online,Critical,4842,428.99,458.96,2077169.58,2222284.32
E2572,Gregory,Frutas,Offline,Medium,4574,723.98,272.59,3311484.52,1246826.66
E2573,Diana,Bebida,Offline,Medium,8479,418.81,43.34,3551089.99,367479.86
E2574,Walter,Frutas,Online,Low,4336,445.68,370.57,1932468.48,1606791.52
E2575,Richard,Verduras,Online,Low,5852,505.8,417.53,2959941.6,2443385.56
E2576,Dean,Cosmeticos,Offline,High,6979,718.09,325.49,5011550.11,2271594.71
E2577,Dustin,Carnes,Online,Medium,7528,549.47,83.54,4136410.16,628889.12
E2578,Dawn,Frutas,Offline,Critical,8013,552.54,220.5,4427503.02,1766866.5
E2579,Michael,Cosmeticos,Offline,Medium,1264,704.1,209.89,889982.4,265300.96
E2580,Amanda,Domestico,Offline,Critical,6053,719.05,441.47,4352409.65,2672217.91
E2581,Austin,Cuidado personal,Offline,Low,4456,949.36,425.79,4230348.16,1897320.24
E2582,Cindy,Alimento infantil,Offline,Critical,1909,873.12,273.21,1666786.08,521557.89
E2583,Scott,Domestico,Offline,High,7712,752.94,225.47,5806673.28,1738824.64
E2584,Monica,Verduras,Online,High,6323,892.87,251.93,5645617.01,1592953.39
E2585,Valerie,Verduras,Online,High,6499,612.85,133.78,3982912.15,869436.22
E2586,Stephen,Alimento infantil,Online,Critical,215,914.24,64.28,196561.6,13820.2
E2587,Alex,Ropa,Online,Medium,4961,592.49,195.13,2939342.89,968039.93
E2588,Eric,Cosmeticos,Offline,Low,5271,573.01,217.93,3020335.71,1148709.03
E2589,Angela,Bebida,Online,High,6943,612.58,350.25,4253142.94,2431785.75
E2590,Michael,Cuidado personal,Offline,High,9079,714.26,485.65,6484766.54,4409216.35
E2591,Matthew,Ropa,Online,High,9751,770.78,31.49,7515875.78,307058.99
E2592,Brittany,Verduras,Online,Low,3879,758.6,435.04,2942609.4,1687520.16
E2593,Adam,Cosmeticos,Offline,High,9549,422.97,471.45,4038940.53,4501876.05
E2594,David,Cuidado personal,Online,Critical,1484,447.7,402.43,664386.8,597206.12
E2595,Juan,Material de oficina,Online,Medium,1717,501.48,173.26,861041.16,297487.42
E2596,Allison,Alimento infantil,Online,Medium,6684,530.87,222.44,3548335.08,1486788.96
E2597,Sara,Cereales,Offline,Critical,5180,453.59,206.24,2349596.2,1068323.2
E2598,Kimberly,Cuidado personal,Offline,Low,6171,942.77,248.98,5817833.67,1536455.58
E2599,Joseph,Carnes,Offline,Low,7311,479.69,92.63,3507013.59,677217.93
E2600,Judith,Carnes,Online,Low,6664,579.98,129.05,3864986.72,859989.2
E2601,Mark,Alimento infantil,Online,Low,8153,968.81,437.38,7898707.93,3565959.14
E2602,Curtis,Cuidado personal,Online,Critical,7474,934.51,272.99,6984527.74,2040327.26
E2603,Chad,Cuidado personal,Online,Low,6645,473.58,398.92,3146939.1,2650823.4
E2604,Matthew,Frutas,Offline,High,6202,587.64,220.78,3644543.28,1369277.56
E2605,Michael,Ropa,Offline,Low,7863,673.25,332.63,5293764.75,2615469.69
E2606,Tiffany,Cereales,Offline,High,7194,707.9,399.6,5092632.6,2874722.4
E2607,Kimberly,Snacks,Offline,High,6405,559.87,44.77,3585967.35,286751.85
E2608,Christopher,Carnes,Offline,Low,6667,880.11,196.08,5867693.37,1307265.36
E2609,Susan,Domestico,Offline,High,4223,676.84,127.88,2858295.32,540037.24
E2610,Heather,Snacks,Offline,Critical,7975,709.84,427.03,5660974,3405564.25
E2611,Susan,Carnes,Offline,Critical,6556,984.66,308.02,6455430.96,2019379.12
E2612,Benjamin,Cuidado personal,Online,Critical,867,455.82,485.18,395195.94,420651.06
E2613,Alisha,Ropa,Online,High,9310,885.67,34.29,8245587.7,319239.9
E2614,Angela,Snacks,Online,High,5880,687.74,415.12,4043911.2,2440905.6
E2615,Gabriel,Cereales,Online,Critical,2159,887.69,352.13,1916522.71,760248.67
E2616,Tyler,Cosmeticos,Offline,Critical,237,836.21,15,198181.77,3555
E2617,David,Verduras,Offline,Medium,8294,904.31,439.34,7500347.14,3643885.96
E2618,Courtney,Ropa,Online,Medium,5703,844.91,478.46,4818521.73,2728657.38
E2619,Alex,Bebida,Offline,High,2388,518.21,168.03,1237485.48,401255.64
E2620,Sean,Cereales,Offline,Low,9702,544.66,465.49,5284291.32,4516183.98
E2621,Erin,Alimento infantil,Offline,Medium,7239,543.17,151.05,3932007.63,1093450.95
E2622,Brian,Verduras,Offline,High,5192,596.91,428.15,3099156.72,2222954.8
E2623,Jennifer,Verduras,Offline,High,5499,962.25,211.97,5291412.75,1165623.03
E2624,Sean,Carnes,Online,High,5353,768.72,324.93,4114958.16,1739350.29
E2625,William,Carnes,Offline,Low,3131,941.8,461.89,2948775.8,1446177.59
E2626,Andrew,Ropa,Online,Low,1256,411.93,73.19,517384.08,91926.64
E2627,Monica,Material de oficina,Offline,Low,8144,730.3,55.65,5947563.2,453213.6
E2628,Gabriel,Cuidado personal,Online,Critical,6059,553.64,175.33,3354504.76,1062324.47
E2629,Johnny,Cuidado personal,Offline,High,1116,591.97,276.28,660638.52,308328.48
E2630,Dana,Frutas,Offline,Low,4810,635.85,412.72,3058438.5,1985183.2
E2631,Chad,Alimento infantil,Offline,Low,9491,626.55,228.92,5946586.05,2172679.72
E2632,Alex,Ropa,Online,Critical,8902,648.09,388.22,5769297.18,3455934.44
E2633,Michael,Cuidado personal,Offline,High,8609,894.94,406.4,7704538.46,3498697.6
E2634,Amy,Cuidado personal,Online,Low,8211,800.42,109.33,6572248.62,897708.63
E2635,John,Material de oficina,Offline,Critical,8770,504.97,291.45,4428586.9,2556016.5
E2636,Jill,Alimento infantil,Online,Medium,2301,744.59,442.54,1713301.59,1018284.54
E2637,Carla,Material de oficina,Offline,Medium,9820,897.99,455.08,8818261.8,4468885.6
E2638,Matthew,Bebida,Online,Medium,9247,828.23,25.03,7658642.81,231452.41
E2639,Amy,Material de oficina,Offline,Low,8312,618.04,450.44,5137148.48,3744057.28
E2640,Daniel,Material de oficina,Offline,High,8089,838.08,195.8,6779229.12,1583826.2
E2641,Nicholas,Snacks,Online,Critical,2452,568.52,201.76,1394011.04,494715.52
E2642,Kayla,Snacks,Online,Medium,7768,408.32,178.96,3171829.76,1390161.28
E2643,Barbara,Cosmeticos,Online,Low,6007,446.61,76.72,2682786.27,460857.04
E2644,Melanie,Carnes,Offline,Medium,5000,583.85,129.12,2919250,645600
E2645,Darin,Cosmeticos,Offline,Critical,4619,781.15,149.46,3608131.85,690355.74
E2646,Nicholas,Cuidado personal,Offline,Critical,2422,961.78,8.04,2329431.16,19472.88
E2647,Jennifer,Bebida,Online,High,2829,993.78,421.76,2811403.62,1193159.04
E2648,Jill,Cosmeticos,Offline,High,181,931.76,52.79,168648.56,9554.99
E2649,Jennifer,Cuidado personal,Offline,Medium,7163,800.35,488.46,5732907.05,3498838.98
E2650,Jennifer,Cuidado personal,Offline,Medium,1361,782.43,161.06,1064887.23,219202.66
E2651,Keith,Snacks,Offline,Critical,9176,620.79,295.02,5696369.04,2707103.52
E2652,Paul,Snacks,Offline,High,6027,484.19,247.42,2918213.13,1491200.34
E2653,Melissa,Cereales,Online,Medium,765,553.12,202.79,423136.8,155134.35
E2654,Jane,Material de oficina,Offline,Critical,6885,998.5,451.2,6874672.5,3106512
E2655,Kimberly,Ropa,Offline,Critical,2888,621.3,392.01,1794314.4,1132124.88
E2656,Jessica,Alimento infantil,Offline,Critical,9847,935.03,33.78,9207240.41,332631.66
E2657,Maxwell,Domestico,Online,Critical,8885,616.84,498.99,5480623.4,4433526.15
E2658,Nicholas,Cereales,Online,Medium,7758,657.26,139.45,5099023.08,1081853.1
E2659,Theresa,Cuidado personal,Offline,Medium,3903,438.07,378.8,1709787.21,1478456.4
E2660,Melinda,Cosmeticos,Online,Low,8721,890.11,398.06,7762649.31,3471481.26
E2661,Bryan,Cereales,Online,Critical,7174,879.32,219.39,6308241.68,1573903.86
E2662,Amanda,Alimento infantil,Offline,Low,4615,532.01,117.66,2455226.15,543000.9
E2663,Alisha,Domestico,Online,Medium,668,854.83,112.65,571026.44,75250.2
E2664,Randy,Cosmeticos,Offline,Critical,1110,567.99,22.27,630468.9,24719.7
E2665,Sean,Cuidado personal,Online,Critical,6324,986.31,398.92,6237424.44,2522770.08
E2666,Thomas,Carnes,Online,High,7947,672.52,211.33,5344516.44,1679439.51
E2667,Paula,Verduras,Offline,Critical,2388,503.94,256.28,1203408.72,611996.64
E2668,Michelle,Ropa,Offline,Medium,5101,555.93,437.32,2835798.93,2230769.32
E2669,Crystal,Cuidado personal,Online,Medium,6897,804.24,284.84,5546843.28,1964541.48
E2670,Lindsey,Ropa,Online,Critical,7174,445.6,495.91,3196734.4,3557658.34
E2671,Michael,Material de oficina,Online,Critical,3412,760.59,230.3,2595133.08,785783.6
E2672,Gina,Ropa,Offline,Medium,9670,892.44,382.24,8629894.8,3696260.8
E2673,Hector,Material de oficina,Offline,Critical,713,707.29,209.81,504297.77,149594.53
E2674,Julie,Verduras,Online,Medium,4126,503.56,86.49,2077688.56,356857.74
E2675,Thomas,Cuidado personal,Online,High,2757,990.41,428.42,2730560.37,1181153.94
E2676,Courtney,Cuidado personal,Offline,Critical,1537,938.01,304.02,1441721.37,467278.74
E2677,Kim,Material de oficina,Offline,Medium,4309,468.6,115.24,2019197.4,496569.16
E2678,Jacob,Cereales,Online,Low,4149,579.75,90.92,2405382.75,377227.08
E2679,Bryan,Material de oficina,Online,Low,1011,525.88,210.34,531664.68,212653.74
E2680,Sean,Snacks,Offline,Medium,3278,600.03,43.35,1966898.34,142101.3
E2681,Steven,Cosmeticos,Online,Critical,1557,527,498.7,820539,776475.9
E2682,Marc,Alimento infantil,Offline,High,9012,925.02,479.13,8336280.24,4317919.56
E2683,Christopher,Cuidado personal,Online,Medium,3211,783.73,87.53,2516557.03,281058.83
E2684,Joshua,Verduras,Offline,High,9384,894.51,208.91,8394081.84,1960411.44
E2685,Eric,Cosmeticos,Offline,Critical,4016,605.37,168.55,2431165.92,676896.8
E2686,Melissa,Verduras,Offline,Medium,4061,828.33,34.6,3363848.13,140510.6
E2687,Deborah,Ropa,Offline,High,424,890.28,448.77,377478.72,190278.48
E2688,Ashley,Bebida,Online,Low,1394,475.1,64.46,662289.4,89857.24
E2689,Timothy,Alimento infantil,Online,Medium,1877,990.28,484.96,1858755.56,910269.92
E2690,Rebecca,Bebida,Online,Low,1935,800.34,50.2,1548657.9,97137
E2691,Kimberly,Snacks,Online,Medium,8428,653.28,168.4,5505843.84,1419275.2
E2692,Darryl,Snacks,Online,Medium,4406,848.02,397.3,3736376.12,1750503.8
E2693,Gail,Verduras,Online,Critical,451,401.4,468.94,181031.4,211491.94
E2694,Larry,Snacks,Online,High,6661,815.44,412.71,5431645.84,2749061.31
E2695,Rachel,Cereales,Online,Critical,5894,706.2,460.29,4162342.8,2712949.26
E2696,Courtney,Bebida,Online,Critical,4222,900.58,441.23,3802248.76,1862873.06
E2697,Duane,Bebida,Online,Critical,8320,548.59,42.03,4564268.8,349689.6
E2698,Allison,Domestico,Online,Low,8812,973.45,493.66,8578041.4,4350131.92
E2699,Rebekah,Verduras,Online,Medium,5398,703.56,485.42,3797816.88,2620297.16
E2700,Julie,Snacks,Offline,Low,5721,980.33,275.87,5608467.93,1578252.27
E2701,Kimberly,Ropa,Online,Medium,8669,672.32,107.7,5828342.08,933651.3
E2702,Vincent,Bebida,Online,Low,8261,599.52,323.41,4952634.72,2671690.01
E2703,Madison,Cosmeticos,Offline,Critical,5339,443.72,424.06,2369021.08,2264056.34
E2704,Joshua,Carnes,Online,Low,6187,842.64,322.18,5213413.68,1993327.66
E2705,William,Cosmeticos,Online,Low,2286,554.13,453.64,1266741.18,1037021.04
E2706,Phillip,Bebida,Offline,Medium,4843,425.98,26.71,2063021.14,129356.53
E2707,Alex,Bebida,Online,Critical,5924,802.92,162.82,4756498.08,964545.68
E2708,Matthew,Cosmeticos,Online,Critical,2614,770.44,458.85,2013930.16,1199433.9
E2709,Daniel,Bebida,Online,Critical,9430,701.29,112.16,6613164.7,1057668.8
E2710,Julie,Snacks,Online,High,6533,840.41,138.43,5490398.53,904363.19
E2711,Cameron,Ropa,Offline,Low,1809,411.06,498.75,743607.54,902238.75
E2712,Kristin,Frutas,Online,Critical,5729,818.58,361.72,4689644.82,2072293.88
E2713,Curtis,Frutas,Online,Low,1325,720.87,236.05,955152.75,312766.25
E2714,Christina,Frutas,Offline,High,4629,980.27,155.13,4537669.83,718096.77
E2715,Dana,Ropa,Offline,Low,3259,801.26,390.64,2611306.34,1273095.76
E2716,Nicholas,Alimento infantil,Online,Critical,6851,431.02,47.85,2952918.02,327820.35
E2717,Jacob,Verduras,Online,Low,7595,607.11,462.12,4611000.45,3509801.4
E2718,Brian,Carnes,Offline,Critical,4244,959.33,494.57,4071396.52,2098955.08
E2719,Andrew,Domestico,Online,Critical,5776,860.54,398.38,4970479.04,2301042.88
E2720,Jessica,Carnes,Online,Medium,7551,650.18,110.82,4909509.18,836801.82
E2721,Andrew,Alimento infantil,Online,Low,8673,610.44,57.48,5294346.12,498524.04
E2722,Brett,Carnes,Online,Low,3559,478.55,39.68,1703159.45,141221.12
E2723,David,Bebida,Online,Low,5299,640.51,202.4,3394062.49,1072517.6
E2724,Melissa,Cereales,Offline,Critical,1293,413.83,348.84,535082.19,451050.12
E2725,Bruce,Snacks,Offline,Critical,7523,775.77,110.74,5836117.71,833097.02
E2726,Tabitha,Material de oficina,Online,Low,9469,658.02,425.22,6230791.38,4026408.18
E2727,Annette,Bebida,Offline,Low,9049,457.33,89.67,4138379.17,811423.83
E2728,Lindsey,Snacks,Online,Low,3372,967.13,420.35,3261162.36,1417420.2
E2729,Nicole,Cuidado personal,Online,Medium,8319,832.49,369.46,6925484.31,3073537.74
E2730,Nicole,Ropa,Offline,High,7575,862.01,441.02,6529725.75,3340726.5
E2731,Andrew,Cosmeticos,Online,High,1558,672.15,170.4,1047209.7,265483.2
E2732,Amanda,Verduras,Offline,High,4057,782.87,343.53,3176103.59,1393701.21
E2733,Michael,Material de oficina,Offline,Low,5476,493.17,388.55,2700598.92,2127699.8
E2734,Brenda,Cosmeticos,Online,Critical,5819,542.8,130.06,3158553.2,756819.14
E2735,Dawn,Alimento infantil,Offline,Low,6611,400.63,466.88,2648564.93,3086543.68
E2736,Kevin,Snacks,Offline,Critical,7050,471.18,424.42,3321819,2992161
E2737,Joshua,Domestico,Online,Medium,7178,720.55,119.64,5172107.9,858775.92
E2738,Joshua,Cuidado personal,Offline,Critical,4154,626.77,144.56,2603602.58,600502.24
E2739,Jose,Verduras,Online,Medium,3431,536.51,76.18,1840765.81,261373.58
E2740,Nancy,Snacks,Online,High,8990,857.53,172.97,7709194.7,1555000.3
E2741,Kayla,Bebida,Offline,Medium,9523,868.76,410.43,8273201.48,3908524.89
E2742,Kenneth,Cosmeticos,Online,High,5922,562.61,435.37,3331776.42,2578261.14
E2743,Monica,Verduras,Online,Medium,8901,899.52,293.88,8006627.52,2615825.88
E2744,Brian,Cosmeticos,Online,Medium,7265,476.5,127.45,3461772.5,925924.25
E2745,Susan,Bebida,Online,Critical,4201,409.84,475.67,1721737.84,1998289.67
E2746,Christina,Verduras,Online,Medium,1218,591.93,233.94,720970.74,284938.92
E2747,Brittany,Carnes,Offline,Low,7701,802.98,32.5,6183748.98,250282.5
E2748,Jennifer,Cuidado personal,Online,Medium,8847,436.65,192.62,3863042.55,1704109.14
E2749,Dustin,Carnes,Offline,Low,2407,992.9,325.08,2389910.3,782467.56
E2750,Zachary,Domestico,Online,High,5457,867,105.41,4731219,575222.37
E2751,Wayne,Ropa,Offline,Medium,6441,838.08,24.53,5398073.28,157997.73
E2752,Matthew,Frutas,Online,High,852,526.21,497.38,448330.92,423767.76
E2753,Matthew,Bebida,Online,Medium,2109,744.42,81.33,1569981.78,171524.97
E2754,Darryl,Cuidado personal,Offline,High,9930,959.52,217.59,9528033.6,2160668.7
E2755,Craig,Material de oficina,Offline,High,9654,428.65,491.09,4138187.1,4740982.86
E2756,James,Ropa,Offline,High,1916,682.83,356.75,1308302.28,683533
E2757,Timothy,Bebida,Online,Medium,7180,697.41,257.23,5007403.8,1846911.4
E2758,James,Cereales,Online,High,2212,409.04,233.71,904796.48,516966.52
E2759,Amber,Verduras,Online,Low,4421,910.33,48.73,4024568.93,215435.33
E2760,Leah,Alimento infantil,Online,Low,7056,810.04,78.82,5715642.24,556153.92
E2761,Isaiah,Bebida,Online,High,9975,748.52,496.7,7466487,4954582.5
E2762,Lisa,Cosmeticos,Offline,Critical,5122,908.63,416.08,4654002.86,2131161.76
E2763,Todd,Frutas,Online,Low,7809,543.7,412,4245753.3,3217308
E2764,David,Cuidado personal,Offline,Low,6996,562.67,439.53,3936439.32,3074951.88
E2765,Rebekah,Ropa,Online,Medium,2854,837.95,167.87,2391509.3,479100.98
E2766,Vicki,Carnes,Online,Critical,9797,778.84,245.19,7630295.48,2402126.43
E2767,Stacy,Material de oficina,Offline,Critical,3310,966.41,484.48,3198817.1,1603628.8
E2768,Andrea,Frutas,Online,Medium,6544,846.86,411.86,5541851.84,2695211.84
E2769,Joseph,Alimento infantil,Online,Medium,8892,495.28,44.72,4404029.76,397650.24
E2770,Tammy,Alimento infantil,Online,Low,4752,632.63,67.79,3006257.76,322138.08
E2771,Brenda,Snacks,Online,Low,2350,415.04,402.79,975344,946556.5
E2772,Andrew,Alimento infantil,Offline,Low,7171,598.16,184.47,4289405.36,1322834.37
E2773,Chad,Verduras,Offline,High,8705,618.22,90.02,5381605.1,783624.1
E2774,Joseph,Cosmeticos,Offline,Critical,6029,824.69,272.82,4972056.01,1644831.78
E2775,Kristin,Frutas,Offline,High,2015,823.41,96.03,1659171.15,193500.45
E2776,Nicholas,Verduras,Online,Critical,8050,962.67,443.88,7749493.5,3573234
E2777,Eric,Domestico,Offline,High,9764,834.17,98.32,8144835.88,959996.48
E2778,Eric,Carnes,Offline,Medium,7596,629.16,8.59,4779099.36,65249.64
E2779,Kimberly,Domestico,Offline,High,3233,488.45,326.06,1579158.85,1054151.98
E2780,Juan,Verduras,Online,High,7212,702.49,235.11,5066357.88,1695613.32
E2781,Stephanie,Carnes,Offline,Low,7987,763.59,356.96,6098793.33,2851039.52
E2782,Nicholas,Verduras,Online,High,9350,622.51,296.85,5820468.5,2775547.5
E2783,Chad,Bebida,Offline,Low,896,877.2,152.75,785971.2,136864
E2784,Brenda,Alimento infantil,Offline,Low,1582,839.21,496.9,1327630.22,786095.8
E2785,Austin,Carnes,Online,Low,164,665.1,354.86,109076.4,58197.04
E2786,Jeffrey,Verduras,Offline,High,2248,814.17,315.12,1830254.16,708389.76
E2787,Nathan,Material de oficina,Offline,Medium,8201,899.75,441.51,7378849.75,3620823.51
E2788,Kenneth,Cuidado personal,Offline,Medium,1362,885.35,447.86,1205846.7,609985.32
E2789,Daniel,Cosmeticos,Offline,Critical,1052,755.98,368.7,795290.96,387872.4
E2790,Kenneth,Frutas,Offline,Medium,5225,760.82,464.04,3975284.5,2424609
E2791,Alyssa,Bebida,Online,Critical,2184,862.96,377.85,1884704.64,825224.4
E2792,Joshua,Carnes,Online,High,247,524.3,189.03,129502.1,46690.41
E2793,Johnny,Ropa,Online,Medium,3178,417.66,172.57,1327323.48,548427.46
E2794,Rachel,Alimento infantil,Online,High,8947,808.54,206.08,7234007.38,1843797.76
E2795,Isaiah,Material de oficina,Offline,Medium,7541,447.59,416.81,3375276.19,3143164.21
E2796,Ryan,Alimento infantil,Offline,Medium,2702,723.16,52.11,1953978.32,140801.22
E2797,Eric,Cosmeticos,Offline,Low,1752,704.57,62.3,1234406.64,109149.6
E2798,Zachary,Ropa,Online,Critical,2207,856.35,69.03,1889964.45,152349.21
E2799,Danielle,Material de oficina,Online,High,2134,727.62,114.85,1552741.08,245089.9
E2800,Matthew,Bebida,Offline,Critical,6085,717.92,487.61,4368543.2,2967106.85
E2801,Eric,Frutas,Offline,Low,1332,511.9,345.29,681850.8,459926.28
E2802,Danielle,Cosmeticos,Offline,High,9473,927.53,240.3,8786491.69,2276361.9
E2803,Joshua,Cosmeticos,Online,Critical,779,963.2,134.93,750332.8,105110.47
E2804,Jaime,Alimento infantil,Offline,Low,4589,409.06,316.4,1877176.34,1451959.6
E2805,Lori,Verduras,Offline,High,5864,907.04,484.1,5318882.56,2838762.4
E2806,Thomas,Material de oficina,Online,Critical,6370,603.72,171.05,3845696.4,1089588.5
E2807,Jennifer,Cuidado personal,Offline,Low,2910,507.89,172.91,1477959.9,503168.1
E2808,Katherine,Ropa,Offline,High,5092,920.57,431.5,4687542.44,2197198
E2809,Andrea,Material de oficina,Offline,High,4534,705.33,309.72,3197966.22,1404270.48
E2810,Julie,Cereales,Offline,Low,6933,761.8,472.23,5281559.4,3273970.59
E2811,Ryan,Snacks,Online,Low,3096,710.54,104.89,2199831.84,324739.44
E2812,Jessica,Ropa,Online,Low,2565,407.26,3.9,1044621.9,10003.5
E2813,Hector,Domestico,Offline,Low,684,911.51,467.56,623472.84,319811.04
E2814,William,Material de oficina,Offline,Critical,1637,735.95,93.27,1204750.15,152682.99
E2815,James,Cereales,Offline,Critical,6501,736.91,489.04,4790651.91,3179249.04
E2816,Zachary,Verduras,Online,Medium,5614,887.36,65.4,4981639.04,367155.6
E2817,Gina,Cuidado personal,Offline,High,7063,778.07,483.99,5495508.41,3418421.37
E2818,Frank,Frutas,Offline,Medium,6785,752.52,225.6,5105848.2,1530696
E2819,Joshua,Ropa,Online,High,3656,859.36,201.81,3141820.16,737817.36
E2820,Christina,Domestico,Offline,Low,3963,713.06,193.14,2825856.78,765413.82
E2821,Jessica,Cuidado personal,Offline,Low,9957,642.12,114.77,6393588.84,1142764.89
E2822,Lori,Alimento infantil,Offline,High,3575,875.29,109.39,3129161.75,391069.25
E2823,Frank,Ropa,Online,Critical,5880,814.4,365.37,4788672,2148375.6
E2824,Erica,Material de oficina,Offline,Critical,697,410.62,368.24,286202.14,256663.28
E2825,Jacob,Verduras,Offline,Critical,8651,670.08,426.41,5796862.08,3688872.91
E2826,Sara,Cosmeticos,Offline,Low,2650,575.11,347.2,1524041.5,920080
E2827,Duane,Verduras,Online,Critical,4817,920.59,458.14,4434482.03,2206860.38
E2828,Richard,Domestico,Online,High,3190,494.26,405.73,1576689.4,1294278.7
E2829,Curtis,Ropa,Online,Critical,2254,591.31,311.66,1332812.74,702481.64
E2830,Karen,Snacks,Online,Critical,6379,847.12,226.38,5403778.48,1444078.02
E2831,Mary,Material de oficina,Offline,High,2200,783.56,372.11,1723832,818642
E2832,Anthony,Frutas,Offline,Medium,5392,402.12,459,2168231.04,2474928
E2833,James,Bebida,Offline,High,4041,525.31,33.96,2122777.71,137232.36
E2834,Curtis,Cuidado personal,Offline,High,8922,493.77,159.05,4405415.94,1419044.1
E2835,Pamela,Cereales,Online,Medium,1596,459.54,479.33,733425.84,765010.68
E2836,Brenda,Frutas,Online,Medium,4630,720.04,307.19,3333785.2,1422289.7
E2837,Kenneth,Cereales,Online,Low,337,782.68,221.52,263763.16,74652.24
E2838,Katherine,Domestico,Offline,High,3950,667.9,422.46,2638205,1668717
E2839,Timothy,Ropa,Online,Critical,979,711.72,419.38,696773.88,410573.02
E2840,James,Alimento infantil,Online,Medium,8202,892.7,486.69,7321925.4,3991831.38
E2841,Gina,Cosmeticos,Offline,Low,5242,432.02,465.64,2264648.84,2440884.88
E2842,Alex,Cosmeticos,Online,Low,5234,747.28,289.63,3911263.52,1515923.42
E2843,Nicholas,Bebida,Offline,Low,9853,921.54,362.99,9079933.62,3576540.47
E2844,Bruce,Carnes,Online,Critical,8735,798.05,211.41,6970966.75,1846666.35
E2845,Audrey,Ropa,Online,Low,4750,420.7,236.11,1998325,1121522.5
E2846,Kiara,Frutas,Online,Critical,1173,604.5,315.65,709078.5,370257.45
E2847,Benjamin,Cosmeticos,Online,Low,4583,987.93,63.72,4527683.19,292028.76
E2848,Jill,Alimento infantil,Offline,Critical,2715,942.85,317.55,2559837.75,862148.25
E2849,Steve,Alimento infantil,Online,Low,1104,427.34,357.3,471783.36,394459.2
E2850,Joshua,Ropa,Online,Medium,2412,639.83,394.58,1543269.96,951726.96
E2851,Tyler,Cereales,Online,Low,4738,935.64,364.12,4433062.32,1725200.56
E2852,Anthony,Alimento infantil,Offline,Medium,8770,945.82,47.62,8294841.4,417627.4
E2853,Cindy,Ropa,Online,Low,4974,931.11,460.17,4631341.14,2288885.58
E2854,Nicole,Verduras,Offline,Low,3206,987.54,417.64,3166053.24,1338953.84
E2855,Taylor,Frutas,Offline,Low,5777,524.69,431.68,3031134.13,2493815.36
E2856,Jennifer,Cosmeticos,Online,Low,907,412.5,123.55,374137.5,112059.85
E2857,Melanie,Frutas,Offline,Medium,8093,638.94,21.02,5170941.42,170114.86
E2858,Katherine,Carnes,Online,Critical,4687,555.56,21.02,2603909.72,98520.74
E2859,Ashley,Cereales,Offline,Low,6146,719.25,434.33,4420510.5,2669392.18
E2860,Bruce,Frutas,Offline,High,337,687.53,16.41,231697.61,5530.17
E2861,Stephanie,Snacks,Online,High,9934,696.46,340.83,6918633.64,3385805.22
E2862,Sara,Frutas,Online,Medium,3579,767.71,131.94,2747634.09,472213.26
E2863,Hector,Alimento infantil,Online,Medium,4142,424.82,18.9,1759604.44,78283.8
E2864,Kelly,Cuidado personal,Online,Critical,3116,578.43,410.54,1802387.88,1279242.64
E2865,Lisa,Cuidado personal,Offline,Critical,8545,875.86,93.78,7484223.7,801350.1
E2866,Gabriel,Material de oficina,Online,Medium,986,893.99,461.83,881474.14,455364.38
E2867,Daniel,Cosmeticos,Offline,High,9672,866.64,156.36,8382142.08,1512313.92
E2868,Alyssa,Cosmeticos,Online,High,9357,407.81,170.86,3815878.17,1598737.02
E2869,Ryan,Ropa,Online,Medium,7728,686.12,194.15,5302335.36,1500391.2
E2870,Sarah,Snacks,Offline,High,500,780.64,209.38,390320,104690
E2871,Samuel,Frutas,Offline,Low,2389,743.92,405.57,1777224.88,968906.73
E2872,Lindsay,Cereales,Offline,Medium,4441,448.34,355.32,1991077.94,1577976.12
E2873,Kevin,Alimento infantil,Online,High,4520,724.31,45.38,3273881.2,205117.6
E2874,Lindsay,Cereales,Offline,Low,164,773.86,100.92,126913.04,16550.88
E2875,Holly,Snacks,Online,High,5052,802.92,421.09,4056351.84,2127346.68
E2876,Kayla,Alimento infantil,Online,High,3413,472.35,179.8,1612130.55,613657.4
E2877,Matthew,Alimento infantil,Online,High,1509,508.34,236.62,767085.06,357059.58
E2878,Brenda,Ropa,Online,Critical,494,853.62,316.82,421688.28,156509.08
E2879,Brian,Material de oficina,Offline,Critical,297,853.63,68.59,253528.11,20371.23
E2880,Natasha,Cereales,Online,Medium,7768,692.49,386.49,5379262.32,3002254.32
E2881,Philip,Ropa,Online,High,8033,507.7,389.65,4078354.1,3130058.45
E2882,Lisa,Snacks,Online,Critical,1676,808,115.82,1354208,194114.32
E2883,Jennifer,Domestico,Online,Low,9230,788.73,287.28,7279977.9,2651594.4
E2884,Adam,Cuidado personal,Offline,Critical,2949,840.25,92.15,2477897.25,271750.35
E2885,Brady,Snacks,Online,Medium,3960,770.41,300.61,3050823.6,1190415.6
E2886,Jacqueline,Snacks,Online,Medium,5482,777.49,84.1,4262200.18,461036.2
E2887,Daniel,Carnes,Online,Low,4057,955.76,394.83,3877518.32,1601825.31
E2888,Laura,Bebida,Offline,High,2217,935.03,91.51,2072961.51,202877.67
E2889,Joseph,Verduras,Online,Low,8111,449.45,134.66,3645488.95,1092227.26
E2890,Andre,Alimento infantil,Online,Critical,7877,782.53,272.35,6163988.81,2145300.95
E2891,Zachary,Carnes,Online,Critical,3714,988.17,433.57,3670063.38,1610278.98
E2892,Tiffany,Cosmeticos,Online,Medium,8120,648.65,12.09,5267038,98170.8
E2893,Phillip,Bebida,Offline,Low,7246,651.76,386.7,4722652.96,2802028.2
E2894,Tami,Ropa,Offline,Critical,5909,689.57,205.2,4074669.13,1212526.8
E2895,Willie,Ropa,Offline,Critical,5722,993.62,408.73,5685493.64,2338753.06
E2896,William,Carnes,Offline,Medium,4314,692.74,355.72,2988480.36,1534576.08
E2897,Nathan,Cosmeticos,Offline,Critical,7322,743.31,179.09,5442515.82,1311296.98
E2898,Brenda,Domestico,Online,Critical,6618,607.59,237.09,4021030.62,1569061.62
E2899,David,Cereales,Online,Critical,1162,665.34,200.06,773125.08,232469.72
E2900,William,Frutas,Offline,Critical,7269,651.76,156.62,4737643.44,1138470.78
E2901,Timothy,Carnes,Offline,Low,2185,480.97,286.32,1050919.45,625609.2
E2902,Susan,Verduras,Offline,High,7371,819.9,481.34,6043482.9,3547957.14
E2903,Darin,Domestico,Offline,Low,5948,414.94,477.53,2468063.12,2840348.44
E2904,Chad,Material de oficina,Offline,Critical,7895,548.53,277.51,4330644.35,2190941.45
E2905,Emily,Carnes,Offline,Critical,3790,971.27,50.91,3681113.3,192948.9
E2906,Tony,Material de oficina,Online,Critical,5630,939.75,212.43,5290792.5,1195980.9
E2907,Deborah,Ropa,Offline,High,5350,856.36,381.52,4581526,2041132
E2908,Kelly,Verduras,Online,Low,5178,515.47,83.93,2669103.66,434589.54
E2909,Katie,Material de oficina,Online,Medium,9232,790.2,328.43,7295126.4,3032065.76
E2910,Michael,Alimento infantil,Offline,High,1848,445.07,148.43,822489.36,274298.64
E2911,James,Cuidado personal,Online,Medium,4820,631.37,342.18,3043203.4,1649307.6
E2912,Emily,Carnes,Offline,Low,7770,780.69,130.33,6065961.3,1012664.1
E2913,Matthew,Frutas,Online,Medium,1694,714.41,131.56,1210210.54,222862.64
E2914,Thomas,Verduras,Online,Low,3044,506.91,351.99,1543034.04,1071457.56
E2915,Nicholas,Carnes,Offline,High,6483,597.99,485.3,3876769.17,3146199.9
E2916,Dean,Bebida,Offline,High,6756,992.51,433.68,6705397.56,2929942.08
E2917,Megan,Bebida,Online,Medium,7112,960,474.62,6827520,3375497.44
E2918,Logan,Verduras,Online,Medium,1832,435.59,203.7,798000.88,373178.4
E2919,Sarah,Domestico,Offline,High,5663,971.9,363.81,5503869.7,2060256.03
E2920,Jeffrey,Cosmeticos,Offline,Medium,4147,576.83,133.42,2392114.01,553292.74
E2921,Cathy,Domestico,Offline,Low,9604,883.6,403.39,8486094.4,3874157.56
E2922,Eric,Domestico,Offline,Critical,3657,629.53,272.52,2302191.21,996605.64
E2923,William,Frutas,Offline,High,9555,626.15,474.31,5982863.25,4532032.05
E2924,Amanda,Cosmeticos,Offline,Critical,2189,816.74,279.45,1787843.86,611716.05
E2925,Kelly,Frutas,Online,Medium,4462,526.27,73.35,2348216.74,327287.7
E2926,Frank,Cereales,Online,Low,3036,422.57,107.53,1282922.52,326461.08
E2927,Alicia,Carnes,Online,Low,7680,626.3,357.12,4809984,2742681.6
E2928,Kevin,Cereales,Offline,Critical,935,880.91,339.83,823650.85,317741.05
E2929,William,Frutas,Offline,Medium,2374,488.87,317.54,1160577.38,753839.96
E2930,Mary,Alimento infantil,Offline,Low,1230,913.54,399.36,1123654.2,491212.8
E2931,John,Cuidado personal,Offline,High,5764,540.85,139.94,3117459.4,806614.16
E2932,Joseph,Cosmeticos,Offline,Low,1064,638.3,394.73,679151.2,419992.72
E2933,Frank,Alimento infantil,Offline,Low,1709,484.04,334.16,827224.36,571079.44
E2934,Michael,Verduras,Offline,Medium,3502,478.29,151.74,1674971.58,531393.48
E2935,Thomas,Snacks,Online,High,4272,993.77,152.58,4245385.44,651821.76
E2936,Nicholas,Cuidado personal,Offline,High,3746,628.81,178.2,2355522.26,667537.2
E2937,Gregory,Material de oficina,Offline,Critical,4188,842.95,332.76,3530274.6,1393598.88
E2938,Willie,Bebida,Online,High,9428,990.31,389.37,9336642.68,3670980.36
E2939,Samantha,Domestico,Online,Critical,928,684.04,395.74,634789.12,367246.72
E2940,Robert,Carnes,Offline,Low,7254,422.84,367.88,3067281.36,2668601.52
E2941,Laura,Bebida,Offline,High,2682,428.9,151.31,1150309.8,405813.42
E2942,Autumn,Material de oficina,Offline,Low,7842,635.68,164.96,4985002.56,1293616.32
E2943,Tina,Cosmeticos,Offline,Low,8940,657.61,350.12,5879033.4,3130072.8
E2944,Kayla,Cuidado personal,Offline,Medium,5515,974.68,89.38,5375360.2,492930.7
E2945,Jeffrey,Ropa,Online,High,8361,541.9,315.03,4530825.9,2633965.83
E2946,Gregory,Frutas,Offline,High,3064,943.82,232.27,2891864.48,711675.28
E2947,Steven,Alimento infantil,Online,Medium,4818,716.49,310.7,3452048.82,1496952.6
E2948,Steven,Cereales,Offline,Low,7414,930.44,293.63,6898282.16,2176972.82
E2949,Eric,Bebida,Offline,Medium,7852,498.55,129.11,3914614.6,1013771.72
E2950,Thomas,Cuidado personal,Online,Medium,3195,553.13,190.34,1767250.35,608136.3
E2951,Bryan,Domestico,Offline,High,3626,725.49,28.67,2630626.74,103957.42
E2952,Wendy,Bebida,Offline,Low,9356,423.57,33.04,3962920.92,309122.24
E2953,Thomas,Alimento infantil,Offline,High,1244,675.02,102.29,839724.88,127248.76
E2954,Stacy,Snacks,Online,Medium,2256,882.99,290.09,1992025.44,654443.04
E2955,Samuel,Ropa,Offline,Critical,9979,415.23,135.64,4143580.17,1353551.56
E2956,Cindy,Verduras,Offline,Critical,9990,795.76,451.86,7949642.4,4514081.4
E2957,Annette,Snacks,Offline,Critical,811,682.08,65.69,553166.88,53274.59
E2958,Joshua,Domestico,Online,High,3721,885.16,202.21,3293680.36,752423.41
E2959,Darryl,Ropa,Online,Critical,7471,898.19,141.53,6710377.49,1057370.63
E2960,Antonio,Snacks,Online,Low,1933,831.28,198.88,1606864.24,384435.04
E2961,Melanie,Domestico,Offline,Critical,9938,835.12,470.97,8299422.56,4680499.86
E2962,Bianca,Ropa,Online,Critical,1896,792.53,67.02,1502636.88,127069.92
E2963,Kenneth,Frutas,Offline,Medium,2525,673.2,366.95,1699830,926548.75
E2964,Katherine,Alimento infantil,Offline,Low,7335,840.18,176.45,6162720.3,1294260.75
E2965,Mandy,Material de oficina,Offline,Critical,5779,859.67,132.7,4968032.93,766873.3
E2966,Kimberly,Cosmeticos,Offline,Medium,9921,562.58,370.15,5581356.18,3672258.15
E2967,Patricia,Alimento infantil,Offline,Critical,4071,781.99,475.62,3183481.29,1936249.02
E2968,Brenda,Ropa,Offline,Critical,9395,806.13,460.35,7573591.35,4324988.25
E2969,Sarah,Domestico,Online,Medium,6041,843.38,448.26,5094858.58,2707938.66
E2970,Hector,Bebida,Offline,Medium,5261,723.07,362.47,3804071.27,1906954.67
E2971,Tiffany,Ropa,Offline,High,7668,621.85,389.36,4768345.8,2985612.48
E2972,Gregory,Carnes,Online,High,1534,853.05,418.15,1308578.7,641442.1
E2973,Charles,Material de oficina,Online,Low,4815,669.47,221.3,3223498.05,1065559.5
E2974,Joshua,Frutas,Online,Critical,3061,412.75,419.59,1263427.75,1284364.99
E2975,Amanda,Cuidado personal,Online,Low,1480,534.94,6.24,791711.2,9235.2
E2976,Jacob,Cosmeticos,Online,High,1567,838.17,207.22,1313412.39,324713.74
E2977,Travis,Snacks,Online,Critical,7004,638.68,234.83,4473314.72,1644749.32
E2978,Brenda,Cosmeticos,Online,High,3163,676.24,319.64,2138947.12,1011021.32
E2979,Lori,Alimento infantil,Online,High,3004,836.21,333.94,2511974.84,1003155.76
E2980,Michael,Alimento infantil,Online,Medium,650,779.31,31.08,506551.5,20202
E2981,George,Carnes,Online,Low,6515,849.46,310.48,5534231.9,2022777.2
E2982,Angela,Frutas,Offline,High,5428,951.89,338.52,5166858.92,1837486.56
E2983,Lori,Alimento infantil,Online,Low,9898,860.16,281.26,8513863.68,2783911.48
E2984,Rebekah,Frutas,Offline,High,1555,958.07,121.36,1489798.85,188714.8
E2985,Dorothy,Cereales,Offline,Critical,851,985.32,306.16,838507.32,260542.16
E2986,Sean,Cuidado personal,Offline,Critical,163,899.24,362.69,146576.12,59118.47
E2987,Leah,Ropa,Offline,Critical,4623,412.42,128.41,1906617.66,593639.43
E2988,Nicole,Bebida,Online,Critical,4219,749.28,280.09,3161212.32,1181699.71
E2989,Sabrina,Ropa,Online,Critical,3206,770.18,81.29,2469197.08,260615.74
E2990,Michael,Cosmeticos,Offline,Critical,6553,770.7,357.5,5050397.1,2342697.5
E2991,Kevin,Snacks,Online,High,4215,902.19,172.49,3802730.85,727045.35
E2992,Crystal,Alimento infantil,Online,Critical,3632,530.25,473.66,1925868,1720333.12
E2993,John,Carnes,Online,Low,6527,893.95,106.84,5834811.65,697344.68
E2994,Alex,Cuidado personal,Online,Critical,4475,689.37,58.76,3084930.75,262951
E2995,Adam,Cuidado personal,Online,Critical,4853,569.13,300.09,2761987.89,1456336.77
E2996,Jill,Domestico,Offline,Medium,4212,829.02,380.62,3491832.24,1603171.44
E2997,Nathan,Cosmeticos,Online,Critical,3544,640.93,391.8,2271455.92,1388539.2
E2998,Joseph,Bebida,Online,High,2727,497.18,291.52,1355809.86,794975.04
E2999,Thomas,Domestico,Offline,High,9331,861.78,95.96,8041269.18,895402.76
E3000,Annette,Cosmeticos,Offline,Medium,6955,722.29,466.38,5023526.95,3243672.9
E3001,Amanda,Carnes,Offline,Medium,9737,573.12,258.98,5580469.44,2521688.26
E3002,Randall,Cereales,Online,Critical,1622,902.81,342.35,1464357.82,555291.7
E3003,Bianca,Domestico,Offline,Medium,4243,515.96,411.75,2189218.28,1747055.25
E3004,Keith,Alimento infantil,Online,High,2514,925.31,255.53,2326229.34,642402.42
E3005,Rachel,Material de oficina,Offline,Critical,2660,414.86,360.89,1103527.6,959967.4
E3006,Jesse,Carnes,Online,High,222,766.51,441.79,170165.22,98077.38
E3007,Frank,Bebida,Online,Critical,1023,726.2,361.95,742902.6,370274.85
E3008,Kenneth,Cosmeticos,Offline,Medium,7692,415.6,7.56,3196795.2,58151.52
E3009,Laura,Verduras,Offline,High,2561,677.34,118.88,1734667.74,304451.68
E3010,Joshua,Domestico,Offline,Low,2805,419.33,250.68,1176220.65,703157.4
E3011,Mary,Material de oficina,Offline,Low,7332,414.05,266.58,3035814.6,1954564.56
E3012,Dawn,Domestico,Online,Low,6620,635.2,469.73,4205024,3109612.6
E3013,Diana,Bebida,Online,Critical,8295,860.78,170.52,7140170.1,1414463.4
E3014,Christine,Cuidado personal,Online,High,4015,609.36,182.26,2446580.4,731773.9
E3015,Jessica,Domestico,Online,Low,5328,556.87,196.21,2967003.36,1045406.88
E3016,Gabriel,Snacks,Online,Low,2675,607.98,60.36,1626346.5,161463
E3017,Darryl,Snacks,Online,High,7666,886.65,47.87,6797058.9,366971.42
E3018,Kelly,Ropa,Online,Critical,8433,864.72,44.24,7292183.76,373075.92
E3019,Thomas,Ropa,Offline,Critical,869,660.07,207.84,573600.83,180612.96
E3020,Wayne,Cereales,Online,High,8411,574.08,230.84,4828586.88,1941595.24
E3021,Melanie,Ropa,Offline,High,7407,826.14,251.61,6119218.98,1863675.27
E3022,Todd,Cuidado personal,Online,Low,9035,968.14,198.24,8747144.9,1791098.4
E3023,Anthony,Ropa,Offline,Critical,5336,526.28,490.16,2808230.08,2615493.76
E3024,Joshua,Cereales,Offline,Medium,8003,483.56,204.08,3869930.68,1633252.24
E3025,Daniel,Snacks,Offline,Medium,1843,448.32,36.63,826253.76,67509.09
E3026,Hunter,Cosmeticos,Offline,Low,1023,682.19,467.44,697880.37,478191.12
E3027,Angela,Frutas,Online,Medium,9956,890.34,353.41,8864225.04,3518549.96
E3028,Mark,Ropa,Online,Low,3676,891.3,196.95,3276418.8,723988.2
E3029,Daniel,Alimento infantil,Offline,Critical,3186,780.16,81.87,2485589.76,260837.82
E3030,William,Bebida,Online,Medium,8954,431.57,231.56,3864277.78,2073388.24
E3031,Audrey,Verduras,Online,High,6197,904.77,358.03,5606859.69,2218711.91
E3032,Joseph,Carnes,Online,Critical,3672,609.03,155.57,2236358.16,571253.04
E3033,William,Carnes,Online,Critical,747,498.15,409.19,372118.05,305664.93
E3034,Desiree,Cereales,Offline,Critical,333,684.35,414.27,227888.55,137951.91
E3035,Donna,Frutas,Online,Medium,814,973.74,479.23,792624.36,390093.22
E3036,Andrea,Material de oficina,Online,High,9733,988.13,153.21,9617469.29,1491192.93
E3037,Wendy,Domestico,Online,High,810,973.04,436,788162.4,353160
E3038,Christian,Ropa,Offline,Critical,1082,810.41,205.36,876863.62,222199.52
E3039,Harry,Cereales,Online,Low,7030,918.48,412.97,6456914.4,2903179.1
E3040,Lisa,Verduras,Offline,Low,3568,725.91,176.1,2590046.88,628324.8
E3041,Laura,Ropa,Online,High,2402,943.22,355.02,2265614.44,852758.04
E3042,Gabriel,Cosmeticos,Online,Low,5705,868.88,429.69,4956960.4,2451381.45
E3043,Tami,Bebida,Offline,Medium,8529,848.46,296.79,7236515.34,2531321.91
E3044,Kelly,Cuidado personal,Online,High,7048,554.68,226.74,3909384.64,1598063.52
E3045,Rebecca,Cuidado personal,Offline,Critical,7896,959.01,102.6,7572342.96,810129.6
E3046,Sara,Domestico,Offline,Critical,7406,904.9,18.45,6701689.4,136640.7
E3047,Mary,Cereales,Offline,Medium,5518,781.72,148.73,4313530.96,820692.14
E3048,Troy,Alimento infantil,Offline,High,4747,782,193.08,3712154,916550.76
E3049,William,Cereales,Online,Low,6694,720.62,107,4823830.28,716258
E3050,Diana,Ropa,Offline,High,6156,814.13,272.5,5011784.28,1677510
E3051,Isaiah,Verduras,Offline,Low,9136,827.38,161.4,7558943.68,1474550.4
E3052,Brandi,Bebida,Offline,Low,6869,927.45,142.68,6370654.05,980068.92
E3053,Susan,Alimento infantil,Online,Medium,2075,447.37,400.06,928292.75,830124.5
E3054,Morgan,Frutas,Offline,Critical,7955,499.59,45.54,3974238.45,362270.7
E3055,Sarah,Carnes,Online,Critical,2814,620.03,328.06,1744764.42,923160.84
E3056,Benjamin,Cosmeticos,Online,Low,9156,412.4,70.76,3775934.4,647878.56
E3057,Veronica,Bebida,Online,Low,5163,582.42,453.86,3007034.46,2343279.18
E3058,Antonio,Cereales,Online,Low,7677,926.97,487.08,7116348.69,3739313.16
E3059,Mason,Cosmeticos,Online,Low,555,435.99,400.08,241974.45,222044.4
E3060,Ashley,Cosmeticos,Online,Critical,4053,987.96,323.88,4004201.88,1312685.64
E3061,Ashley,Verduras,Online,Low,4839,808.17,251.89,3910734.63,1218895.71
E3062,George,Frutas,Online,Low,4592,866.53,280.36,3979105.76,1287413.12
E3063,Stacy,Snacks,Offline,Low,7000,952.63,103.03,6668410,721210
E3064,Lisa,Snacks,Offline,High,3648,476,64.94,1736448,236901.12
E3065,Brandi,Material de oficina,Online,High,3708,459.85,27.78,1705123.8,103008.24
E3066,Alexis,Ropa,Online,Low,3111,666.69,179.59,2074072.59,558704.49
E3067,William,Verduras,Online,High,4802,820.72,303.71,3941097.44,1458415.42
E3068,Steven,Ropa,Offline,Low,6302,709.4,28.9,4470638.8,182127.8
E3069,Amanda,Frutas,Offline,Medium,5895,400.47,287.39,2360770.65,1694164.05
E3070,Melissa,Carnes,Offline,Critical,6868,717.95,309.2,4930880.6,2123585.6
E3071,Nicholas,Cuidado personal,Online,Critical,8756,456.76,117.87,3999390.56,1032069.72
E3072,Stephen,Frutas,Online,Low,4770,989.48,498.6,4719819.6,2378322
E3073,Jacob,Alimento infantil,Online,High,1165,795.04,351,926221.6,408915
E3074,Joseph,Domestico,Online,Low,5575,671.87,327.21,3745675.25,1824195.75
E3075,Robert,Cereales,Offline,Low,4960,648.93,93.48,3218692.8,463660.8
E3076,Angela,Snacks,Offline,High,6830,656.92,356.41,4486763.6,2434280.3
E3077,Todd,Cosmeticos,Offline,High,3388,539.55,83.3,1827995.4,282220.4
E3078,Kayla,Verduras,Offline,High,5554,620.1,477.3,3444035.4,2650924.2
E3079,Kim,Cosmeticos,Online,Low,2083,451.06,155.07,939557.98,323010.81
E3080,Kayla,Verduras,Online,Low,7727,491.19,35.48,3795425.13,274153.96
E3081,Nicholas,Alimento infantil,Online,Low,5221,650.51,250.4,3396312.71,1307338.4
E3082,Alexis,Cereales,Offline,Low,8211,520.98,204.36,4277766.78,1677999.96
E3083,Ashley,Carnes,Offline,Critical,3442,791.42,391.5,2724067.64,1347543
E3084,Matthew,Bebida,Offline,High,5237,468.61,219.9,2454110.57,1151616.3
E3085,Amanda,Cereales,Online,Low,1213,407.48,410.24,494273.24,497621.12
E3086,Duane,Verduras,Offline,Low,8532,858.13,458.09,7321565.16,3908423.88
E3087,Kimberly,Carnes,Offline,Critical,6103,960.66,340.17,5862907.98,2076057.51
E3088,Sarah,Snacks,Offline,Low,1873,719.94,435.53,1348447.62,815747.69
E3089,Kaitlin,Domestico,Online,Medium,8287,715.06,101.46,5925702.22,840799.02
E3090,Emily,Material de oficina,Offline,High,6586,659.45,274.2,4343137.7,1805881.2
E3091,Larry,Cosmeticos,Online,High,9420,651.09,276.8,6133267.8,2607456
E3092,Thomas,Cuidado personal,Offline,Critical,6434,842.17,189.7,5418521.78,1220529.8
E3093,Alexander,Ropa,Online,Low,5981,583.97,204.97,3492724.57,1225925.57
E3094,Veronica,Cuidado personal,Online,Medium,9378,574.2,145.47,5384847.6,1364217.66
E3095,Audrey,Carnes,Offline,High,6013,930.94,342.16,5597742.22,2057408.08
E3096,Jennifer,Frutas,Offline,Medium,9601,609.6,10.18,5852769.6,97738.18
E3097,Michael,Domestico,Offline,Critical,6791,763.52,4.57,5185064.32,31034.87
E3098,Susan,Frutas,Offline,High,5460,586.21,472.58,3200706.6,2580286.8
E3099,Jessica,Frutas,Offline,Medium,6847,729,331.95,4991463,2272861.65
E3100,Steven,Alimento infantil,Online,Medium,306,601.07,244.38,183927.42,74780.28
E3101,Amanda,Alimento infantil,Online,Low,784,780.84,164.54,612178.56,128999.36
E3102,Johnny,Domestico,Offline,Low,3846,574.8,426.32,2210680.8,1639626.72
E3103,Diana,Cuidado personal,Offline,Low,3686,511.25,290.59,1884467.5,1071114.74
E3104,Crystal,Cosmeticos,Online,High,7435,503.26,205.34,3741738.1,1526702.9
E3105,Larry,Cereales,Offline,Low,5257,675.16,183.31,3549316.12,963660.67
E3106,Laura,Cosmeticos,Online,Medium,2614,954.3,414.74,2494540.2,1084130.36
E3107,Nicholas,Frutas,Offline,Low,3087,722.48,175.67,2230295.76,542293.29
E3108,Michael,Verduras,Offline,Low,9428,899.92,10.09,8484445.76,95128.52
E3109,Kaitlyn,Frutas,Online,Medium,6574,783.41,58.51,5150137.34,384644.74
E3110,Nicholas,Alimento infantil,Online,Critical,4557,694.3,46.29,3163925.1,210943.53
E3111,Mitchell,Domestico,Online,High,8551,688.95,182.76,5891211.45,1562780.76
E3112,Sarah,Ropa,Online,Medium,4299,851.28,458.39,3659652.72,1970618.61
E3113,Troy,Frutas,Online,Critical,2388,807.63,26.85,1928620.44,64117.8
E3114,Frank,Cosmeticos,Online,Medium,1546,742.95,81.74,1148600.7,126370.04
E3115,Michael,Cereales,Online,Critical,242,452.97,111.65,109618.74,27019.3
E3116,George,Cosmeticos,Offline,Critical,9339,775.27,342.6,7240246.53,3199541.4
E3117,Brenda,Cereales,Online,Medium,2717,631.06,100.07,1714590.02,271890.19
E3118,George,Snacks,Offline,Critical,3114,534.51,364.7,1664464.14,1135675.8
E3119,Brenda,Alimento infantil,Offline,Low,2195,496.49,195.03,1089795.55,428090.85
E3120,Michael,Alimento infantil,Offline,Critical,5442,800.18,291.16,4354579.56,1584492.72
E3121,Andrew,Frutas,Online,Low,1616,549.24,233.04,887571.84,376592.64
E3122,Gail,Verduras,Online,Medium,4451,687.77,213.67,3061264.27,951045.17
E3123,Jane,Cuidado personal,Online,Low,5646,896.4,317.71,5061074.4,1793790.66
E3124,Brandon,Frutas,Online,High,5885,459.81,457.94,2705981.85,2694976.9
E3125,Stacy,Bebida,Online,Critical,7963,805.14,149.92,6411329.82,1193812.96
E3126,Brian,Verduras,Online,High,9731,410.16,12.41,3991266.96,120761.71
E3127,Judith,Ropa,Online,Medium,6133,768.41,315.29,4712658.53,1933673.57
E3128,Jacob,Ropa,Offline,Low,3343,826.78,134.67,2763925.54,450201.81
E3129,Hector,Cuidado personal,Online,Medium,7524,978.78,88.57,7364340.72,666400.68
E3130,Mary,Carnes,Online,Critical,2237,806.65,60.64,1804476.05,135651.68
E3131,Jonathan,Snacks,Offline,Low,3865,876.82,310.16,3388909.3,1198768.4
E3132,Rita,Cuidado personal,Offline,Critical,8040,885.62,130.92,7120384.8,1052596.8
E3133,Christina,Cereales,Offline,Critical,6596,610.34,401.23,4025802.64,2646513.08
E3134,Matthew,Bebida,Offline,Medium,6870,996.36,476.29,6844993.2,3272112.3
E3135,Joseph,Domestico,Offline,Low,838,458.46,377.56,384189.48,316395.28
E3136,Chris,Cosmeticos,Online,Critical,4573,765.34,247.4,3499899.82,1131360.2
E3137,Philip,Ropa,Offline,Critical,1248,627.61,10.39,783257.28,12966.72
E3138,Chad,Frutas,Offline,Medium,4765,799.79,430.63,3810999.35,2051951.95
E3139,Jesse,Domestico,Online,Critical,2458,841.72,188.11,2068947.76,462374.38
E3140,Alan,Cosmeticos,Online,Critical,7139,484.36,490.36,3457846.04,3500680.04
E3141,Duane,Domestico,Online,High,5128,434.71,82.2,2229192.88,421521.6
E3142,Kevin,Cosmeticos,Online,Medium,3606,583.87,198.93,2105435.22,717341.58
E3143,Dawn,Domestico,Online,Medium,1040,945.62,484.58,983444.8,503963.2
E3144,Andre,Verduras,Online,High,3129,490.42,368.28,1534524.18,1152348.12
E3145,Andre,Alimento infantil,Offline,Low,7831,829.92,324.77,6499103.52,2543273.87
E3146,Jill,Carnes,Offline,Low,857,650.72,389.6,557667.04,333887.2
E3147,Cathy,Carnes,Offline,Medium,9031,820.51,443.64,7410025.81,4006512.84
E3148,Mandy,Material de oficina,Online,Low,1369,616.48,420.07,843961.12,575075.83
E3149,Allison,Snacks,Offline,Critical,3715,977.74,439.73,3632304.1,1633596.95
E3150,Joseph,Snacks,Online,High,8073,764.58,176.54,6172454.34,1425207.42
E3151,Erin,Bebida,Offline,Critical,2643,822.38,1.4,2173550.34,3700.2
E3152,Michael,Frutas,Online,High,3031,811.33,194.37,2459141.23,589135.47
E3153,Natasha,Cuidado personal,Online,High,9772,776.74,462.44,7590303.28,4518963.68
E3154,Tracey,Bebida,Online,Critical,9267,537.73,143.29,4983143.91,1327868.43
E3155,Amanda,Verduras,Offline,Critical,2438,881.81,184.33,2149852.78,449396.54
E3156,Maria,Ropa,Online,Critical,2096,702.57,176.97,1472586.72,370929.12
E3157,Tiffany,Verduras,Online,High,364,574.44,261.91,209096.16,95335.24
E3158,Johnny,Domestico,Offline,Medium,3381,635.73,105.07,2149403.13,355241.67
E3159,Hunter,Domestico,Online,Critical,6026,953.52,196.52,5745911.52,1184229.52
E3160,Katherine,Snacks,Online,Critical,2534,991.85,231.83,2513347.9,587457.22
E3161,Lindsey,Snacks,Offline,Low,5201,888.98,75.25,4623584.98,391375.25
E3162,Miguel,Alimento infantil,Online,Critical,3216,809.41,280.71,2603062.56,902763.36
E3163,Jonathan,Material de oficina,Offline,Low,2603,944.29,141.68,2457986.87,368793.04
E3164,Austin,Verduras,Online,Medium,2822,863.82,289.54,2437700.04,817081.88
E3165,Elizabeth,Cosmeticos,Online,High,6150,660.21,100.45,4060291.5,617767.5
E3166,Justin,Alimento infantil,Online,Critical,639,727.98,475.99,465179.22,304157.61
E3167,Daniel,Cosmeticos,Offline,Low,1524,857.6,75.74,1306982.4,115427.76
E3168,Gregory,Ropa,Online,Medium,5107,452.17,364.69,2309232.19,1862471.83
E3169,John,Bebida,Online,High,9402,831.06,266.51,7813626.12,2505727.02
E3170,Nancy,Cereales,Offline,High,6557,836.78,483.92,5486766.46,3173063.44
E3171,Kenneth,Material de oficina,Online,High,2280,638.17,365.69,1455027.6,833773.2
E3172,John,Snacks,Offline,High,9225,796.32,356.18,7346052,3285760.5
E3173,Ashley,Verduras,Offline,High,4364,874.15,438.37,3814790.6,1913046.68
E3174,Lisa,Cereales,Online,Low,519,515.61,253.21,267601.59,131415.99
E3175,Kyle,Alimento infantil,Offline,High,7650,981.26,264.68,7506639,2024802
E3176,Brian,Cereales,Online,Critical,7186,744.84,49.88,5352420.24,358437.68
E3177,Alan,Material de oficina,Online,Critical,9793,434.73,200.56,4257310.89,1964084.08
E3178,Samuel,Cuidado personal,Offline,Low,5480,964.05,339.53,5282994,1860624.4
E3179,Audrey,Bebida,Offline,High,3346,782.7,470.36,2618914.2,1573824.56
E3180,Austin,Cuidado personal,Offline,Critical,9987,529.06,444.74,5283722.22,4441618.38
E3181,Connor,Cereales,Offline,Critical,991,957.7,362.17,949080.7,358910.47
E3182,Joshua,Carnes,Offline,Low,9041,564.19,265.59,5100841.79,2401199.19
E3183,Anthony,Bebida,Offline,High,7765,739.89,143.26,5745245.85,1112413.9
E3184,Robert,Domestico,Online,Critical,8922,644.04,156.51,5746124.88,1396382.22
E3185,Jeffrey,Material de oficina,Online,High,3580,592.72,98.64,2121937.6,353131.2
E3186,Brian,Cosmeticos,Offline,Medium,4917,715.94,157.69,3520276.98,775361.73
E3187,Andre,Cereales,Offline,High,8272,814.74,330.46,6739529.28,2733565.12
E3188,Tammy,Alimento infantil,Offline,Low,6700,958.76,373.66,6423692,2503522
E3189,Rachel,Carnes,Offline,Low,7602,698.77,213.2,5312049.54,1620746.4
E3190,Eric,Bebida,Online,High,493,768.71,474.33,378974.03,233844.69
E3191,James,Snacks,Offline,Medium,924,950.56,434.2,878317.44,401200.8
E3192,Rebecca,Cereales,Offline,Low,7281,978.61,382.92,7125259.41,2788040.52
E3193,Jennifer,Cuidado personal,Offline,Medium,8386,549.05,216.65,4604333.3,1816826.9
E3194,Sarah,Alimento infantil,Online,High,2653,691.86,393.9,1835504.58,1045016.7
E3195,Stephanie,Domestico,Online,Low,5190,576.58,484.92,2992450.2,2516734.8
E3196,Christine,Bebida,Online,Medium,5071,820.07,326.65,4158574.97,1656442.15
E3197,Jacob,Cosmeticos,Offline,Critical,6641,456.36,9.91,3030686.76,65812.31
E3198,George,Alimento infantil,Offline,Medium,7160,654.22,319.35,4684215.2,2286546
E3199,Nancy,Alimento infantil,Offline,Low,6524,632.2,248.8,4124472.8,1623171.2
E3200,Leah,Verduras,Online,Critical,6281,456.51,131.09,2867339.31,823376.29
E3201,Christopher,Alimento infantil,Online,Medium,5156,721.53,70.51,3720208.68,363549.56
E3202,Jose,Material de oficina,Offline,Medium,9307,846.37,15.61,7877165.59,145282.27
E3203,Melissa,Bebida,Offline,Low,3736,544.61,437.6,2034662.96,1634873.6
E3204,Vincent,Cosmeticos,Offline,Medium,7168,769.72,329.74,5517352.96,2363576.32
E3205,Karen,Cereales,Offline,Low,179,571.34,409.74,102269.86,73343.46
E3206,Veronica,Bebida,Offline,Low,9358,580.55,427.33,5432786.9,3998954.14
E3207,Austin,Domestico,Offline,Medium,5167,761.02,27.42,3932190.34,141679.14
E3208,Lori,Cuidado personal,Offline,Critical,3546,520.42,325.27,1845409.32,1153407.42
E3209,Crystal,Cereales,Online,Low,8587,634.11,147.61,5445102.57,1267527.07
E3210,Nicholas,Material de oficina,Online,Low,6792,541.52,393.44,3678003.84,2672244.48
E3211,Kyle,Ropa,Offline,High,8383,580.8,443.38,4868846.4,3716854.54
E3212,David,Ropa,Online,Medium,2701,689.33,221.83,1861880.33,599162.83
E3213,Vincent,Cuidado personal,Online,Medium,5932,761.82,307.27,4519116.24,1822725.64
E3214,Alex,Snacks,Offline,Medium,368,968.97,114.17,356580.96,42014.56
E3215,Dana,Frutas,Online,Medium,8773,503.18,454.95,4414398.14,3991276.35
E3216,Rebekah,Cereales,Offline,High,5457,908.27,237.37,4956429.39,1295328.09
E3217,Nancy,Snacks,Offline,Medium,5595,462.44,280.91,2587351.8,1571691.45
E3218,Ashley,Frutas,Online,Medium,9590,802.54,422.56,7696358.6,4052350.4
E3219,Sean,Cereales,Online,Critical,3061,735.53,24.53,2251457.33,75086.33
E3220,Steve,Snacks,Offline,Medium,5575,752.95,132.03,4197696.25,736067.25
E3221,Mark,Cuidado personal,Offline,Low,7098,733.34,185.35,5205247.32,1315614.3
E3222,Kim,Alimento infantil,Online,Low,2806,608.72,51.05,1708068.32,143246.3
E3223,Jacob,Cereales,Offline,Low,9453,715.2,174.69,6760785.6,1651344.57
E3224,Veronica,Domestico,Online,Medium,7910,492.46,299.19,3895358.6,2366592.9
E3225,Hector,Cuidado personal,Offline,High,3120,483.77,370.84,1509362.4,1157020.8
E3226,Gina,Cosmeticos,Online,Medium,6276,685.59,432.28,4302762.84,2712989.28
E3227,Duane,Carnes,Online,High,6331,523.23,86.16,3312569.13,545478.96
E3228,Crystal,Cuidado personal,Offline,Medium,9366,461.14,412.3,4319037.24,3861601.8
E3229,Kevin,Snacks,Online,High,2497,953.87,278.51,2381813.39,695439.47
E3230,Alicia,Cuidado personal,Online,Medium,3552,602.23,224.11,2139120.96,796038.72
E3231,Sarah,Bebida,Online,Low,2438,457.61,142.01,1115653.18,346220.38
E3232,Melinda,Domestico,Online,High,5464,801.57,22.98,4379778.48,125562.72
E3233,Andrew,Material de oficina,Online,Low,7438,969.65,53.27,7212256.7,396222.26
E3234,Jeffrey,Cuidado personal,Online,Low,2702,735.68,154.34,1987807.36,417026.68
E3235,Jonathan,Cuidado personal,Online,High,8092,678.51,483.95,5490502.92,3916123.4
E3236,Johnny,Cuidado personal,Offline,Low,4114,988.7,130.88,4067511.8,538440.32
E3237,Ashley,Carnes,Online,Low,5083,533.54,340.26,2711983.82,1729541.58
E3238,Juan,Domestico,Online,Medium,6864,404.21,429.91,2774497.44,2950902.24
E3239,Joseph,Cereales,Offline,Medium,8952,877.68,453.8,7856991.36,4062417.6
E3240,Andrew,Carnes,Offline,High,2813,773.1,259.58,2174730.3,730198.54
E3241,Amanda,Bebida,Online,High,7859,983.86,244.49,7732155.74,1921446.91
E3242,Jonathan,Carnes,Offline,Critical,998,844.63,288.62,842940.74,288042.76
E3243,Laura,Frutas,Offline,Low,4531,556.48,175.28,2521410.88,794193.68
E3244,Hunter,Alimento infantil,Offline,Low,7759,991.4,393.15,7692272.6,3050450.85
E3245,John,Cereales,Offline,Medium,2997,654.77,162.31,1962345.69,486443.07
E3246,Andrew,Cereales,Offline,Low,3252,828.3,470.66,2693631.6,1530586.32
E3247,Joshua,Domestico,Offline,Critical,4047,909.02,305.33,3678803.94,1235670.51
E3248,Randy,Material de oficina,Offline,Medium,4250,477.31,415.21,2028567.5,1764642.5
E3249,Brenda,Alimento infantil,Offline,High,4219,640.16,67.77,2700835.04,285921.63
E3250,Jennifer,Verduras,Online,High,7152,765.9,58.2,5477716.8,416246.4
E3251,Nicholas,Ropa,Offline,Low,6918,709.11,323.25,4905622.98,2236243.5
E3252,Karen,Verduras,Offline,High,6616,598.31,228.6,3958418.96,1512417.6
E3253,Michael,Frutas,Offline,Medium,1826,856.76,384.18,1564443.76,701512.68
E3254,Dawn,Verduras,Online,Medium,853,646.92,17.9,551822.76,15268.7
E3255,Nancy,Snacks,Online,High,5890,506.61,32.47,2983932.9,191248.3
E3256,Leslie,Material de oficina,Online,Low,1740,685.52,277.78,1192804.8,483337.2
E3257,Chad,Verduras,Offline,Medium,4986,443.22,141.69,2209894.92,706466.34
E3258,Michael,Cereales,Online,Critical,9922,462.48,7.88,4588726.56,78185.36
E3259,Frank,Cosmeticos,Online,Medium,6429,622.57,349.69,4002502.53,2248157.01
E3260,Karen,Carnes,Online,Critical,1524,793.57,423.55,1209400.68,645490.2
E3261,Crystal,Frutas,Offline,Medium,9059,776.76,345.12,7036668.84,3126442.08
E3262,Joshua,Cuidado personal,Online,Medium,889,577.95,115.65,513797.55,102812.85
E3263,Christian,Ropa,Offline,Critical,6300,556.07,390.57,3503241,2460591
E3264,Audrey,Carnes,Online,Medium,8508,672.11,346.1,5718311.88,2944618.8
E3265,Dawn,Bebida,Offline,Critical,6585,826.3,465.29,5441185.5,3063934.65
E3266,Larry,Snacks,Online,High,2865,899.57,155.62,2577268.05,445851.3
E3267,Mary,Alimento infantil,Offline,Medium,8327,404.26,387.46,3366273.02,3226379.42
E3268,Johnathan,Ropa,Online,Low,9093,413.78,298.59,3762501.54,2715078.87
E3269,Alyssa,Ropa,Offline,Low,6426,882.54,153.08,5671202.04,983692.08
E3270,Alyssa,Carnes,Online,High,8618,663.33,451.99,5716577.94,3895249.82
E3271,Harry,Cosmeticos,Offline,Critical,8648,809.09,327.58,6997010.32,2832911.84
E3272,Melinda,Bebida,Offline,Critical,7814,824.83,405.38,6445221.62,3167639.32
E3273,William,Verduras,Offline,Low,2875,972.04,93.8,2794615,269675
E3274,Brett,Carnes,Online,High,4553,690.33,477.32,3143072.49,2173237.96
E3275,Zachary,Bebida,Online,Medium,4205,651.28,251.14,2738632.4,1056043.7
E3276,Deborah,Cereales,Offline,High,9997,720.27,70.15,7200539.19,701289.55
E3277,Jeffrey,Snacks,Online,High,4274,710.08,439.83,3034881.92,1879833.42
E3278,Lisa,Carnes,Online,Critical,411,468.9,499.95,192717.9,205479.45
E3279,Timothy,Cuidado personal,Online,Low,4127,726.83,245.68,2999627.41,1013921.36
E3280,Rebecca,Domestico,Online,Low,6001,549.59,421.03,3298089.59,2526601.03
E3281,David,Ropa,Online,High,1466,507.1,139.8,743408.6,204946.8
E3282,Kathy,Cuidado personal,Offline,Low,8621,660.99,217.28,5698394.79,1873170.88
E3283,Susan,Cuidado personal,Online,High,7099,696.75,121.76,4946228.25,864374.24
E3284,Kelly,Ropa,Online,Medium,5408,863.04,222.86,4667320.32,1205226.88
E3285,Gregory,Alimento infantil,Online,Medium,6933,517.71,458.9,3589283.43,3181553.7
E3286,Rachel,Verduras,Offline,Medium,1520,763.38,367.76,1160337.6,558995.2
E3287,Zachary,Ropa,Offline,Critical,3860,723.85,381.9,2794061,1474134
E3288,Nicole,Snacks,Offline,High,5010,781.69,220.94,3916266.9,1106909.4
E3289,Andrew,Bebida,Online,Critical,4574,923.34,172.42,4223357.16,788649.08
E3290,Sean,Snacks,Online,Critical,870,476.4,210.16,414468,182839.2
E3291,Zachary,Ropa,Offline,Low,9298,553.42,342.25,5145699.16,3182240.5
E3292,Evan,Verduras,Online,High,8951,475.95,51.56,4260228.45,461513.56
E3293,David,Cuidado personal,Online,Medium,3833,894.84,148.98,3429921.72,571040.34
E3294,Kristin,Bebida,Offline,Medium,3955,881.28,199.14,3485462.4,787598.7
E3295,Gina,Domestico,Offline,Critical,1762,724.11,326.88,1275881.82,575962.56
E3296,Larry,Domestico,Offline,Medium,9020,471.1,353.25,4249322,3186315
E3297,Joshua,Verduras,Offline,Critical,4156,922.72,48.1,3834824.32,199903.6
E3298,Jesse,Cereales,Online,High,9020,797.35,203.01,7192097,1831150.2
E3299,Melissa,Frutas,Online,Critical,553,927.09,259.44,512680.77,143470.32
E3300,Kristin,Snacks,Offline,Medium,2087,883.35,294.24,1843551.45,614078.88
E3301,Jacob,Ropa,Offline,Medium,6572,585.22,186.39,3846065.84,1224955.08
E3302,Nicholas,Alimento infantil,Online,Critical,9591,691.83,439.57,6635341.53,4215915.87
E3303,Richard,Bebida,Offline,High,3223,819.4,156.04,2640926.2,502916.92
E3304,Sonya,Snacks,Offline,Critical,4488,611.35,452.87,2743738.8,2032480.56
E3305,Nicholas,Domestico,Online,Medium,7782,644.02,59.72,5011763.64,464741.04
E3306,Richard,Carnes,Online,High,6994,883.64,261.55,6180178.16,1829280.7
E3307,Timothy,Material de oficina,Online,Medium,9694,459.13,151.1,4450806.22,1464763.4
E3308,Joseph,Verduras,Online,High,1216,786.19,274.27,956007.04,333512.32
E3309,Mark,Cosmeticos,Offline,Critical,2315,746.64,157.94,1728471.6,365631.1
E3310,Melanie,Carnes,Offline,High,3433,465.42,319.41,1597786.86,1096534.53
E3311,Jessica,Cosmeticos,Online,Low,8193,791.82,137.17,6487381.26,1123833.81
E3312,Mark,Alimento infantil,Offline,Medium,8190,575.45,370.07,4712935.5,3030873.3
E3313,Kevin,Cereales,Offline,High,9970,864.75,87.47,8621557.5,872075.9
E3314,Jennifer,Frutas,Offline,High,4158,917.76,44.81,3816046.08,186319.98
E3315,Daniel,Cosmeticos,Online,Low,9128,740.34,62.16,6757823.52,567396.48
E3316,Jessica,Carnes,Online,Medium,138,795.61,41.86,109794.18,5776.68
E3317,Crystal,Snacks,Online,High,1591,931.18,83.6,1481507.38,133007.6
E3318,Patrick,Frutas,Offline,Critical,2684,776.98,462.03,2085414.32,1240088.52
E3319,Jessica,Cereales,Online,Critical,2720,896.16,467.35,2437555.2,1271192
E3320,Brenda,Cosmeticos,Offline,Critical,555,703.36,262.19,390364.8,145515.45
E3321,Craig,Cosmeticos,Online,High,1357,790.71,347.12,1072993.47,471041.84
E3322,Jeffrey,Alimento infantil,Online,High,6416,963.45,392.69,6181495.2,2519499.04
E3323,Joshua,Ropa,Online,Medium,3623,587.72,286.23,2129309.56,1037011.29
E3324,Laurie,Ropa,Offline,Critical,1669,549.99,386.8,917933.31,645569.2
E3325,Tyrone,Cereales,Online,Medium,8311,735.47,135.66,6112491.17,1127470.26
E3326,Joshua,Carnes,Online,High,6113,936.2,27.56,5722990.6,168474.28
E3327,Robert,Alimento infantil,Offline,Low,3055,404.91,45.78,1237000.05,139857.9
E3328,Sean,Cuidado personal,Online,Medium,609,459.33,65.49,279731.97,39883.41
E3329,Audrey,Cosmeticos,Offline,High,196,674.75,403.5,132251,79086
E3330,Laurie,Domestico,Online,Low,2611,444.02,323.83,1159336.22,845520.13
E3331,Travis,Alimento infantil,Online,Medium,4039,931.1,406.31,3760712.9,1641086.09
E3332,Tyler,Ropa,Online,High,9601,986.81,234.24,9474362.81,2248938.24
E3333,Ashley,Verduras,Offline,Low,1728,817.69,350.43,1412968.32,605543.04
E3334,Madison,Cereales,Online,Low,6060,947.8,47.53,5743668,288031.8
E3335,Brenda,Bebida,Offline,High,2588,630.72,157.34,1632303.36,407195.92
E3336,Kimberly,Ropa,Online,Medium,3643,700.64,238.06,2552431.52,867252.58
E3337,Randy,Carnes,Online,Critical,1299,602.52,218.66,782673.48,284039.34
E3338,Jessica,Bebida,Online,Critical,3292,895.72,497.03,2948710.24,1636222.76
E3339,Mary,Material de oficina,Offline,Medium,4070,760.34,435.04,3094583.8,1770612.8
E3340,Kayla,Frutas,Offline,Low,6571,899.01,137.77,5907394.71,905286.67
E3341,Pamela,Cuidado personal,Online,High,3652,457.57,65.6,1671045.64,239571.2
E3342,Wendy,Cuidado personal,Online,High,1190,670.09,389.57,797407.1,463588.3
E3343,Hannah,Cosmeticos,Online,Medium,4869,562.58,29.19,2739202.02,142126.11
E3344,Jennifer,Cuidado personal,Offline,Medium,179,741.38,369.73,132707.02,66181.67
E3345,Brian,Alimento infantil,Offline,Medium,9826,965.35,87.23,9485529.1,857121.98
E3346,Zachary,Verduras,Offline,Medium,9165,408.39,161.73,3742894.35,1482255.45
E3347,George,Verduras,Offline,Critical,3007,715.17,347.04,2150516.19,1043549.28
E3348,Jennifer,Cosmeticos,Online,Medium,1403,793.55,77.9,1113350.65,109293.7
E3349,Melanie,Carnes,Offline,Low,2851,417.25,428.06,1189579.75,1220399.06
E3350,Ashley,Cosmeticos,Online,Critical,8046,880.47,239.44,7084261.62,1926534.24
E3351,Jennifer,Bebida,Offline,Critical,845,925.89,5.37,782377.05,4537.65
E3352,William,Verduras,Online,High,3107,722.18,484.27,2243813.26,1504626.89
E3353,Lisa,Cereales,Offline,Medium,4104,839.44,374.96,3445061.76,1538835.84
E3354,Alex,Cosmeticos,Offline,Critical,2102,499.78,22.56,1050537.56,47421.12
E3355,Lori,Ropa,Online,Critical,9099,780.49,91.04,7101678.51,828372.96
E3356,Joseph,Cosmeticos,Online,Low,9845,916.47,259.18,9022647.15,2551627.1
E3357,Nicholas,Carnes,Offline,Medium,7086,556.59,393.45,3943996.74,2787986.7
E3358,Tami,Snacks,Online,Medium,8028,458.04,224.86,3677145.12,1805176.08
E3359,Michael,Material de oficina,Offline,Medium,3168,770.01,366.39,2439391.68,1160723.52
E3360,Andrea,Bebida,Online,Medium,672,633.05,205.45,425409.6,138062.4
E3361,Hunter,Cuidado personal,Offline,High,1941,732.95,144.76,1422655.95,280979.16
E3362,Patrick,Ropa,Online,Low,3097,576.95,165.71,1786814.15,513203.87
E3363,Carla,Frutas,Offline,Critical,5796,492.58,90.05,2854993.68,521929.8
E3364,Kim,Ropa,Offline,Low,397,738.46,155.49,293168.62,61729.53
E3365,Audrey,Ropa,Online,High,4112,678.29,231.44,2789128.48,951681.28
E3366,Duane,Domestico,Online,Low,1700,550.85,473.72,936445,805324
E3367,Carla,Cereales,Offline,High,7579,475.92,193.7,3606997.68,1468052.3
E3368,Edward,Cuidado personal,Offline,Critical,8061,649.16,439.09,5232878.76,3539504.49
E3369,Kevin,Material de oficina,Offline,Low,5346,591.07,315.02,3159860.22,1684096.92
E3370,Juan,Ropa,Online,Low,6634,671.15,412.12,4452409.1,2734004.08
E3371,Douglas,Ropa,Offline,High,9525,477.57,331.15,4548854.25,3154203.75
E3372,Kyle,Material de oficina,Online,High,325,408.54,199.84,132775.5,64948
E3373,Mary,Carnes,Offline,Low,227,500.99,218.75,113724.73,49656.25
E3374,Sean,Alimento infantil,Online,Medium,193,729.53,313.3,140799.29,60466.9
E3375,Eric,Cuidado personal,Offline,Low,1823,630.52,461,1149437.96,840403
E3376,Joshua,Cosmeticos,Offline,Critical,9632,651.45,1.75,6274766.4,16856
E3377,Phillip,Carnes,Offline,High,1397,993.42,387.78,1387807.74,541728.66
E3378,Joseph,Cuidado personal,Online,Critical,7684,426.21,87.95,3274997.64,675807.8
E3379,Thomas,Alimento infantil,Offline,Medium,6263,408.01,230.1,2555366.63,1441116.3
E3380,Crystal,Cereales,Online,Low,5715,404.88,66.64,2313889.2,380847.6
E3381,Rachel,Cereales,Online,Medium,3582,747.19,377.19,2676434.58,1351094.58
E3382,James,Ropa,Online,Low,2953,415.41,118.51,1226705.73,349960.03
E3383,Christina,Alimento infantil,Offline,High,4917,920.43,58.95,4525754.31,289857.15
E3384,Patricia,Frutas,Online,Low,5161,916.94,466.09,4732327.34,2405490.49
E3385,Mark,Material de oficina,Offline,Medium,8776,860.27,324.33,7549729.52,2846320.08
E3386,Brandon,Cosmeticos,Offline,Critical,4006,706.36,488.2,2829678.16,1955729.2
E3387,Courtney,Alimento infantil,Online,High,4313,404.15,254.88,1743098.95,1099297.44
E3388,Theresa,Verduras,Offline,Low,3683,548.21,205.71,2019057.43,757629.93
E3389,Michael,Snacks,Online,Critical,8460,400.28,346.45,3386368.8,2930967
E3390,Jill,Material de oficina,Online,Medium,7980,955.72,104.83,7626645.6,836543.4
E3391,Melanie,Carnes,Offline,Critical,1963,673.18,487.02,1321452.34,956020.26
E3392,Laura,Snacks,Offline,Low,6206,492.11,377.7,3054034.66,2344006.2
E3393,Joseph,Material de oficina,Offline,Low,1291,982.27,139.04,1268110.57,179500.64
E3394,Danielle,Carnes,Offline,High,5221,918.29,116.06,4794392.09,605949.26
E3395,James,Material de oficina,Offline,Critical,4764,840.96,220.29,4006333.44,1049461.56
E3396,David,Cosmeticos,Offline,Critical,8174,777.15,180.59,6352424.1,1476142.66
E3397,Joshua,Cosmeticos,Offline,Low,5088,870.8,444.81,4430630.4,2263193.28
E3398,Adam,Carnes,Online,High,7232,792.73,274.92,5733023.36,1988221.44
E3399,Courtney,Cuidado personal,Offline,Critical,1988,775.64,285.22,1541972.32,567017.36
E3400,Andrea,Ropa,Offline,Low,1960,430.62,327.42,844015.2,641743.2
E3401,Donna,Domestico,Online,High,7721,852.7,344.41,6583696.7,2659189.61
E3402,Ryan,Verduras,Online,Critical,1059,514.19,477.25,544527.21,505407.75
E3403,Kenneth,Alimento infantil,Offline,High,9151,672.13,359.93,6150661.63,3293719.43
E3404,George,Bebida,Online,Medium,7508,436.79,161.77,3279419.32,1214569.16
E3405,Rebekah,Alimento infantil,Offline,Critical,276,914.36,350.53,252363.36,96746.28
E3406,Sarah,Verduras,Online,Low,2285,437.45,297.99,999573.25,680907.15
E3407,Nathan,Carnes,Online,Low,8007,857.39,23.91,6865121.73,191447.37
E3408,Kayla,Material de oficina,Offline,Critical,2404,742.09,70.07,1783984.36,168448.28
E3409,Todd,Snacks,Online,Medium,8833,501.86,152.28,4432929.38,1345089.24
E3410,Vicki,Carnes,Offline,Medium,3153,499.62,1.96,1575301.86,6179.88
E3411,Jacob,Domestico,Online,Critical,643,922.99,461.64,593482.57,296834.52
E3412,Danielle,Ropa,Offline,Medium,4269,753.6,225.92,3217118.4,964452.48
E3413,Sydney,Cuidado personal,Online,High,972,626.7,100.88,609152.4,98055.36
E3414,Heather,Cereales,Offline,High,863,787.88,346.42,679940.44,298960.46
E3415,Jennifer,Cereales,Online,Low,3989,500.23,329.85,1995417.47,1315771.65
E3416,Jacob,Cosmeticos,Offline,Low,8614,619.4,276.54,5335511.6,2382115.56
E3417,Carla,Snacks,Offline,High,258,441.39,453.91,113878.62,117108.78
E3418,Michael,Carnes,Offline,Critical,9034,909.88,454.19,8219855.92,4103152.46
E3419,Paula,Cosmeticos,Offline,High,3411,817.4,309.36,2788151.4,1055226.96
E3420,Michael,Domestico,Offline,High,4737,984.35,148.74,4662865.95,704581.38
E3421,Timothy,Alimento infantil,Online,Medium,9404,994.29,342.64,9350303.16,3222186.56
E3422,Todd,Bebida,Offline,High,1968,435.65,339.58,857359.2,668293.44
E3423,David,Verduras,Offline,Critical,3028,401.56,147.37,1215923.68,446236.36
E3424,Rebecca,Domestico,Online,Medium,3457,866.38,487.48,2995075.66,1685218.36
E3425,Austin,Cuidado personal,Online,Medium,2848,935.97,300.13,2665642.56,854770.24
E3426,Daniel,Ropa,Offline,Critical,1955,672.15,132.72,1314053.25,259467.6
E3427,Amanda,Cuidado personal,Online,Medium,6333,480.32,228.39,3041866.56,1446393.87
E3428,Lori,Verduras,Online,High,306,797.23,41.89,243952.38,12818.34
E3429,Jacob,Alimento infantil,Online,Critical,509,898.26,117.98,457214.34,60051.82
E3430,Laura,Bebida,Offline,High,6238,816.03,245.79,5090395.14,1533238.02
E3431,Katie,Cereales,Online,Medium,9935,584.64,303.19,5808398.4,3012192.65
E3432,Jennifer,Frutas,Offline,High,3617,892.08,201,3226653.36,727017
E3433,Samuel,Cereales,Offline,Low,3015,492.66,319.36,1485369.9,962870.4
E3434,Mary,Carnes,Offline,Medium,4446,734.61,418.41,3266076.06,1860250.86
E3435,Kimberly,Domestico,Online,Medium,1346,529.78,216.21,713083.88,291018.66
E3436,Patrick,Verduras,Offline,Critical,9051,722.22,448.05,6536813.22,4055300.55
E3437,Joshua,Alimento infantil,Offline,High,3924,910.33,385.37,3572134.92,1512191.88
E3438,Vicki,Ropa,Online,High,2374,583.5,432.19,1385229,1026019.06
E3439,Bryan,Carnes,Online,High,5839,500.33,125.31,2921426.87,731685.09
E3440,Hector,Cosmeticos,Online,Critical,3162,928.33,259.27,2935379.46,819811.74
E3441,Rebecca,Material de oficina,Online,High,7487,519.94,6.68,3892790.78,50013.16
E3442,Donald,Snacks,Online,Medium,6397,748.99,341.82,4791289.03,2186622.54
E3443,Daniel,Snacks,Offline,High,2724,936.5,7.88,2551026,21465.12
E3444,Brittany,Cosmeticos,Offline,Low,6013,891.2,318.61,5358785.6,1915801.93
E3445,Jacob,Carnes,Offline,Medium,2517,691.91,297.44,1741537.47,748656.48
E3446,Ryan,Snacks,Online,Medium,803,792.35,268.63,636257.05,215709.89
E3447,Sabrina,Cereales,Offline,Low,2787,768.84,211.2,2142757.08,588614.4
E3448,Jane,Ropa,Offline,Low,1546,610.34,241.38,943585.64,373173.48
E3449,Kimberly,Cuidado personal,Online,Low,3708,452.98,396.34,1679649.84,1469628.72
E3450,Chris,Cuidado personal,Offline,High,1930,765.02,70.32,1476488.6,135717.6
E3451,Steven,Domestico,Online,Critical,1717,861.98,134.78,1480019.66,231417.26
E3452,Kevin,Cosmeticos,Online,Critical,7254,847.14,157.72,6145153.56,1144100.88
E3453,Amber,Ropa,Online,Medium,7756,963.15,157.44,7470191.4,1221104.64
E3454,William,Domestico,Offline,Medium,9340,615.31,3.38,5746995.4,31569.2
E3455,Nancy,Verduras,Online,Critical,5774,908.66,74.57,5246602.84,430567.18
E3456,Matthew,Domestico,Online,Medium,4853,701.99,91.31,3406757.47,443127.43
E3457,Susan,Cuidado personal,Offline,Medium,2813,672.87,85.85,1892783.31,241496.05
E3458,Eric,Alimento infantil,Offline,High,8769,978.85,64.76,8583535.65,567880.44
E3459,Stephen,Verduras,Offline,Critical,3624,934.44,274.25,3386410.56,993882
E3460,Emily,Verduras,Offline,High,2843,789.03,199.96,2243212.29,568486.28
E3461,Desiree,Bebida,Offline,Medium,6428,557.26,11.42,3582067.28,73407.76
E3462,Richard,Domestico,Online,High,8195,792.22,397.63,6492242.9,3258577.85
E3463,Heather,Ropa,Online,Low,535,787.94,160.8,421547.9,86028
E3464,Sean,Domestico,Online,Medium,1763,888.81,268.73,1566972.03,473770.99
E3465,Antonio,Ropa,Offline,High,1467,458.37,109.31,672428.79,160357.77
E3466,Amber,Cosmeticos,Offline,Critical,6668,660.37,485.54,4403347.16,3237580.72
E3467,Crystal,Alimento infantil,Online,Critical,7406,796.9,88.09,5901841.4,652394.54
E3468,Chad,Carnes,Offline,High,8382,416.02,448.22,3487079.64,3756980.04
E3469,Melissa,Cereales,Online,Low,1915,592.39,114.59,1134426.85,219439.85
E3470,Richard,Cereales,Online,Low,1950,945.25,247.95,1843237.5,483502.5
E3471,Lisa,Snacks,Online,Critical,7194,692.46,113.53,4981557.24,816734.82
E3472,Kyle,Frutas,Offline,Critical,7772,524.57,130.26,4076958.04,1012380.72
E3473,Jonathan,Carnes,Offline,Medium,8898,818.22,134.69,7280521.56,1198471.62
E3474,Kaitlin,Snacks,Offline,Critical,6840,489.6,449.41,3348864,3073964.4
E3475,Joshua,Domestico,Online,Low,2323,645.22,440.58,1498846.06,1023467.34
E3476,Patricia,Frutas,Offline,High,9894,562.85,424.98,5568837.9,4204752.12
E3477,Jaime,Snacks,Online,Critical,215,750.53,258.36,161363.95,55547.4
E3478,Joseph,Frutas,Online,Low,3041,800.88,278.54,2435476.08,847040.14
E3479,Cody,Cuidado personal,Offline,High,5340,434.2,467.13,2318628,2494474.2
E3480,John,Ropa,Online,Low,1670,872.91,334.08,1457759.7,557913.6
E3481,John,Cereales,Online,Medium,5557,805.23,127.89,4474663.11,710684.73
E3482,Jennifer,Ropa,Online,Critical,3193,893.47,272.1,2852849.71,868815.3
E3483,Julie,Frutas,Offline,Low,8409,765.22,324.45,6434734.98,2728300.05
E3484,Phillip,Cosmeticos,Online,High,6604,438.63,136.24,2896712.52,899728.96
E3485,Emily,Ropa,Offline,High,4303,680.34,468.87,2927503.02,2017547.61
E3486,Julie,Material de oficina,Online,Critical,2873,596.32,84.21,1713227.36,241935.33
E3487,Philip,Frutas,Online,Low,7182,794.53,335.56,5706314.46,2409991.92
E3488,Margaret,Carnes,Online,High,7348,790.6,108.09,5809328.8,794245.32
E3489,Michael,Alimento infantil,Online,Critical,3931,512.07,477.83,2012947.17,1878349.73
E3490,Logan,Cuidado personal,Offline,Critical,357,756.88,64.33,270206.16,22965.81
E3491,Chad,Cereales,Offline,Low,2895,948.95,251.55,2747210.25,728237.25
E3492,Nathan,Cuidado personal,Online,High,2903,768.47,363.92,2230868.41,1056459.76
E3493,Nicholas,Cosmeticos,Online,High,768,837.63,213.06,643299.84,163630.08
E3494,Alyssa,Snacks,Offline,High,9494,457.43,429.04,4342840.42,4073305.76
E3495,Timothy,Carnes,Offline,Critical,4996,596.65,198.2,2980863.4,990207.2
E3496,Hunter,Cereales,Offline,High,1470,557.69,301.26,819804.3,442852.2
E3497,Kelly,Cereales,Offline,Low,8018,724.3,283.97,5807437.4,2276871.46
E3498,Paula,Domestico,Online,Critical,5637,884.95,41.46,4988463.15,233710.02
E3499,Willie,Domestico,Offline,Medium,3519,736.89,254.65,2593115.91,896113.35
E3500,Jared,Cuidado personal,Offline,Low,479,768.97,47.81,368336.63,22900.99
E3501,Robert,Cuidado personal,Online,High,4735,472.47,255,2237145.45,1207425
E3502,Jill,Cuidado personal,Online,Low,295,775.17,99.21,228675.15,29266.95
E3503,George,Snacks,Online,Low,6014,707.48,468.41,4254784.72,2817017.74
E3504,Stephanie,Cuidado personal,Offline,Low,3333,601.98,453.6,2006399.34,1511848.8
E3505,Alyssa,Verduras,Offline,Critical,1371,709.13,120.7,972217.23,165479.7
E3506,Michael,Frutas,Offline,Critical,8650,721.08,114.16,6237342,987484
E3507,Johnathan,Frutas,Offline,Medium,4704,689.7,468.45,3244348.8,2203588.8
E3508,Sonia,Alimento infantil,Offline,High,1316,751.56,346.74,989052.96,456309.84
E3509,Taylor,Verduras,Offline,Low,1093,425.71,358.12,465301.03,391425.16
E3510,Jennifer,Cosmeticos,Online,Low,5715,426.42,340.78,2436990.3,1947557.7
E3511,Nancy,Snacks,Online,Critical,550,920.38,90.11,506209,49560.5
E3512,Benjamin,Bebida,Offline,Low,7429,652.11,389.79,4844525.19,2895749.91
E3513,Jeff,Snacks,Online,Medium,5381,731.02,173.03,3933618.62,931074.43
E3514,Mark,Carnes,Online,Medium,5338,867.14,179.23,4628793.32,956729.74
E3515,Erin,Ropa,Offline,Critical,143,981.12,151.66,140300.16,21687.38
E3516,Walter,Domestico,Online,Medium,8744,607.61,223.85,5312941.84,1957344.4
E3517,Michael,Cosmeticos,Offline,High,4350,723.5,78.01,3147225,339343.5
E3518,Nicholas,Cosmeticos,Online,Critical,8321,413.25,14.92,3438653.25,124149.32
E3519,Christina,Cuidado personal,Online,Medium,5341,930.28,26.58,4968625.48,141963.78
E3520,Tiffany,Domestico,Offline,Medium,2783,793.41,132.8,2208060.03,369582.4
E3521,Steve,Verduras,Online,Medium,9074,991.39,258.45,8995872.86,2345175.3
E3522,Margaret,Verduras,Online,Critical,4871,896.11,305.6,4364951.81,1488577.6
E3523,Kyle,Domestico,Offline,Critical,6864,733.91,340.98,5037558.24,2340486.72
E3524,Lori,Material de oficina,Offline,High,8118,796.54,309.47,6466311.72,2512277.46
E3525,Katherine,Alimento infantil,Offline,Critical,7416,612.94,246.72,4545563.04,1829675.52
E3526,Michael,Snacks,Offline,High,1120,880.5,132.42,986160,148310.4
E3527,Angela,Cuidado personal,Offline,Low,3912,448.12,127.87,1753045.44,500227.44
E3528,Tiffany,Cosmeticos,Offline,High,8235,941.16,454.38,7750452.6,3741819.3
E3529,Justin,Cuidado personal,Online,Low,8360,570.85,329.16,4772306,2751777.6
E3530,Jesse,Material de oficina,Offline,Critical,4204,525.98,307.04,2211219.92,1290796.16
E3531,Donald,Verduras,Online,High,7246,856.85,430.29,6208735.1,3117881.34
E3532,Cody,Domestico,Online,Medium,7506,797.97,101.12,5989562.82,759006.72
E3533,Robert,Verduras,Online,Medium,8163,592.76,109.97,4838699.88,897685.11
E3534,Jonathan,Ropa,Offline,Critical,911,592.58,127.28,539840.38,115952.08
E3535,Lori,Cuidado personal,Online,High,213,487.97,429.98,103937.61,91585.74
E3536,Sonya,Frutas,Offline,Medium,9260,943.67,183.01,8738384.2,1694672.6
E3537,Kevin,Domestico,Offline,Low,3822,477.18,27.05,1823781.96,103385.1
E3538,Sarah,Snacks,Offline,Low,488,605.96,106.8,295708.48,52118.4
E3539,Kimberly,Material de oficina,Online,Low,7464,890.75,489.18,6648558,3651239.52
E3540,Jill,Snacks,Offline,Critical,6534,817.8,420.08,5343505.2,2744802.72
E3541,John,Cosmeticos,Offline,High,4566,623.79,423.46,2848225.14,1933518.36
E3542,Craig,Verduras,Offline,Critical,4918,781.15,73.38,3841695.7,360882.84
E3543,Cathy,Bebida,Offline,Medium,760,699.63,26.15,531718.8,19874
E3544,Veronica,Material de oficina,Online,Critical,5666,820.62,452.4,4649632.92,2563298.4
E3545,Leah,Carnes,Offline,High,8454,727.8,497.6,6152821.2,4206710.4
E3546,Kelly,Alimento infantil,Offline,Medium,3905,654.18,27.05,2554572.9,105630.25
E3547,Chris,Ropa,Offline,Low,5374,759.28,329.71,4080370.72,1771861.54
E3548,Michelle,Cosmeticos,Offline,Low,5468,407.94,415.53,2230615.92,2272118.04
E3549,Curtis,Cuidado personal,Online,Medium,227,462.26,391.13,104933.02,88786.51
E3550,William,Carnes,Offline,Medium,1479,816.04,124.01,1206923.16,183410.79
E3551,Rita,Cuidado personal,Online,Critical,8251,736.71,319.89,6078594.21,2639412.39
E3552,Joshua,Verduras,Offline,High,2777,476.5,227.86,1323240.5,632767.22
E3553,Cathy,Ropa,Online,High,7339,526.43,122.34,3863469.77,897853.26
E3554,Amanda,Bebida,Offline,Low,2836,913.46,217.92,2590572.56,618021.12
E3555,Kayla,Cuidado personal,Offline,Critical,7547,563.65,332.43,4253866.55,2508849.21
E3556,Wendy,Domestico,Online,Critical,9847,512.15,242.01,5043141.05,2383072.47
E3557,Daniel,Cosmeticos,Offline,Critical,7353,771.79,182.35,5674971.87,1340819.55
E3558,Wendy,Snacks,Online,High,4071,987.75,254.37,4021130.25,1035540.27
E3559,Lori,Cereales,Offline,High,2353,570.98,291.2,1343515.94,685193.6
E3560,Vincent,Alimento infantil,Online,Low,9086,689.61,221.44,6265796.46,2012003.84
E3561,Eric,Domestico,Online,High,3170,422.27,243.78,1338595.9,772782.6
E3562,Sarah,Frutas,Offline,Critical,9352,481.12,47.72,4499434.24,446277.44
E3563,Melinda,Cuidado personal,Online,Critical,522,945.81,367.07,493712.82,191610.54
E3564,Kimberly,Bebida,Online,Medium,2030,469.54,367.73,953166.2,746491.9
E3565,Rachel,Cuidado personal,Online,Critical,9064,814.88,234.44,7386072.32,2124964.16
E3566,Leslie,Frutas,Online,High,3970,635.49,117.95,2522895.3,468261.5
E3567,Katherine,Material de oficina,Offline,High,2237,789.88,117.07,1766961.56,261885.59
E3568,Anthony,Frutas,Offline,Medium,278,941.58,497.91,261759.24,138418.98
E3569,Zachary,Verduras,Online,Low,6014,584.65,251.27,3516085.1,1511137.78
E3570,John,Ropa,Online,Critical,1868,561.32,249.91,1048545.76,466831.88
E3571,Patrick,Bebida,Online,Critical,1574,654.56,485.15,1030277.44,763626.1
E3572,James,Verduras,Offline,Medium,2682,772.27,483.28,2071228.14,1296156.96
E3573,Brian,Domestico,Offline,High,1135,615.36,92.99,698433.6,105543.65
E3574,Thomas,Ropa,Online,High,3266,976.1,267.55,3187942.6,873818.3
E3575,Sean,Cuidado personal,Offline,Critical,4288,812.77,465.19,3485157.76,1994734.72
E3576,Daniel,Cereales,Online,Critical,553,937.63,374.34,518509.39,207010.02
E3577,Amber,Alimento infantil,Offline,High,7098,901.74,457.35,6400550.52,3246270.3
E3578,Frank,Domestico,Offline,High,3302,719.06,146.22,2374336.12,482818.44
E3579,Kristen,Domestico,Offline,Medium,6380,690.15,337.78,4403157,2155036.4
E3580,Chris,Cosmeticos,Offline,High,8851,674.39,163.93,5969025.89,1450944.43
E3581,Laura,Cosmeticos,Offline,High,608,545.45,297.48,331633.6,180867.84
E3582,William,Ropa,Offline,Critical,1295,937.85,145.43,1214515.75,188331.85
E3583,Katie,Ropa,Offline,High,9873,432.56,415.95,4270664.88,4106674.35
E3584,Dawn,Domestico,Offline,Critical,747,811.03,190.53,605839.41,142325.91
E3585,Tyler,Bebida,Offline,Low,6061,527.36,53.27,3196328.96,322869.47
E3586,Erica,Cuidado personal,Offline,Critical,582,663.24,306.35,386005.68,178295.7
E3587,Rachel,Cereales,Online,Low,3028,800.95,232.2,2425276.6,703101.6
E3588,Randy,Verduras,Offline,High,5061,761.33,369.44,3853091.13,1869735.84
E3589,Jessica,Frutas,Offline,Low,779,965.89,262.72,752428.31,204658.88
E3590,Amanda,Alimento infantil,Online,Critical,6673,456.6,77.54,3046891.8,517424.42
E3591,Kevin,Domestico,Offline,High,5257,869.86,338.59,4572854.02,1779967.63
E3592,Brandon,Domestico,Offline,Critical,1152,434.02,22.91,499991.04,26392.32
E3593,Julie,Carnes,Offline,Low,1183,828.95,303.19,980647.85,358673.77
E3594,Vincent,Ropa,Offline,High,7785,896.88,201.01,6982210.8,1564862.85
E3595,Mary,Cuidado personal,Offline,Low,4575,549.66,140.65,2514694.5,643473.75
E3596,Barbara,Cereales,Online,Critical,7876,783.93,18.95,6174232.68,149250.2
E3597,Amber,Cereales,Offline,Low,1372,584.13,287.64,801426.36,394642.08
E3598,Kayla,Frutas,Online,Medium,1553,861.42,307.24,1337785.26,477143.72
E3599,Nancy,Cereales,Offline,Low,7651,448.22,79.98,3429331.22,611926.98
E3600,Eric,Verduras,Online,Low,903,408.6,131.83,368965.8,119042.49
E3601,Anthony,Cuidado personal,Offline,Low,6536,558.23,67.28,3648591.28,439742.08
E3602,Johnny,Carnes,Offline,High,4548,864.16,227.82,3930199.68,1036125.36
E3603,John,Cosmeticos,Offline,Critical,8959,427.29,213.92,3828091.11,1916509.28
E3604,Sara,Cuidado personal,Online,Critical,5861,492.24,435.17,2885018.64,2550531.37
E3605,Allison,Alimento infantil,Online,Critical,7307,516.66,358.6,3775234.62,2620290.2
E3606,Julie,Frutas,Online,Medium,9385,589.3,449.08,5530580.5,4214615.8
E3607,Nicole,Frutas,Online,High,7237,919.9,223.86,6657316.3,1620074.82
E3608,Joseph,Material de oficina,Online,Critical,8459,685.56,28.13,5799152.04,237951.67
E3609,Wayne,Snacks,Online,Medium,9211,606.2,238.48,5583708.2,2196639.28
E3610,Amy,Snacks,Offline,Critical,6744,549.27,363.73,3704276.88,2452995.12
E3611,Steven,Bebida,Offline,Critical,3298,989.47,415.33,3263272.06,1369758.34
E3612,Phillip,Alimento infantil,Offline,Low,1567,894.85,12.35,1402229.95,19352.45
E3613,Johnathan,Bebida,Online,Critical,2779,994.6,57.06,2763993.4,158569.74
E3614,Misty,Ropa,Online,Low,4271,864.01,161.27,3690186.71,688784.17
E3615,Kevin,Cereales,Offline,Critical,1017,849.79,165.72,864236.43,168537.24
E3616,Troy,Cereales,Offline,Low,7437,957.53,347.07,7121150.61,2581159.59
E3617,Donna,Material de oficina,Online,High,9998,908.53,227.88,9083482.94,2278344.24
E3618,Adam,Snacks,Online,Medium,513,626.51,436.38,321399.63,223862.94
E3619,Paul,Carnes,Online,Medium,5144,973.57,240.48,5008044.08,1237029.12
E3620,Michael,Bebida,Online,Critical,4978,615.59,184.82,3064407.02,920033.96
E3621,Lori,Cosmeticos,Offline,Medium,8996,613.98,22.52,5523364.08,202589.92
E3622,Tyler,Carnes,Online,Critical,1414,483.13,209.9,683145.82,296798.6
E3623,Nancy,Verduras,Offline,High,4137,704.84,358.02,2915923.08,1481128.74
E3624,Troy,Frutas,Online,High,8986,733.91,433.38,6594915.26,3894352.68
E3625,Carla,Carnes,Online,Low,8639,963.5,130.95,8323676.5,1131277.05
E3626,Eric,Material de oficina,Offline,Critical,2073,925.2,302.82,1917939.6,627745.86
E3627,Kristen,Frutas,Offline,Medium,9562,615.69,303.14,5887227.78,2898624.68
E3628,Edward,Cuidado personal,Offline,Critical,1123,834.11,254.54,936705.53,285848.42
E3629,Samuel,Alimento infantil,Online,Critical,2136,655.29,493.89,1399699.44,1054949.04
E3630,Alyssa,Bebida,Online,Critical,1735,630.32,392.96,1093605.2,681785.6
E3631,Kelly,Bebida,Offline,Medium,4595,990.47,245.99,4551209.65,1130324.05
E3632,Matthew,Snacks,Online,Medium,5593,700.08,63.11,3915547.44,352974.23
E3633,Jennifer,Material de oficina,Offline,Medium,6766,714.56,199.88,4834712.96,1352388.08
E3634,Jacob,Alimento infantil,Online,Medium,8289,794.05,314.31,6581880.45,2605315.59
E3635,Steven,Cereales,Offline,Medium,6688,585.62,260.16,3916626.56,1739950.08
E3636,Michael,Domestico,Online,Low,7714,982.95,421.87,7582476.3,3254305.18
E3637,Andrea,Material de oficina,Online,Low,7292,683.31,356.12,4982696.52,2596827.04
E3638,Matthew,Verduras,Offline,High,6917,534.27,27.1,3695545.59,187450.7
E3639,Gabriel,Ropa,Online,Low,1266,430.71,10.06,545278.86,12735.96
E3640,Billy,Carnes,Offline,Medium,9675,505.28,83.68,4888584,809604
E3641,Alicia,Domestico,Online,Medium,5643,611.06,143.9,3448211.58,812027.7
E3642,Tyler,Snacks,Offline,Low,2217,642.72,375.87,1424910.24,833303.79
E3643,Charles,Cuidado personal,Online,Critical,4490,558.75,424.52,2508787.5,1906094.8
E3644,Christina,Cuidado personal,Online,High,9348,908.26,110.34,8490414.48,1031458.32
E3645,Christina,Carnes,Online,Low,6638,542.96,338.52,3604168.48,2247095.76
E3646,Brenda,Carnes,Offline,Low,574,666.39,1.97,382507.86,1130.78
E3647,Emily,Verduras,Online,Low,1679,705.32,460,1184232.28,772340
E3648,Zachary,Verduras,Offline,Critical,8028,481.6,280.47,3866284.8,2251613.16
E3649,Bryan,Carnes,Online,High,739,559.04,112.95,413130.56,83470.05
E3650,Kenneth,Material de oficina,Online,Low,9410,775.38,61.21,7296325.8,575986.1
E3651,Hunter,Snacks,Online,Low,2611,704.73,267.19,1840050.03,697633.09
E3652,Charles,Material de oficina,Online,Critical,1649,572.41,402.88,943904.09,664349.12
E3653,Kenneth,Carnes,Offline,Low,7470,403.63,61.08,3015116.1,456267.6
E3654,Erin,Cereales,Online,High,7016,890.14,160.75,6245222.24,1127822
E3655,Philip,Ropa,Offline,Low,5120,812.97,157.18,4162406.4,804761.6
E3656,Sabrina,Carnes,Online,High,5524,586.51,342.63,3239881.24,1892688.12
E3657,Tammy,Frutas,Offline,Medium,1330,421.1,496.3,560063,660079
E3658,Crystal,Bebida,Offline,Low,8016,799.15,98.79,6405986.4,791900.64
E3659,Alexis,Cereales,Offline,Critical,7746,631,313.07,4887726,2425040.22
E3660,Ashley,Domestico,Online,High,757,858.33,28.33,649755.81,21445.81
E3661,Bobby,Alimento infantil,Online,Low,2212,688.95,420.24,1523957.4,929570.88
E3662,Alexis,Domestico,Offline,Low,2599,656.01,255.27,1704969.99,663446.73
E3663,Ryan,Cuidado personal,Offline,Low,3469,944.8,428.17,3277511.2,1485321.73
E3664,Johnathan,Material de oficina,Offline,High,9195,788.61,5.87,7251268.95,53974.65
E3665,Jacob,Cuidado personal,Online,Critical,168,910.8,376,153014.4,63168
E3666,Austin,Domestico,Online,Medium,4221,713.02,135.47,3009657.42,571818.87
E3667,Charles,Carnes,Online,Medium,5834,753.73,53.61,4397260.82,312760.74
E3668,Karen,Cereales,Offline,Low,3868,788.35,460.87,3049337.8,1782645.16
E3669,Amber,Ropa,Online,High,5102,518.5,221.07,2645387,1127899.14
E3670,Kevin,Bebida,Online,Low,7507,786.32,110.8,5902904.24,831775.6
E3671,Christian,Bebida,Online,Critical,8370,912.45,76.35,7637206.5,639049.5
E3672,Joseph,Cereales,Offline,High,2756,618.02,355.89,1703263.12,980832.84
E3673,Mary,Carnes,Offline,Low,7315,769.49,185.2,5628819.35,1354738
E3674,Jennifer,Frutas,Offline,Medium,7643,595.09,347.48,4548272.87,2655789.64
E3675,Hector,Cuidado personal,Offline,Critical,2327,567.37,397.58,1320269.99,925168.66
E3676,Kelly,Cosmeticos,Online,High,5385,506.72,136.01,2728687.2,732413.85
E3677,Andrew,Snacks,Online,High,3206,714.17,449.75,2289629.02,1441898.5
E3678,Tami,Frutas,Offline,High,2537,461.81,313.85,1171611.97,796237.45
E3679,Christina,Cuidado personal,Offline,Medium,1071,514.38,487.16,550900.98,521748.36
E3680,Amber,Bebida,Online,Low,5888,929.82,366.59,5474780.16,2158481.92
E3681,Laura,Alimento infantil,Offline,Critical,9734,787.96,55.06,7670002.64,535954.04
E3682,Douglas,Material de oficina,Offline,Medium,3091,573,308.61,1771143,953913.51
E3683,Angela,Cereales,Offline,Medium,8818,768.98,249.82,6780865.64,2202912.76
E3684,Christine,Carnes,Online,Low,4487,768.11,183.13,3446509.57,821704.31
E3685,Frank,Alimento infantil,Online,Low,8687,907.44,424.03,7882931.28,3683548.61
E3686,Antonio,Bebida,Online,High,9341,933.36,283.48,8718515.76,2647986.68
E3687,Lisa,Domestico,Offline,Low,9203,830.56,114.91,7643643.68,1057516.73
E3688,Gabriel,Cosmeticos,Online,Low,7870,448.51,347.41,3529773.7,2734116.7
E3689,Gail,Bebida,Offline,High,3962,403.48,321.43,1598587.76,1273505.66
E3690,Thomas,Ropa,Offline,High,6010,464.66,67.45,2792606.6,405374.5
E3691,Michael,Ropa,Offline,Critical,8325,815.43,416.94,6788454.75,3471025.5
E3692,Nicholas,Frutas,Online,Medium,8273,664.45,263.07,5496994.85,2176378.11
E3693,Gail,Cereales,Online,Critical,2961,869.48,311.35,2574530.28,921907.35
E3694,John,Material de oficina,Online,Critical,7613,576.41,72.48,4388209.33,551790.24
E3695,Melissa,Cosmeticos,Online,Low,2908,889.94,261.45,2587945.52,760296.6
E3696,Jacob,Frutas,Offline,Low,3215,627.03,441.39,2015901.45,1419068.85
E3697,Angela,Cereales,Online,Critical,3621,897.06,350.58,3248254.26,1269450.18
E3698,Thomas,Cosmeticos,Online,Medium,5661,726.76,287.95,4114188.36,1630084.95
E3699,Eric,Cosmeticos,Offline,High,7843,982.28,270.21,7704022.04,2119257.03
E3700,Kyle,Cosmeticos,Online,Critical,360,918.77,106.12,330757.2,38203.2
E3701,Darin,Cuidado personal,Online,Medium,2777,711.34,289.4,1975391.18,803663.8
E3702,Jared,Material de oficina,Offline,High,4276,761.57,314.91,3256473.32,1346555.16
E3703,Kimberly,Ropa,Offline,Medium,591,662.66,210.36,391632.06,124322.76
E3704,Rachel,Bebida,Online,High,4076,995.87,16.58,4059166.12,67580.08
E3705,Zachary,Snacks,Offline,Critical,9526,533.79,475.68,5084883.54,4531327.68
E3706,Katie,Cuidado personal,Online,Low,8341,648.96,415.41,5412975.36,3464934.81
E3707,Kimberly,Cereales,Online,Low,6668,861.02,281.34,5741281.36,1875975.12
E3708,Margaret,Snacks,Online,High,7041,681.73,455.41,4800060.93,3206541.81
E3709,Leah,Domestico,Offline,Low,3302,998.29,453.99,3296353.58,1499074.98
E3710,Brady,Material de oficina,Online,Medium,8759,523.09,384.42,4581745.31,3367134.78
E3711,Amanda,Carnes,Online,Low,5151,780.88,271.88,4022312.88,1400453.88
E3712,Mary,Carnes,Offline,Critical,6393,864.55,425.95,5527068.15,2723098.35
E3713,Tony,Bebida,Online,Medium,4788,633.87,289.82,3034969.56,1387658.16
E3714,Theresa,Bebida,Offline,Low,8844,968.15,456.74,8562318.6,4039408.56
E3715,Mark,Cosmeticos,Offline,Medium,4785,719.39,377.53,3442281.15,1806481.05
E3716,Carla,Cereales,Offline,Low,4467,527.13,273.12,2354689.71,1220027.04
E3717,Donna,Cosmeticos,Offline,Low,2317,702.88,240.36,1628572.96,556914.12
E3718,Willie,Snacks,Offline,Low,7553,448.82,234.38,3389937.46,1770272.14
E3719,David,Cosmeticos,Online,Critical,4170,778.48,190.53,3246261.6,794510.1
E3720,Kevin,Snacks,Offline,High,9693,454.32,306.55,4403723.76,2971389.15
E3721,William,Ropa,Offline,Low,9229,952.59,269.36,8791453.11,2485923.44
E3722,Daniel,Ropa,Online,High,3909,798.52,204.07,3121414.68,797709.63
E3723,James,Cereales,Online,Critical,5328,882.3,436.78,4700894.4,2327163.84
E3724,Crystal,Verduras,Offline,Critical,6537,629.48,128.94,4114910.76,842880.78
E3725,Kristen,Snacks,Offline,Medium,5782,979.58,412.86,5663931.56,2387156.52
E3726,Walter,Ropa,Online,High,2244,589.52,293.72,1322882.88,659107.68
E3727,Nicholas,Domestico,Offline,Low,4028,803.66,60.88,3237142.48,245224.64
E3728,Natasha,Ropa,Offline,High,9976,723.26,176.18,7215241.76,1757571.68
E3729,Mary,Material de oficina,Offline,Low,1368,513.24,22.1,702112.32,30232.8
E3730,Jacob,Alimento infantil,Offline,High,9161,872.86,172.18,7996270.46,1577340.98
E3731,Billy,Cosmeticos,Online,Critical,9158,648.14,334.78,5935666.12,3065915.24
E3732,Amanda,Cosmeticos,Offline,Medium,6920,590.52,220.74,4086398.4,1527520.8
E3733,Mary,Ropa,Offline,High,7537,834.65,485.97,6290757.05,3662755.89
E3734,Juan,Domestico,Online,High,6739,942.21,162.14,6349553.19,1092661.46
E3735,Lindsey,Material de oficina,Offline,Critical,2820,667.77,444.05,1883111.4,1252221
E3736,Wayne,Alimento infantil,Online,High,2648,738.07,115.05,1954409.36,304652.4
E3737,Susan,Domestico,Offline,Low,7854,421.73,368.53,3312267.42,2894434.62
E3738,Mandy,Domestico,Online,Critical,4178,872.09,495.95,3643592.02,2072079.1
E3739,Michael,Bebida,Online,Low,5563,914.86,373.7,5089366.18,2078893.1
E3740,Michael,Bebida,Offline,Medium,3798,516.04,263.19,1959919.92,999595.62
E3741,Alicia,Snacks,Offline,High,3944,438.81,68.65,1730666.64,270755.6
E3742,Joshua,Alimento infantil,Online,Medium,5207,994.7,252.08,5179402.9,1312580.56
E3743,Alexander,Material de oficina,Offline,Critical,148,411.88,88.53,60958.24,13102.44
E3744,James,Verduras,Offline,Critical,6496,590.81,112.9,3837901.76,733398.4
E3745,Morgan,Cereales,Offline,Medium,2689,906.69,66.48,2438089.41,178764.72
E3746,William,Domestico,Online,Critical,1026,579.22,320.69,594279.72,329027.94
E3747,Mary,Cosmeticos,Offline,Low,1809,483.83,238.22,875248.47,430939.98
E3748,Richard,Cuidado personal,Offline,High,6834,776.3,488.09,5305234.2,3335607.06
E3749,Kevin,Ropa,Online,Critical,7048,879.08,401.42,6195755.84,2829208.16
E3750,Benjamin,Frutas,Online,Critical,3285,850.75,242.91,2794713.75,797959.35
E3751,Amanda,Material de oficina,Offline,Low,4127,580.89,453.26,2397333.03,1870604.02
E3752,Alyssa,Verduras,Offline,High,4526,601.27,186.79,2721348.02,845411.54
E3753,Anthony,Verduras,Online,High,1068,620.04,58.2,662202.72,62157.6
E3754,Paula,Ropa,Offline,High,2011,856.75,172.58,1722924.25,347058.38
E3755,Emma,Cuidado personal,Online,Medium,4389,964.52,476.4,4233278.28,2090919.6
E3756,Craig,Domestico,Online,Low,2282,653.65,244.09,1491629.3,557013.38
E3757,Cameron,Bebida,Offline,Critical,1605,592.28,479.89,950609.4,770223.45
E3758,Maxwell,Ropa,Offline,High,6234,738.6,485.6,4604432.4,3027230.4
E3759,Dana,Cosmeticos,Offline,Critical,6626,903.14,445.45,5984205.64,2951551.7
E3760,James,Frutas,Online,Critical,3315,783.59,74.45,2597600.85,246801.75
E3761,Jeffrey,Alimento infantil,Offline,Critical,4284,649.04,35.45,2780487.36,151867.8
E3762,Jessica,Carnes,Online,Low,5725,454.19,61.16,2600237.75,350141
E3763,Rebecca,Snacks,Online,Low,3000,420.81,133.94,1262430,401820
E3764,Austin,Material de oficina,Online,Critical,6909,710.54,144.31,4909120.86,997037.79
E3765,Cameron,Bebida,Online,Low,3569,670.16,364.39,2391801.04,1300507.91
E3766,Matthew,Cosmeticos,Offline,Medium,6672,525.61,192.47,3506869.92,1284159.84
E3767,Robert,Domestico,Offline,Low,2907,867.99,431.96,2523246.93,1255707.72
E3768,Teresa,Domestico,Offline,Medium,8753,816.26,271.53,7144723.78,2376702.09
E3769,Michael,Domestico,Offline,Low,9219,544.82,209.56,5022695.58,1931933.64
E3770,Richard,Cereales,Online,Medium,6974,748.33,220.12,5218853.42,1535116.88
E3771,Jonathan,Material de oficina,Offline,Low,3081,583.92,183.33,1799057.52,564839.73
E3772,Jennifer,Material de oficina,Offline,Critical,3657,502.46,291.79,1837496.22,1067076.03
E3773,Jeffrey,Alimento infantil,Offline,Medium,3294,541.33,66.79,1783141.02,220006.26
E3774,Eric,Frutas,Offline,High,6070,845.4,220.93,5131578,1341045.1
E3775,Jacob,Carnes,Offline,High,7626,556.74,55.69,4245699.24,424691.94
E3776,Jane,Material de oficina,Offline,Critical,626,749.22,286.34,469011.72,179248.84
E3777,William,Material de oficina,Offline,Low,4741,503.28,350.5,2386050.48,1661720.5
E3778,Cindy,Alimento infantil,Offline,Critical,4620,505.69,204.29,2336287.8,943819.8
E3779,Daniel,Material de oficina,Offline,Critical,4463,621.5,176.92,2773754.5,789593.96
E3780,Lori,Bebida,Offline,Medium,6060,709.28,351.53,4298236.8,2130271.8
E3781,Daniel,Ropa,Online,Low,6048,977.81,151.3,5913794.88,915062.4
E3782,Sabrina,Cereales,Online,Medium,2020,508.49,197.64,1027149.8,399232.8
E3783,Travis,Snacks,Offline,Low,5121,608.17,365.65,3114438.57,1872493.65
E3784,James,Snacks,Online,Medium,3432,901.18,319.57,3092849.76,1096764.24
E3785,Erin,Material de oficina,Offline,Critical,4538,446.46,220.74,2026035.48,1001718.12
E3786,Carla,Verduras,Offline,Critical,4859,460.87,448.4,2239367.33,2178775.6
E3787,Sara,Alimento infantil,Offline,Critical,2513,629.54,376.16,1582034.02,945290.08
E3788,Nathan,Frutas,Offline,Low,1477,507.3,307.26,749282.1,453823.02
E3789,Logan,Alimento infantil,Offline,Critical,1369,818.97,396.4,1121169.93,542671.6
E3790,Gail,Domestico,Online,Low,1824,561.72,116.9,1024577.28,213225.6
E3791,Sonia,Cosmeticos,Online,High,7754,524.39,345.64,4066120.06,2680092.56
E3792,Gina,Material de oficina,Online,Medium,5662,461.51,267.45,2613069.62,1514301.9
E3793,Anthony,Carnes,Offline,Low,4444,869.2,218.89,3862724.8,972747.16
E3794,Tammy,Domestico,Offline,High,9534,757.56,313.23,7222577.04,2986334.82
E3795,Thomas,Snacks,Offline,Critical,4441,708.08,252.48,3144583.28,1121263.68
E3796,Jacob,Bebida,Online,Low,4900,646.58,47.83,3168242,234367
E3797,Dawn,Alimento infantil,Online,High,9400,480.14,347.82,4513316,3269508
E3798,Cameron,Ropa,Offline,Critical,5546,819.8,378.56,4546610.8,2099493.76
E3799,Alexis,Material de oficina,Offline,High,7932,492.16,200.87,3903813.12,1593300.84
E3800,Nancy,Bebida,Online,Low,4832,459.68,79.99,2221173.76,386511.68
E3801,Danielle,Carnes,Offline,Medium,2831,553.6,63.79,1567241.6,180589.49
E3802,Elizabeth,Snacks,Offline,Medium,1427,940.76,47.59,1342464.52,67910.93
E3803,Joseph,Ropa,Online,Low,9180,419.94,249.25,3855049.2,2288115
E3804,Ryan,Carnes,Offline,High,8807,714.27,376.19,6290575.89,3313105.33
E3805,Cory,Cuidado personal,Offline,Low,5003,444.49,195.4,2223783.47,977586.2
E3806,Michelle,Alimento infantil,Offline,Critical,3043,976.41,10.7,2971215.63,32560.1
E3807,Michael,Verduras,Offline,Low,5019,401.72,121.48,2016232.68,609708.12
E3808,Kyle,Domestico,Offline,Medium,6302,778.16,413.66,4903964.32,2606885.32
E3809,Sara,Snacks,Offline,Low,3993,690.27,2.01,2756248.11,8025.93
E3810,Austin,Cuidado personal,Online,High,8384,539.22,459.91,4520820.48,3855885.44
E3811,Nicole,Bebida,Offline,Low,1896,577.75,272.32,1095414,516318.72
E3812,Nicholas,Frutas,Online,Critical,6114,524.5,33.12,3206793,202495.68
E3813,John,Domestico,Offline,Critical,1322,567.62,391.27,750393.64,517258.94
E3814,Sarah,Verduras,Offline,High,2744,648.66,12.64,1779923.04,34684.16
E3815,Joshua,Verduras,Online,Critical,1922,508.69,241.58,977702.18,464316.76
E3816,Mary,Domestico,Online,Low,2115,998.86,351.75,2112588.9,743951.25
E3817,Andrea,Ropa,Online,High,6782,931.06,270.67,6314448.92,1835683.94
E3818,Michelle,Ropa,Offline,Critical,4574,624.84,486.38,2858018.16,2224702.12
E3819,David,Material de oficina,Offline,Critical,8146,975.11,59.34,7943246.06,483383.64
E3820,Amanda,Verduras,Online,High,2944,547.14,418.32,1610780.16,1231534.08
E3821,Mason,Frutas,Online,Critical,4223,619.62,416.05,2616655.26,1756979.15
E3822,Paula,Bebida,Offline,Low,6447,566.36,79.08,3651322.92,509828.76
E3823,Elizabeth,Alimento infantil,Online,Critical,4823,825.5,204.9,3981386.5,988232.7
E3824,Chad,Alimento infantil,Online,Low,3016,782.35,238.82,2359567.6,720281.12
E3825,Megan,Ropa,Online,Low,9711,754.86,125.82,7330445.46,1221838.02
E3826,William,Domestico,Online,Medium,9868,727.82,293.83,7182127.76,2899514.44
E3827,Jose,Verduras,Offline,High,8310,964.62,242.85,8015992.2,2018083.5
E3828,Juan,Ropa,Offline,High,7344,422.6,372.81,3103574.4,2737916.64
E3829,Brenda,Cereales,Offline,Critical,2943,502.46,104.68,1478739.78,308073.24
E3830,Morgan,Domestico,Online,Low,4248,490.3,92.53,2082794.4,393067.44
E3831,Alisha,Cosmeticos,Online,High,7324,615.63,159.54,4508874.12,1168470.96
E3832,Kimberly,Material de oficina,Online,High,3447,832.51,366.83,2869661.97,1264463.01
E3833,Raymond,Domestico,Online,Low,5395,452.8,45.14,2442856,243530.3
E3834,Sara,Frutas,Offline,Critical,3612,806.13,100.23,2911741.56,362030.76
E3835,Kimberly,Carnes,Offline,High,8755,972.99,312.87,8518527.45,2739176.85
E3836,Christina,Bebida,Offline,Critical,8223,536.43,75.89,4411063.89,624043.47
E3837,Joseph,Material de oficina,Offline,Low,6238,610.25,237.9,3806739.5,1484020.2
E3838,Kevin,Verduras,Offline,Medium,9437,922.62,437.21,8706764.94,4125950.77
E3839,Sydney,Frutas,Offline,Medium,2037,684.43,324.58,1394183.91,661169.46
E3840,Valerie,Bebida,Online,Critical,6000,789.12,436.95,4734720,2621700
E3841,Lori,Cuidado personal,Online,Critical,4029,800.46,133.28,3225053.34,536985.12
E3842,Emma,Carnes,Offline,Medium,134,952.87,347.09,127684.58,46510.06
E3843,Melanie,Cereales,Offline,Critical,1101,619.15,363.51,681684.15,400224.51
E3844,Phillip,Domestico,Offline,High,7713,557.68,142.51,4301385.84,1099179.63
E3845,Cindy,Cosmeticos,Offline,Low,5278,845.92,142.32,4464765.76,751164.96
E3846,Judith,Cosmeticos,Offline,High,2053,794.81,241.62,1631744.93,496045.86
E3847,Sonia,Carnes,Offline,Medium,4377,721.05,80.99,3156035.85,354493.23
E3848,Alisha,Carnes,Offline,Medium,6138,501.51,259.83,3078268.38,1594836.54
E3849,Misty,Snacks,Offline,Medium,1333,430.72,247.65,574149.76,330117.45
E3850,Willie,Cosmeticos,Offline,Medium,8767,929.29,300.25,8147085.43,2632291.75
E3851,Kenneth,Cereales,Offline,High,3708,484.89,88.17,1797972.12,326934.36
E3852,Kimberly,Cuidado personal,Online,Medium,4654,832.73,142.06,3875525.42,661147.24
E3853,Tammy,Frutas,Offline,Low,7966,547.24,219.55,4359313.84,1748935.3
E3854,Jessica,Cuidado personal,Online,High,9419,572.1,338.71,5388609.9,3190309.49
E3855,David,Carnes,Online,Critical,3006,681.88,343.34,2049731.28,1032080.04
E3856,Michael,Bebida,Online,High,3943,925.47,461.17,3649128.21,1818393.31
E3857,Diana,Ropa,Offline,Low,898,553.63,38.84,497159.74,34878.32
E3858,Michael,Material de oficina,Offline,Medium,5664,934.06,156.59,5290515.84,886925.76
E3859,Courtney,Cosmeticos,Offline,High,7727,955.63,204.61,7384153.01,1581021.47
E3860,Karen,Verduras,Online,High,9237,958.75,196.58,8855973.75,1815809.46
E3861,Ryan,Material de oficina,Online,High,2910,880.86,194.36,2563302.6,565587.6
E3862,Stephanie,Material de oficina,Offline,Medium,4361,937.05,284.66,4086475.05,1241402.26
E3863,Samuel,Cosmeticos,Offline,Medium,5413,427.23,289.35,2312595.99,1566251.55
E3864,Jennifer,Alimento infantil,Offline,Critical,3320,642.96,131.16,2134627.2,435451.2
E3865,Bruce,Verduras,Offline,Low,1348,446.04,433.78,601261.92,584735.44
E3866,Troy,Cuidado personal,Offline,Medium,521,469.44,340.84,244578.24,177577.64
E3867,William,Ropa,Online,Critical,8343,535.19,188.58,4465090.17,1573322.94
E3868,Jennifer,Cosmeticos,Offline,High,1603,410.19,110.13,657534.57,176538.39
E3869,Steven,Cuidado personal,Online,Medium,2398,559.54,215.11,1341776.92,515833.78
E3870,Dawn,Domestico,Offline,Critical,4212,792.96,486.86,3339947.52,2050654.32
E3871,Michael,Cuidado personal,Online,Medium,6727,946.73,434.42,6368652.71,2922343.34
E3872,Nicholas,Domestico,Online,Low,5012,480.99,96.34,2410721.88,482856.08
E3873,Tammy,Cosmeticos,Offline,Low,4009,617.91,188.54,2477201.19,755856.86
E3874,Teresa,Cereales,Online,High,7938,780.1,411.27,6192433.8,3264661.26
E3875,Kristin,Cereales,Online,Critical,8866,517.6,66.33,4589041.6,588081.78
E3876,Barbara,Material de oficina,Offline,High,6390,430.85,488.38,2753131.5,3120748.2
E3877,Kristin,Cereales,Offline,High,2852,694.6,302.93,1980999.2,863956.36
E3878,Samuel,Cuidado personal,Offline,Low,5155,850.45,448.98,4384069.75,2314491.9
E3879,Kenneth,Domestico,Offline,Critical,3468,650.88,476.09,2257251.84,1651080.12
E3880,Laura,Cuidado personal,Offline,Critical,877,876.03,456.08,768278.31,399982.16
E3881,Eric,Cereales,Offline,Low,1263,987.15,272.76,1246770.45,344495.88
E3882,Jose,Domestico,Offline,High,4501,798.11,259.38,3592293.11,1167469.38
E3883,Brenda,Material de oficina,Online,Medium,6911,531.14,385.95,3670708.54,2667300.45
E3884,Jacob,Material de oficina,Offline,Medium,317,619.22,282.3,196292.74,89489.1
E3885,Mary,Carnes,Offline,Medium,7075,614.27,300.45,4345960.25,2125683.75
E3886,Nancy,Domestico,Offline,Critical,6993,543.68,89.22,3801954.24,623915.46
E3887,William,Frutas,Offline,High,9772,622.01,491.4,6078281.72,4801960.8
E3888,Larry,Cuidado personal,Online,Medium,6477,732.33,88.91,4743301.41,575870.07
E3889,Mark,Cuidado personal,Offline,Medium,1971,714.96,42.15,1409186.16,83077.65
E3890,Brenda,Snacks,Online,High,533,492.15,81.52,262315.95,43450.16
E3891,Vincent,Domestico,Online,Critical,6286,556.12,203.52,3495770.32,1279326.72
E3892,Nicole,Cereales,Offline,Medium,9847,525.73,158.72,5176863.31,1562915.84
E3893,Kimberly,Material de oficina,Offline,Low,6870,737.73,457.31,5068205.1,3141719.7
E3894,Stephen,Bebida,Offline,High,4070,662.82,357.62,2697677.4,1455513.4
E3895,Crystal,Carnes,Online,Critical,7405,717.4,278.13,5312347,2059552.65
E3896,William,Verduras,Online,High,5171,633.34,183.3,3275001.14,947844.3
E3897,Zachary,Cosmeticos,Online,Critical,1778,735.77,239.65,1308199.06,426097.7
E3898,Dawn,Carnes,Offline,Low,2509,426.23,17.77,1069411.07,44584.93
E3899,James,Carnes,Online,Low,1146,606.8,480.07,695392.8,550160.22
E3900,James,Bebida,Online,Medium,8601,615.38,195,5292883.38,1677195
E3901,Richard,Verduras,Online,Critical,8145,826.15,86.06,6728991.75,700958.7
E3902,Mark,Alimento infantil,Offline,Low,9893,524.89,162.99,5192736.77,1612460.07
E3903,Maxwell,Snacks,Offline,Medium,705,917.24,418.87,646654.2,295303.35
E3904,George,Material de oficina,Offline,Medium,6420,521.26,51.98,3346489.2,333711.6
E3905,Marc,Cereales,Online,Low,5640,714.25,100.69,4028370,567891.6
E3906,Kayla,Carnes,Online,High,246,676.05,159.14,166308.3,39148.44
E3907,Steven,Bebida,Online,Medium,7058,983.18,66.14,6939284.44,466816.12
E3908,Kyle,Alimento infantil,Offline,Critical,1370,980.7,483.84,1343559,662860.8
E3909,Richard,Bebida,Offline,High,4462,643.23,254.23,2870092.26,1134374.26
E3910,Kevin,Alimento infantil,Offline,Critical,7272,632.6,144.78,4600267.2,1052840.16
E3911,Mary,Alimento infantil,Online,Low,1468,746.23,115.68,1095465.64,169818.24
E3912,Alex,Cuidado personal,Offline,Low,5834,573.08,336.55,3343348.72,1963432.7
E3913,Andrew,Snacks,Online,High,9624,582.09,398.97,5602034.16,3839687.28
E3914,Austin,Cereales,Online,Medium,247,673.11,92.62,166258.17,22877.14
E3915,Rebecca,Cereales,Online,Critical,1777,944.5,456.5,1678376.5,811200.5
E3916,Julie,Verduras,Offline,Low,1860,415.71,127.82,773220.6,237745.2
E3917,Todd,Cosmeticos,Online,Low,2798,672.53,362.24,1881738.94,1013547.52
E3918,Joshua,Snacks,Online,Critical,5317,588.47,50.56,3128894.99,268827.52
E3919,Kimberly,Alimento infantil,Offline,Critical,136,599.56,84.72,81540.16,11521.92
E3920,Kimberly,Alimento infantil,Offline,High,2373,806.97,442.99,1914939.81,1051215.27
E3921,Jennifer,Frutas,Offline,High,3229,634.62,67.19,2049187.98,216956.51
E3922,Jill,Cereales,Offline,Low,1433,868.28,22.52,1244245.24,32271.16
E3923,Cathy,Domestico,Online,High,6904,708.98,123.54,4894797.92,852920.16
E3924,Brian,Cuidado personal,Offline,Low,822,858.43,24.24,705629.46,19925.28
E3925,Laurie,Snacks,Online,Low,126,779.67,490.15,98238.42,61758.9
E3926,Julie,Carnes,Online,Critical,4266,847.81,270.89,3616757.46,1155616.74
E3927,Christian,Material de oficina,Online,Low,963,786.67,250.67,757563.21,241395.21
E3928,Brenda,Bebida,Offline,High,3167,593.52,325.22,1879677.84,1029971.74
E3929,Kevin,Carnes,Online,Critical,7974,959.05,77.59,7647464.7,618702.66
E3930,Alyssa,Snacks,Online,Low,2804,919.64,241.25,2578670.56,676465
E3931,Emily,Cosmeticos,Offline,High,9240,697.61,309.28,6445916.4,2857747.2
E3932,Laura,Cuidado personal,Online,Medium,8965,872.69,329.6,7823665.85,2954864
E3933,Veronica,Verduras,Online,Critical,6909,826.34,216.09,5709183.06,1492965.81
E3934,Dana,Alimento infantil,Offline,High,8479,479.71,399.52,4067461.09,3387530.08
E3935,Patricia,Verduras,Offline,Medium,3816,520.97,233.78,1988021.52,892104.48
E3936,Jacob,Cuidado personal,Online,High,2289,573.39,103.91,1312489.71,237849.99
E3937,Alyssa,Bebida,Offline,High,1948,425.24,97.18,828367.52,189306.64
E3938,Matthew,Cosmeticos,Online,High,2928,543.9,49.66,1592539.2,145404.48
E3939,John,Cuidado personal,Offline,Medium,1084,436.69,85.58,473371.96,92768.72
E3940,Katherine,Domestico,Online,Critical,9179,543.21,373.12,4986124.59,3424868.48
E3941,Angela,Verduras,Online,High,6507,438.38,26.05,2852538.66,169507.35
E3942,Jacob,Cereales,Offline,Critical,1409,462.92,305.09,652254.28,429871.81
E3943,Thomas,Cereales,Online,Low,4429,422.27,437.9,1870233.83,1939459.1
E3944,Andrea,Material de oficina,Online,High,9078,657.32,238.31,5967150.96,2163378.18
E3945,Joshua,Ropa,Offline,High,4939,737.66,41.11,3643302.74,203042.29
E3946,Sara,Cuidado personal,Online,High,2410,902.04,243.94,2173916.4,587895.4
E3947,Wendy,Cuidado personal,Offline,Low,6193,460.34,443.38,2850885.62,2745852.34
E3948,Brittany,Ropa,Offline,Medium,701,907.8,341.43,636367.8,239342.43
E3949,Eric,Cuidado personal,Online,Medium,7670,628.7,472.91,4822129,3627219.7
E3950,Andrew,Cereales,Offline,Critical,6572,545.07,129.68,3582200.04,852256.96
E3951,Tina,Domestico,Online,Critical,6337,754.45,57.05,4780949.65,361525.85
E3952,Emily,Bebida,Offline,Critical,7516,856.3,368.65,6435950.8,2770773.4
E3953,Brandon,Carnes,Offline,Medium,8378,877.38,51.75,7350689.64,433561.5
E3954,Alyssa,Verduras,Online,Medium,4380,454.46,298.14,1990534.8,1305853.2
E3955,Amber,Ropa,Online,Medium,2785,580.43,191.02,1616497.55,531990.7
E3956,Kimberly,Verduras,Online,High,631,830.53,282.12,524064.43,178017.72
E3957,Jeffrey,Cosmeticos,Offline,Medium,1110,899.18,429.21,998089.8,476423.1
E3958,Philip,Cosmeticos,Offline,Medium,1205,984.57,485.3,1186406.85,584786.5
E3959,Steven,Frutas,Offline,High,4784,492.24,278.75,2354876.16,1333540
E3960,Austin,Cosmeticos,Offline,Critical,1488,638.34,406.76,949849.92,605258.88
E3961,Patrick,Bebida,Offline,High,4659,480.01,35.07,2236366.59,163391.13
E3962,Joshua,Material de oficina,Online,Medium,4518,486.5,77.53,2198007,350280.54
E3963,Zachary,Snacks,Offline,High,2335,494.47,254.87,1154587.45,595121.45
E3964,Duane,Ropa,Offline,Medium,4317,646.28,490.46,2789990.76,2117315.82
E3965,Sara,Cuidado personal,Online,Critical,6526,912.89,495.95,5957520.14,3236569.7
E3966,Melanie,Domestico,Online,Medium,326,982.14,374.91,320177.64,122220.66
E3967,Brenda,Alimento infantil,Offline,Low,7893,472.25,175.79,3727469.25,1387510.47
E3968,Darin,Ropa,Offline,Low,3750,401.19,394.89,1504462.5,1480837.5
E3969,Connor,Carnes,Online,Medium,8100,862.11,168.65,6983091,1366065
E3970,Melanie,Cereales,Online,Critical,2878,780.97,453.4,2247631.66,1304885.2
E3971,Nicole,Domestico,Offline,Critical,4141,957.01,131.92,3962978.41,546280.72
E3972,Audrey,Snacks,Online,Low,8836,578.47,187.23,5111360.92,1654364.28
E3973,Christine,Verduras,Online,Critical,7032,487.24,202.17,3426271.68,1421659.44
E3974,Cory,Ropa,Offline,Medium,1209,842.21,145.72,1018231.89,176175.48
E3975,Teresa,Domestico,Offline,Low,5899,493.56,342.01,2911510.44,2017516.99
E3976,Benjamin,Alimento infantil,Online,Medium,9583,572.06,317.28,5482050.98,3040494.24
E3977,Eric,Material de oficina,Offline,Critical,6132,413.39,456.77,2534907.48,2800913.64
E3978,Logan,Ropa,Offline,Medium,2879,538.63,423.89,1550715.77,1220379.31
E3979,Curtis,Carnes,Online,Critical,8600,478.77,347.31,4117422,2986866
E3980,Andre,Ropa,Online,Medium,5376,820.77,28.2,4412459.52,151603.2
E3981,Justin,Material de oficina,Offline,Low,9913,409.03,439.66,4054714.39,4358349.58
E3982,Holly,Carnes,Offline,Medium,9924,457.81,24.46,4543306.44,242741.04
E3983,Nathan,Frutas,Offline,High,4577,477.52,231.44,2185609.04,1059300.88
E3984,Colin,Verduras,Offline,Critical,7586,715.33,432.42,5426493.38,3280338.12
E3985,Jacob,Material de oficina,Online,High,5402,761.56,274.85,4113947.12,1484739.7
E3986,Richard,Verduras,Online,Low,7809,726.2,354.21,5670895.8,2766025.89
E3987,Sarah,Snacks,Offline,Critical,7256,802.58,487.33,5823520.48,3536066.48
E3988,Edward,Verduras,Online,Medium,3595,558.59,308.98,2008131.05,1110783.1
E3989,Kimberly,Material de oficina,Online,Medium,8124,541.24,83.13,4397033.76,675348.12
E3990,Christopher,Frutas,Online,High,8354,436.76,432,3648693.04,3608928
E3991,Margaret,Cuidado personal,Offline,Medium,2892,751.04,444.51,2172007.68,1285522.92
E3992,Brandi,Material de oficina,Offline,Medium,9816,692.5,236.83,6797580,2324723.28
E3993,Christina,Snacks,Offline,Critical,3862,457.43,364.6,1766594.66,1408085.2
E3994,Mandy,Carnes,Online,Critical,570,958.28,353.71,546219.6,201614.7
E3995,Megan,Ropa,Offline,High,5670,601.05,24.61,3407953.5,139538.7
E3996,Jennifer,Material de oficina,Online,Low,5250,854.6,454.71,4486650,2387227.5
E3997,Amanda,Cereales,Online,Critical,8274,761.9,168.83,6303960.6,1396899.42
E3998,Laura,Snacks,Offline,Critical,7929,982.93,125,7793651.97,991125
E3999,Patricia,Alimento infantil,Offline,Critical,9517,469.83,359.22,4471372.11,3418696.74
E4000,Melissa,Frutas,Online,High,7787,963.65,59.71,7503942.55,464961.77
E4001,Kyle,Frutas,Online,Medium,9943,997.46,79.1,9917744.78,786491.3
E4002,Steven,Domestico,Offline,Low,8859,510.09,382.88,4518887.31,3391933.92
E4003,Lisa,Verduras,Online,Medium,3523,568.13,479.43,2001521.99,1689031.89
E4004,Nancy,Cuidado personal,Offline,Medium,6488,841.17,85.2,5457510.96,552777.6
E4005,Julie,Carnes,Online,High,7367,711.15,135.27,5239042.05,996534.09
E4006,Katherine,Material de oficina,Online,High,7219,644.33,143.44,4651418.27,1035493.36
E4007,Brian,Verduras,Online,Critical,359,692.43,389.72,248582.37,139909.48
E4008,Jacob,Bebida,Offline,High,7784,625.13,404.76,4866011.92,3150651.84
E4009,Brett,Cosmeticos,Online,High,5209,433.55,464.7,2258361.95,2420622.3
E4010,Scott,Verduras,Online,Low,1733,859.81,312.97,1490050.73,542377.01
E4011,Tyrone,Snacks,Online,Low,761,851.42,124.39,647930.62,94660.79
E4012,Robert,Cuidado personal,Offline,Low,6145,938.05,7.67,5764317.25,47132.15
E4013,Karla,Snacks,Offline,Low,9711,757.05,288.71,7351712.55,2803662.81
E4014,Amanda,Bebida,Online,Low,3678,672.13,273.38,2472094.14,1005491.64
E4015,Sean,Cosmeticos,Offline,High,4566,747.43,165.81,3412765.38,757088.46
E4016,Amanda,Cereales,Online,High,8873,617.38,391.02,5478012.74,3469520.46
E4017,Joshua,Cosmeticos,Online,Medium,1793,625.2,235.24,1120983.6,421785.32
E4018,Alexis,Snacks,Offline,High,5284,942.16,220.71,4978373.44,1166231.64
E4019,Andrew,Material de oficina,Online,High,172,402.08,119.62,69157.76,20574.64
E4020,Alexis,Bebida,Offline,Low,4699,513.34,188.21,2412184.66,884398.79
E4021,Tyrone,Cosmeticos,Offline,Critical,3866,784.52,333.82,3032954.32,1290548.12
E4022,Thomas,Alimento infantil,Offline,Medium,9435,423.81,260.56,3998647.35,2458383.6
E4023,Timothy,Carnes,Online,Critical,1012,432.2,282.2,437386.4,285586.4
E4024,Brian,Carnes,Online,Critical,3972,547.34,479.94,2174034.48,1906321.68
E4025,Joshua,Carnes,Online,High,5686,957,160.35,5441502,911750.1
E4026,Alexander,Material de oficina,Online,Critical,7204,625.65,41.17,4507182.6,296588.68
E4027,Wendy,Cereales,Online,High,516,477.19,101.58,246230.04,52415.28
E4028,Kayla,Alimento infantil,Online,Medium,2285,968.1,3.23,2212108.5,7380.55
E4029,John,Cereales,Offline,High,8795,945.03,213.68,8311538.85,1879315.6
E4030,Mandy,Cereales,Offline,Medium,5925,832.07,202.77,4930014.75,1201412.25
E4031,Christina,Alimento infantil,Offline,High,9136,600.28,241.93,5484158.08,2210272.48
E4032,Kimberly,Carnes,Online,Medium,6814,681.46,461.11,4643468.44,3142003.54
E4033,Tony,Cereales,Offline,Critical,6376,833.7,7.5,5315671.2,47820
E4034,Wayne,Alimento infantil,Offline,Low,7071,652.42,347.57,4613261.82,2457667.47
E4035,Kelly,Cosmeticos,Online,Low,347,693.44,418.19,240623.68,145111.93
E4036,James,Ropa,Online,High,6967,958.58,479.72,6678426.86,3342209.24
E4037,Christine,Cereales,Offline,High,3564,867.65,230.03,3092304.6,819826.92
E4038,Eric,Snacks,Online,Medium,5952,657.16,233.91,3911416.32,1392232.32
E4039,Sabrina,Verduras,Offline,Low,5134,752.03,68.98,3860922.02,354143.32
E4040,Joshua,Bebida,Online,High,7767,574.6,309.02,4462918.2,2400158.34
E4041,Samuel,Cereales,Offline,High,6535,886.18,362.27,5791186.3,2367434.45
E4042,Kiara,Snacks,Online,Medium,380,800.44,250.27,304167.2,95102.6
E4043,Bruce,Domestico,Offline,High,8065,742.74,137.84,5990198.1,1111679.6
E4044,Amanda,Snacks,Online,High,5451,823.91,8.49,4491133.41,46278.99
E4045,Jesse,Alimento infantil,Offline,Medium,1441,918.11,200.58,1322996.51,289035.78
E4046,Edward,Cosmeticos,Offline,High,2908,517.09,143.57,1503697.72,417501.56
E4047,Laura,Carnes,Offline,Low,1526,835.04,334.25,1274271.04,510065.5
E4048,Lisa,Bebida,Offline,Medium,1032,509.2,178.56,525494.4,184273.92
E4049,Robert,Cereales,Online,Critical,1551,580.13,126.17,899781.63,195689.67
E4050,Lori,Cosmeticos,Offline,Low,8298,966.86,339.74,8023004.28,2819162.52
E4051,Melanie,Bebida,Online,Low,4867,493.56,91.97,2402156.52,447617.99
E4052,Maxwell,Alimento infantil,Online,Medium,2222,567.34,40.84,1260629.48,90746.48
E4053,Joseph,Cosmeticos,Offline,Critical,6480,499.54,472.03,3237019.2,3058754.4
E4054,Mason,Carnes,Online,Low,2806,495.83,181.67,1391298.98,509766.02
E4055,William,Snacks,Offline,Medium,2340,511.46,167.1,1196816.4,391014
E4056,Allison,Frutas,Offline,Medium,6320,496.21,332.98,3136047.2,2104433.6
E4057,Steven,Frutas,Offline,High,5192,717.52,163.12,3725363.84,846919.04
E4058,Chad,Verduras,Offline,Medium,4781,533.63,261.77,2551285.03,1251522.37
E4059,Brenda,Verduras,Offline,High,1800,712.7,280.64,1282860,505152
E4060,Craig,Frutas,Online,High,8724,871.03,36.4,7598865.72,317553.6
E4061,Amanda,Cuidado personal,Online,Low,482,517.91,319.96,249632.62,154220.72
E4062,Angela,Material de oficina,Offline,High,2240,962.35,285.75,2155664,640080
E4063,Jacob,Material de oficina,Offline,Medium,4645,594.93,404.13,2763449.85,1877183.85
E4064,Kimberly,Cosmeticos,Offline,Medium,5756,832.4,269.33,4791294.4,1550263.48
E4065,Charles,Carnes,Offline,Critical,9642,530.26,418.7,5112766.92,4037105.4
E4066,Amanda,Alimento infantil,Offline,Low,4906,760.23,356.85,3729688.38,1750706.1
E4067,Amber,Snacks,Offline,Medium,1097,416.74,17.94,457163.78,19680.18
E4068,Tabitha,Bebida,Online,High,8320,486.58,67.75,4048345.6,563680
E4069,Ryan,Cuidado personal,Offline,Medium,5818,808.3,418.87,4702689.4,2436985.66
E4070,Bobby,Material de oficina,Offline,Critical,3936,862.08,117.82,3393146.88,463739.52
E4071,Dawn,Cosmeticos,Online,Medium,5369,916.22,178.9,4919185.18,960514.1
E4072,Craig,Carnes,Online,High,6740,574.47,32.96,3871927.8,222150.4
E4073,Jessica,Cuidado personal,Offline,Medium,6219,991.08,331.92,6163526.52,2064210.48
E4074,Leah,Snacks,Offline,Medium,4038,910.04,386.86,3674741.52,1562140.68
E4075,David,Cosmeticos,Online,Low,5611,925.59,439.2,5193485.49,2464351.2
E4076,Amanda,Ropa,Offline,Critical,2680,811.78,495.98,2175570.4,1329226.4
E4077,Joshua,Frutas,Offline,High,4628,998.2,317.74,4619669.6,1470500.72
E4078,Kevin,Snacks,Offline,Low,4100,579.28,95.5,2375048,391550
E4079,Elizabeth,Alimento infantil,Online,Low,7810,502.89,311.2,3927570.9,2430472
E4080,Steven,Material de oficina,Online,Medium,7524,602.7,462.88,4534714.8,3482709.12
E4081,Tyler,Verduras,Online,Medium,9778,496.08,367.9,4850670.24,3597326.2
E4082,Jesse,Ropa,Offline,High,5520,753.57,175.71,4159706.4,969919.2
E4083,Christina,Carnes,Online,Medium,723,492.75,127.34,356258.25,92066.82
E4084,Gabriel,Frutas,Online,Critical,7427,885.77,481.83,6578613.79,3578551.41
E4085,Andrew,Material de oficina,Offline,Low,6937,632.33,237.81,4386473.21,1649687.97
E4086,Maria,Ropa,Offline,Low,6039,804.54,330.9,4858617.06,1998305.1
E4087,Rebecca,Cereales,Offline,Medium,5387,712.92,397.2,3840500.04,2139716.4
E4088,Mary,Alimento infantil,Offline,Critical,7616,893.66,132.17,6806114.56,1006606.72
E4089,Ryan,Verduras,Offline,Medium,3761,739.81,169.3,2782425.41,636737.3
E4090,Eric,Cosmeticos,Offline,Low,8060,744.59,349.3,6001395.4,2815358
E4091,Brandon,Cuidado personal,Offline,Critical,4228,535.79,243.98,2265320.12,1031547.44
E4092,Michael,Carnes,Online,High,9277,923.82,303.51,8570278.14,2815662.27
E4093,Anthony,Ropa,Online,Critical,5877,785.82,41.11,4618264.14,241603.47
E4094,Charles,Material de oficina,Offline,Critical,2634,420.73,81.09,1108202.82,213591.06
E4095,Todd,Frutas,Offline,Medium,5510,648.57,464.71,3573620.7,2560552.1
E4096,Tammy,Cereales,Offline,Medium,1345,493.6,33.65,663892,45259.25
E4097,Tyrone,Bebida,Offline,High,2892,978.29,484.25,2829214.68,1400451
E4098,Anthony,Material de oficina,Online,Low,2894,814.25,271.02,2356439.5,784331.88
E4099,Scott,Cereales,Online,High,5522,517.77,412.14,2859125.94,2275837.08
E4100,Kimberly,Frutas,Online,Medium,9124,971.72,163.98,8865973.28,1496153.52
E4101,Natasha,Material de oficina,Online,Medium,4858,566.72,101.29,2753125.76,492066.82
E4102,Eric,Cosmeticos,Online,Low,6969,611.1,322.86,4258755.9,2250011.34
E4103,Steven,Material de oficina,Online,Low,7603,517.85,377.99,3937213.55,2873857.97
E4104,Johnathan,Cuidado personal,Offline,Low,9808,604.86,126.22,5932466.88,1237965.76
E4105,Ashley,Snacks,Online,Low,941,890.58,341.4,838035.78,321257.4
E4106,William,Snacks,Offline,Low,1448,835.72,486.76,1210122.56,704828.48
E4107,Kenneth,Cuidado personal,Offline,Medium,8157,956.58,52.89,7802823.06,431423.73
E4108,Nicole,Verduras,Online,Low,5418,540.34,90.59,2927562.12,490816.62
E4109,Nathan,Alimento infantil,Online,Critical,2883,828.69,168.54,2389113.27,485900.82
E4110,Dawn,Ropa,Online,Low,2685,667.62,264.26,1792559.7,709538.1
E4111,Amanda,Cereales,Offline,Critical,7969,785.72,356.02,6261402.68,2837123.38
E4112,Todd,Snacks,Offline,Low,9749,748.92,303.1,7301221.08,2954921.9
E4113,Angela,Snacks,Offline,Critical,2969,871.87,180.72,2588582.03,536557.68
E4114,Jessica,Cuidado personal,Online,Low,4585,447.73,168.17,2052842.05,771059.45
E4115,Michael,Alimento infantil,Offline,Critical,9317,942.48,407.35,8781086.16,3795279.95
E4116,Rebecca,Verduras,Offline,Critical,7114,954.81,98.06,6792518.34,697598.84
E4117,Paul,Alimento infantil,Online,Medium,5469,412.96,236.9,2258478.24,1295606.1
E4118,Rita,Ropa,Offline,Low,2755,545.14,300.94,1501860.7,829089.7
E4119,Gabriel,Cosmeticos,Online,Critical,3524,419.33,238.96,1477718.92,842095.04
E4120,Charles,Bebida,Offline,Critical,6611,782.77,269.9,5174892.47,1784308.9
E4121,Hunter,Ropa,Offline,Critical,8232,560.51,256.23,4614118.32,2109285.36
E4122,Harry,Frutas,Online,High,4274,736.27,41.58,3146817.98,177712.92
E4123,Joseph,Verduras,Online,Medium,9681,616.48,355.95,5968142.88,3445951.95
E4124,Ryan,Material de oficina,Online,Low,9336,606.99,257.97,5666858.64,2408407.92
E4125,Brandon,Alimento infantil,Offline,Critical,964,704.75,22.53,679379,21718.92
E4126,Madison,Snacks,Offline,Medium,2429,993.79,202.93,2413915.91,492916.97
E4127,Isaiah,Cereales,Online,Low,1086,606.87,39.95,659060.82,43385.7
E4128,Kayla,Domestico,Offline,Low,3771,944.57,287.61,3561973.47,1084577.31
E4129,Joseph,Material de oficina,Offline,Medium,8570,477.34,478.86,4090803.8,4103830.2
E4130,Annette,Verduras,Offline,Low,5661,508.96,448.28,2881222.56,2537713.08
E4131,Emily,Carnes,Offline,Low,4510,818.19,277.29,3690036.9,1250577.9
E4132,Tyler,Alimento infantil,Offline,Medium,723,514.46,143.63,371954.58,103844.49
E4133,Dylan,Carnes,Offline,Critical,7270,403.4,152.07,2932718,1105548.9
E4134,Kenneth,Cosmeticos,Offline,Medium,115,402.68,237.91,46308.2,27359.65
E4135,Adam,Domestico,Online,Critical,1064,652.4,395.82,694153.6,421152.48
E4136,Kevin,Carnes,Online,Low,9279,932.2,42.66,8649883.8,395842.14
E4137,Pamela,Cereales,Online,Critical,4396,733.97,320.58,3226532.12,1409269.68
E4138,Vicki,Domestico,Online,Critical,1569,761.2,497.06,1194322.8,779887.14
E4139,Melissa,Material de oficina,Online,Low,5711,581.8,382.59,3322659.8,2184971.49
E4140,Nicholas,Alimento infantil,Offline,Low,9444,894.66,147.39,8449169.04,1391951.16
E4141,Deborah,Cosmeticos,Offline,Medium,1445,635.9,231.23,918875.5,334127.35
E4142,Kimberly,Frutas,Online,Medium,2211,673.37,447.79,1488821.07,990063.69
E4143,Charles,Verduras,Offline,High,4734,679.36,461.91,3216090.24,2186681.94
E4144,Amber,Material de oficina,Online,High,2451,777.43,231.61,1905480.93,567676.11
E4145,Justin,Bebida,Offline,Medium,6896,609.7,199.02,4204491.2,1372441.92
E4146,Daniel,Ropa,Online,High,9344,845.15,260.94,7897081.6,2438223.36
E4147,Susan,Bebida,Offline,Medium,5340,458.69,319.23,2449404.6,1704688.2
E4148,Thomas,Ropa,Online,Low,7796,728.08,171.59,5676111.68,1337715.64
E4149,Rachel,Alimento infantil,Offline,Medium,5345,843.23,170.3,4507064.35,910253.5
E4150,Matthew,Domestico,Online,Critical,3727,971.53,361.09,3620892.31,1345782.43
E4151,Robert,Cuidado personal,Offline,Medium,9002,628.11,335.25,5654246.22,3017920.5
E4152,Randy,Alimento infantil,Online,Medium,5682,617.47,156.72,3508464.54,890483.04
E4153,Joshua,Frutas,Online,Critical,1233,733.04,395.88,903838.32,488120.04
E4154,Veronica,Ropa,Online,Medium,3404,861.89,431.05,2933873.56,1467294.2
E4155,Kristin,Bebida,Online,Low,7998,742.25,142.51,5936515.5,1139794.98
E4156,Bruce,Bebida,Offline,Low,6245,798.08,472.1,4984009.6,2948264.5
E4157,Danielle,Frutas,Offline,High,4157,483.5,116.59,2009909.5,484664.63
E4158,Nicole,Cuidado personal,Offline,Low,5567,905.82,84.15,5042699.94,468463.05
E4159,Sean,Verduras,Offline,Medium,2738,917.85,233.74,2513073.3,639980.12
E4160,Charles,Bebida,Online,Medium,4758,795.69,183.22,3785893.02,871760.76
E4161,Dawn,Snacks,Offline,Critical,6935,847.02,42.07,5874083.7,291755.45
E4162,Susan,Domestico,Offline,High,1252,599.43,479.96,750486.36,600909.92
E4163,Dustin,Cereales,Offline,Medium,5216,477.98,363.29,2493143.68,1894920.64
E4164,Courtney,Ropa,Offline,High,2243,809.22,161.55,1815080.46,362356.65
E4165,Timothy,Snacks,Offline,Low,7216,880.91,182.57,6356646.56,1317425.12
E4166,Robert,Verduras,Online,Critical,2845,780.45,236.92,2220380.25,674037.4
E4167,Michelle,Cuidado personal,Online,Low,456,823.37,26.58,375456.72,12120.48
E4168,Laurie,Snacks,Online,High,4542,934.49,43.14,4244453.58,195941.88
E4169,Ethan,Snacks,Offline,Medium,1075,461.88,321.58,496521,345698.5
E4170,Sarah,Ropa,Offline,Low,8474,466.23,408.51,3950833.02,3461713.74
E4171,Amanda,Cereales,Online,Critical,5902,800.1,492.61,4722190.2,2907384.22
E4172,Jake,Cosmeticos,Offline,Medium,2405,934.4,81.77,2247232,196656.85
E4173,Duane,Material de oficina,Online,Critical,467,923.67,201.08,431353.89,93904.36
E4174,Andrew,Domestico,Offline,High,6618,612.7,378.45,4054848.6,2504582.1
E4175,Jennifer,Domestico,Online,Medium,4131,645.88,282.68,2668130.28,1167751.08
E4176,Frank,Cuidado personal,Offline,Critical,3450,791.35,41.55,2730157.5,143347.5
E4177,Dustin,Cosmeticos,Offline,High,4416,986.1,29.36,4354617.6,129653.76
E4178,David,Material de oficina,Offline,Medium,6778,485.56,184.36,3291125.68,1249592.08
E4179,Kathy,Carnes,Offline,Low,1348,795.17,225.85,1071889.16,304445.8
E4180,Melinda,Ropa,Online,Low,1229,666.97,404.08,819706.13,496614.32
E4181,Chad,Ropa,Online,High,8737,936.91,75.59,8185782.67,660429.83
E4182,Dana,Carnes,Online,Low,9911,703.93,23.5,6976650.23,232908.5
E4183,Brenda,Material de oficina,Offline,Medium,8262,870.79,163.54,7194466.98,1351167.48
E4184,Jessica,Snacks,Online,Critical,8711,959.22,199.62,8355765.42,1738889.82
E4185,Maxwell,Ropa,Offline,Low,8226,895.62,408.4,7367370.12,3359498.4
E4186,Jacob,Cuidado personal,Online,High,3194,968.85,211.76,3094506.9,676361.44
E4187,Alexis,Ropa,Offline,Medium,7453,842.64,381.08,6280195.92,2840189.24
E4188,Cindy,Carnes,Online,High,2458,740.49,139.52,1820124.42,342940.16
E4189,Dawn,Bebida,Online,Low,8640,581.03,356.92,5020099.2,3083788.8
E4190,Jeffrey,Cosmeticos,Online,Critical,3041,421.21,205.12,1280899.61,623769.92
E4191,Troy,Verduras,Offline,Low,6365,520.03,200.46,3309990.95,1275927.9
E4192,Jesse,Bebida,Offline,High,5823,892.08,343.43,5194581.84,1999792.89
E4193,Courtney,Cosmeticos,Online,Medium,9983,502.14,317.66,5012863.62,3171199.78
E4194,Jeffrey,Cereales,Online,Medium,3189,573.15,282.5,1827775.35,900892.5
E4195,Emma,Domestico,Offline,High,3680,858.64,101.28,3159795.2,372710.4
E4196,Andre,Snacks,Offline,Critical,8416,855.08,81.17,7196353.28,683126.72
E4197,Zachary,Carnes,Offline,Critical,772,986.07,242.94,761246.04,187549.68
E4198,Jacob,Cuidado personal,Online,Critical,4799,493.37,165.14,2367682.63,792506.86
E4199,Cameron,Bebida,Offline,Critical,1777,657.68,410.4,1168697.36,729280.8
E4200,Tabitha,Frutas,Online,High,1180,562.12,106.09,663301.6,125186.2
E4201,Mandy,Cuidado personal,Offline,Low,7980,835.15,260.84,6664497,2081503.2
E4202,Jose,Snacks,Online,Low,1493,534.73,363.12,798351.89,542138.16
E4203,Amber,Frutas,Online,Medium,6401,986.01,113.21,6311450.01,724657.21
E4204,Joseph,Domestico,Offline,Critical,890,779.72,327.31,693950.8,291305.9
E4205,Steve,Snacks,Online,High,4117,576.66,132.45,2374109.22,545296.65
E4206,Matthew,Alimento infantil,Offline,Critical,3415,532.17,125.25,1817360.55,427728.75
E4207,Brenda,Ropa,Online,Medium,3891,920.22,78.18,3580576.02,304198.38
E4208,Sean,Domestico,Offline,Medium,1101,816.6,425.62,899076.6,468607.62
E4209,Kelly,Bebida,Offline,High,8367,942.5,256.1,7885897.5,2142788.7
E4210,Brittany,Frutas,Offline,Low,6222,903.83,465.59,5623630.26,2896900.98
E4211,Vicki,Carnes,Online,Low,4882,995.93,343.21,4862130.26,1675551.22
E4212,Willie,Verduras,Offline,Medium,4709,524.44,251.35,2469587.96,1183607.15
E4213,Alicia,Ropa,Offline,Low,1522,442.65,468.03,673713.3,712341.66
E4214,Melanie,Alimento infantil,Offline,Low,8769,489.46,315.46,4292074.74,2766268.74
E4215,Jose,Domestico,Online,Critical,5037,904.29,372.93,4554908.73,1878448.41
E4216,Diana,Frutas,Online,High,4192,559.63,470.47,2345968.96,1972210.24
E4217,Annette,Frutas,Offline,Low,6975,876.13,403.6,6111006.75,2815110
E4218,Emily,Cuidado personal,Offline,Medium,7143,425.76,215.39,3041203.68,1538530.77
E4219,John,Bebida,Online,Low,988,438.91,161.61,433643.08,159670.68
E4220,Zachary,Snacks,Offline,High,3061,804.82,130.09,2463554.02,398205.49
E4221,Tammy,Alimento infantil,Online,Critical,360,960.59,305.66,345812.4,110037.6
E4222,Justin,Cuidado personal,Online,High,3363,719.56,458.14,2419880.28,1540724.82
E4223,Johnny,Domestico,Offline,Low,1528,789.68,384.67,1206631.04,587775.76
E4224,Brenda,Domestico,Offline,High,3745,418.07,18.45,1565672.15,69095.25
E4225,Kenneth,Verduras,Online,Medium,7820,947.3,11.61,7407886,90790.2
E4226,Austin,Frutas,Online,Medium,9165,841.56,76.68,7712897.4,702772.2
E4227,Emily,Snacks,Offline,Medium,8952,544.22,268.93,4871857.44,2407461.36
E4228,Benjamin,Frutas,Online,High,891,979.87,42.13,873064.17,37537.83
E4229,Emma,Ropa,Online,Medium,2694,446.74,20.59,1203517.56,55469.46
E4230,Kiara,Cosmeticos,Online,Low,1194,991.54,103.41,1183898.76,123471.54
E4231,Benjamin,Carnes,Online,Low,614,497.96,84.73,305747.44,52024.22
E4232,Robert,Alimento infantil,Online,High,9608,617.71,209.65,5934957.68,2014317.2
E4233,Zachary,Verduras,Offline,High,4036,841.84,205.27,3397666.24,828469.72
E4234,Kristin,Material de oficina,Online,Critical,6907,862.03,45.93,5954041.21,317238.51
E4235,Amber,Cuidado personal,Offline,Critical,8054,565.11,280.8,4551395.94,2261563.2
E4236,Hector,Cereales,Online,High,6869,666.09,254.56,4575372.21,1748572.64
E4237,Brenda,Material de oficina,Online,High,8270,662.38,256.21,5477882.6,2118856.7
E4238,Pamela,Frutas,Offline,High,7598,677.66,203.61,5148860.68,1547028.78
E4239,Kaitlin,Ropa,Offline,Medium,7698,660.48,129.16,5084375.04,994273.68
E4240,Morgan,Domestico,Online,Low,7553,789.66,347.34,5964301.98,2623459.02
E4241,Tyler,Verduras,Offline,Low,4034,800.12,459.54,3227684.08,1853784.36
E4242,Cameron,Ropa,Online,Critical,6916,573.99,290.59,3969714.84,2009720.44
E4243,Crystal,Ropa,Offline,Low,5704,497.83,35.68,2839622.32,203518.72
E4244,Christina,Verduras,Online,Critical,7573,647.73,486.47,4905259.29,3684037.31
E4245,Austin,Verduras,Offline,Low,6284,960.94,72.68,6038546.96,456721.12
E4246,Michael,Cereales,Offline,High,5197,539.42,247.6,2803365.74,1286777.2
E4247,Brenda,Carnes,Offline,Critical,5950,679.54,243.64,4043263,1449658
E4248,Michael,Verduras,Offline,Low,5811,794.77,207.58,4618408.47,1206247.38
E4249,Susan,Cereales,Offline,Medium,4995,417.92,2.76,2087510.4,13786.2
E4250,Amanda,Domestico,Offline,Medium,5520,714,431.94,3941280,2384308.8
E4251,George,Carnes,Online,Medium,1053,839.99,304.85,884509.47,321007.05
E4252,Dylan,Cereales,Offline,Low,3508,838.31,148.2,2940791.48,519885.6
E4253,David,Alimento infantil,Online,Low,4199,839.16,382.46,3523632.84,1605949.54
E4254,Lindsay,Verduras,Online,Low,8361,465.37,177.88,3890958.57,1487254.68
E4255,Carla,Frutas,Offline,High,1915,576.3,379.23,1103614.5,726225.45
E4256,Kimberly,Material de oficina,Online,Low,5520,902.75,77.91,4983180,430063.2
E4257,Alyssa,Domestico,Offline,High,4197,573.71,406.68,2407860.87,1706835.96
E4258,David,Alimento infantil,Online,Low,3410,862.05,287.37,2939590.5,979931.7
E4259,Ashley,Frutas,Offline,High,5969,622.78,181.42,3717373.82,1082895.98
E4260,Lisa,Ropa,Online,Low,1919,762.99,101.46,1464177.81,194701.74
E4261,Larry,Snacks,Offline,Low,1867,578.09,102.18,1079294.03,190770.06
E4262,Kyle,Domestico,Online,Medium,927,477.18,164.52,442345.86,152510.04
E4263,George,Ropa,Online,Critical,2389,467.37,293.16,1116546.93,700359.24
E4264,Daniel,Material de oficina,Offline,Low,6355,705.05,445.99,4480592.75,2834266.45
E4265,Mary,Verduras,Online,Low,3447,584.13,488.13,2013496.11,1682584.11
E4266,Sara,Alimento infantil,Offline,Medium,9507,751.26,37.44,7142228.82,355942.08
E4267,Nicole,Ropa,Offline,Low,5263,411.83,296.58,2167461.29,1560900.54
E4268,Danny,Material de oficina,Online,Medium,6186,567.4,432.29,3509936.4,2674145.94
E4269,Sara,Cuidado personal,Offline,Medium,3465,749.92,372.91,2598472.8,1292133.15
E4270,Deborah,Snacks,Offline,Medium,3950,895.15,454.12,3535842.5,1793774
E4271,Ashley,Cosmeticos,Online,High,907,794.08,188.61,720230.56,171069.27
E4272,Hunter,Ropa,Online,Medium,8904,866.78,145.03,7717809.12,1291347.12
E4273,Jacqueline,Ropa,Offline,Medium,2316,436.98,303.41,1012045.68,702697.56
E4274,Andre,Ropa,Offline,High,3248,501.56,393.5,1629066.88,1278088
E4275,Edward,Snacks,Offline,Medium,4187,515.21,107.09,2157184.27,448385.83
E4276,Wendy,Bebida,Online,High,3189,442.76,13.42,1411961.64,42796.38
E4277,Sabrina,Cosmeticos,Offline,Low,1447,903.13,410.27,1306829.11,593660.69
E4278,Lindsey,Cosmeticos,Online,Low,3471,575.77,25.18,1998497.67,87399.78
E4279,Amanda,Alimento infantil,Online,Medium,6083,741.44,375.82,4510179.52,2286113.06
E4280,Michael,Carnes,Offline,Critical,1244,998.52,441.47,1242158.88,549188.68
E4281,Kaitlin,Ropa,Offline,High,5200,569.65,23.17,2962180,120484
E4282,Amber,Material de oficina,Online,Low,8620,759.97,219.83,6550941.4,1894934.6
E4283,Nicole,Cuidado personal,Online,Low,5259,409.75,377.5,2154875.25,1985272.5
E4284,Karla,Cuidado personal,Offline,Low,5610,973.61,453.38,5461952.1,2543461.8
E4285,Autumn,Bebida,Offline,Low,566,573.21,154.95,324436.86,87701.7
E4286,Pamela,Material de oficina,Online,Low,7710,932.02,10.84,7185874.2,83576.4
E4287,Kayla,Snacks,Online,Medium,474,451.27,111.3,213901.98,52756.2
E4288,Ryan,Domestico,Offline,Critical,2447,443.96,495.31,1086370.12,1212023.57
E4289,Phillip,Frutas,Online,Medium,6268,674.59,455.17,4228330.12,2853005.56
E4290,Justin,Snacks,Online,High,4202,802.08,133.4,3370340.16,560546.8
E4291,Craig,Alimento infantil,Offline,Critical,384,564.42,59.42,216737.28,22817.28
E4292,Jeffrey,Cosmeticos,Online,Low,7180,979.69,371.94,7034174.2,2670529.2
E4293,Matthew,Material de oficina,Online,Low,2371,444.95,5.76,1054976.45,13656.96
E4294,Pamela,Cuidado personal,Online,Low,7023,879.63,274.25,6177641.49,1926057.75
E4295,Gail,Bebida,Online,Medium,332,621.91,428.33,206474.12,142205.56
E4296,Alexander,Snacks,Offline,Critical,6416,405.59,101.9,2602265.44,653790.4
E4297,Nicholas,Cosmeticos,Offline,Medium,7309,452.81,464.4,3309588.29,3394299.6
E4298,Stephanie,Frutas,Offline,Low,4711,836.04,480.26,3938584.44,2262504.86
E4299,Robert,Bebida,Online,Medium,1838,707.62,112.09,1300605.56,206021.42
E4300,Sara,Carnes,Online,High,5340,729.23,428.54,3894088.2,2288403.6
E4301,Joshua,Verduras,Offline,Medium,2120,423.3,427.03,897396,905303.6
E4302,Dana,Snacks,Offline,Critical,4965,648.74,113.9,3220994.1,565513.5
E4303,Christina,Domestico,Offline,Critical,5108,861.69,299.67,4401512.52,1530714.36
E4304,Mark,Frutas,Online,Medium,8407,666.48,189.28,5603097.36,1591276.96
E4305,Kayla,Domestico,Online,Low,7923,885.1,52.43,7012647.3,415402.89
E4306,Ashley,Cosmeticos,Offline,High,7259,787.84,245.52,5718930.56,1782229.68
E4307,Richard,Carnes,Online,High,2675,560.1,36.68,1498267.5,98119
E4308,Jaime,Frutas,Offline,Critical,1859,558.66,15.88,1038548.94,29520.92
E4309,Deborah,Frutas,Online,Critical,6982,536.54,377.11,3746122.28,2632982.02
E4310,Katie,Cereales,Online,Critical,4780,961.4,319.03,4595492,1524963.4
E4311,Zachary,Bebida,Offline,Critical,9315,598.95,226.81,5579219.25,2112735.15
E4312,Kyle,Alimento infantil,Offline,Medium,4108,412.59,53.19,1694919.72,218504.52
E4313,Michael,Carnes,Online,Critical,4277,610.36,54.12,2610509.72,231471.24
E4314,Bruce,Ropa,Online,Low,2325,559.24,140.82,1300233,327406.5
E4315,Judith,Ropa,Offline,Medium,7524,478.82,366.68,3602641.68,2758900.32
E4316,Eric,Carnes,Offline,Low,9584,674.24,204.77,6461916.16,1962515.68
E4317,Monica,Snacks,Offline,Medium,7531,431,192.87,3245861,1452503.97
E4318,Walter,Cuidado personal,Online,High,4183,493.49,342.96,2064268.67,1434601.68
E4319,Chad,Cosmeticos,Offline,High,993,605.31,280.3,601072.83,278337.9
E4320,Donald,Snacks,Offline,Medium,2955,537.97,459.49,1589701.35,1357792.95
E4321,Emma,Verduras,Offline,Medium,9654,632.58,95.61,6106927.32,923018.94
E4322,Tony,Ropa,Online,Medium,4718,462.73,359.35,2183160.14,1695413.3
E4323,Zachary,Bebida,Online,High,979,600.64,337.31,588026.56,330226.49
E4324,Angela,Alimento infantil,Online,Medium,7256,470.37,439.16,3413004.72,3186544.96
E4325,Edward,Frutas,Offline,Low,9386,943.42,476.69,8854940.12,4474212.34
E4326,Jacob,Carnes,Offline,Medium,5460,660.22,66.2,3604801.2,361452
E4327,Julie,Cuidado personal,Offline,High,7931,918.15,265.06,7281847.65,2102190.86
E4328,Pamela,Frutas,Online,Medium,2866,682.06,17.04,1954783.96,48836.64
E4329,Willie,Bebida,Offline,High,5750,457.63,406.3,2631372.5,2336225
E4330,Chris,Snacks,Offline,High,2848,524.48,145.65,1493719.04,414811.2
E4331,Dylan,Bebida,Offline,High,650,621.5,312.57,403975,203170.5
E4332,Joshua,Material de oficina,Offline,Low,2683,515.49,421.8,1383059.67,1131689.4
E4333,Harry,Frutas,Online,Low,3850,467.01,492.62,1797988.5,1896587
E4334,Tyler,Carnes,Offline,Critical,6018,635.34,108.51,3823476.12,653013.18
E4335,Daniel,Verduras,Offline,Critical,8410,787.65,180.56,6624136.5,1518509.6
E4336,Leah,Verduras,Offline,Critical,3479,652.7,460.82,2270743.3,1603192.78
E4337,Kayla,Cuidado personal,Online,Medium,7537,595.04,328.11,4484816.48,2472965.07
E4338,Kristin,Carnes,Offline,Low,7670,778.45,491.67,5970711.5,3771108.9
E4339,Gregory,Ropa,Online,Critical,1929,971.31,34.94,1873656.99,67399.26
E4340,Cody,Cuidado personal,Offline,Critical,2734,923.09,34.13,2523728.06,93311.42
E4341,Adam,Verduras,Online,Critical,6231,511.88,300.52,3189524.28,1872540.12
E4342,Joshua,Carnes,Offline,Critical,9048,590.24,401.49,5340491.52,3632681.52
E4343,Desiree,Carnes,Online,High,3061,529.06,404.7,1619452.66,1238786.7
E4344,Phillip,Snacks,Offline,Medium,8898,908.77,132.01,8086235.46,1174624.98
E4345,Anthony,Snacks,Online,Medium,4433,421.58,338.7,1868864.14,1501457.1
E4346,Samuel,Cosmeticos,Online,Low,8795,519.84,357.73,4571992.8,3146235.35
E4347,Courtney,Bebida,Offline,Critical,9264,937.12,174.66,8681479.68,1618050.24
E4348,Lindsay,Domestico,Offline,Critical,9972,511.95,161.47,5105165.4,1610178.84
E4349,Mary,Carnes,Online,Low,1486,404.13,442.65,600537.18,657777.9
E4350,Robert,Cereales,Online,Medium,9795,486.87,169.1,4768891.65,1656334.5
E4351,Christina,Snacks,Offline,Critical,9757,839.46,183.3,8190611.22,1788458.1
E4352,Zachary,Cuidado personal,Offline,Critical,5017,726.9,471.94,3646857.3,2367722.98
E4353,Timothy,Snacks,Online,Critical,9985,992.08,42.91,9905918.8,428456.35
E4354,Melissa,Alimento infantil,Offline,Medium,5969,592.21,286.61,3534901.49,1710775.09
E4355,John,Verduras,Online,High,1452,834.04,183.03,1211026.08,265759.56
E4356,Bryan,Ropa,Online,Low,6392,505.9,285.07,3233712.8,1822167.44
E4357,Jake,Cosmeticos,Offline,Medium,5569,954.92,244.52,5317949.48,1361731.88
E4358,Adam,Carnes,Online,Low,9641,728.73,169.03,7025685.93,1629618.23
E4359,Christine,Carnes,Online,Low,1201,661.74,481.58,794749.74,578377.58
E4360,Amanda,Ropa,Online,Critical,9667,873.91,430.06,8448087.97,4157390.02
E4361,Judith,Snacks,Online,Medium,4626,843.07,485.36,3900041.82,2245275.36
E4362,Daniel,Material de oficina,Online,Medium,5237,656.68,181.05,3439033.16,948158.85
E4363,Katherine,Snacks,Offline,Low,6548,755.2,331.61,4945049.6,2171382.28
E4364,Michael,Alimento infantil,Offline,Low,4903,590.24,284.23,2893946.72,1393579.69
E4365,Matthew,Cosmeticos,Online,Low,4991,966.21,130.64,4822354.11,652024.24
E4366,Jacob,Cosmeticos,Offline,Critical,7187,886.73,74.76,6372928.51,537300.12
E4367,Juan,Carnes,Online,Low,4219,644.1,464.96,2717457.9,1961666.24
E4368,Andrea,Verduras,Online,Low,5366,459.38,3.26,2465033.08,17493.16
E4369,Justin,Cosmeticos,Offline,Critical,2465,408.95,19.75,1008061.75,48683.75
E4370,Michael,Frutas,Offline,Medium,4003,957.48,380.84,3832792.44,1524502.52
E4371,Johnny,Verduras,Online,Low,9671,840.49,252.69,8128378.79,2443764.99
E4372,Hunter,Ropa,Offline,Low,196,767.25,333.45,150381,65356.2
E4373,Christina,Verduras,Offline,Low,594,542.29,1.82,322120.26,1081.08
E4374,Mason,Snacks,Online,Low,4324,444.55,226.57,1922234.2,979688.68
E4375,Madison,Cuidado personal,Online,High,1288,922,124.2,1187536,159969.6
E4376,Jennifer,Cosmeticos,Online,Critical,6168,988.88,373.12,6099411.84,2301404.16
E4377,Adam,Cuidado personal,Offline,Medium,2883,965.41,215.33,2783277.03,620796.39
E4378,Johnny,Cosmeticos,Offline,High,5066,822.4,423.98,4166278.4,2147882.68
E4379,Daniel,Verduras,Offline,Medium,2659,561.07,471.28,1491885.13,1253133.52
E4380,Nathan,Verduras,Online,Low,8723,435.29,34.28,3797034.67,299024.44
E4381,Stuart,Carnes,Offline,Medium,6255,885.99,478.15,5541867.45,2990828.25
E4382,Melissa,Bebida,Online,Medium,8218,766.08,50.56,6295645.44,415502.08
E4383,Joseph,Ropa,Online,Critical,8920,702.54,439.19,6266656.8,3917574.8
E4384,Christopher,Ropa,Offline,Critical,6087,498.68,17.91,3035465.16,109018.17
E4385,Ryan,Snacks,Offline,Medium,5510,830.59,204.22,4576550.9,1125252.2
E4386,George,Cuidado personal,Offline,High,4288,773.98,243.08,3318826.24,1042327.04
E4387,Tina,Material de oficina,Offline,High,8188,963.95,236.29,7892822.6,1934742.52
E4388,Joshua,Bebida,Online,High,252,466.25,72.99,117495,18393.48
E4389,Kimberly,Verduras,Offline,Critical,1232,874.01,21.18,1076780.32,26093.76
E4390,Timothy,Frutas,Offline,High,8326,481.29,31.17,4007220.54,259521.42
E4391,Mary,Carnes,Offline,High,9732,819.78,142.92,7978098.96,1390897.44
E4392,Kenneth,Carnes,Online,Low,7799,874.68,216.37,6821629.32,1687469.63
E4393,Daniel,Snacks,Online,Low,8096,510.65,150.49,4134222.4,1218367.04
E4394,Jennifer,Verduras,Offline,Medium,9915,711.95,174.18,7058984.25,1726994.7
E4395,Brenda,Domestico,Offline,Critical,5779,913.71,470.89,5280330.09,2721273.31
E4396,Alicia,Carnes,Online,Medium,838,583.24,354.1,488755.12,296735.8
E4397,Heather,Verduras,Online,Medium,2146,446.05,470.56,957223.3,1009821.76
E4398,Kaitlyn,Frutas,Offline,Low,5035,825.28,259.09,4155284.8,1304518.15
E4399,Kayla,Verduras,Online,High,6256,917.27,406.57,5738441.12,2543501.92
E4400,Kathy,Cereales,Offline,Low,7496,553.88,92.22,4151884.48,691281.12
E4401,Allison,Ropa,Online,High,812,489.86,309.05,397766.32,250948.6
E4402,Richard,Material de oficina,Offline,High,3843,613.21,476.41,2356566.03,1830843.63
E4403,Nathan,Alimento infantil,Offline,Critical,7038,780.92,322.03,5496114.96,2266447.14
E4404,Edward,Bebida,Offline,Medium,8129,578.41,403.6,4701894.89,3280864.4
E4405,Crystal,Cosmeticos,Offline,Critical,2447,598.14,142.32,1463648.58,348257.04
E4406,Brady,Cuidado personal,Offline,Medium,5731,426.33,48.22,2443297.23,276348.82
E4407,Bryan,Domestico,Offline,Critical,828,642.7,45.17,532155.6,37400.76
E4408,Patricia,Verduras,Offline,High,2200,556.1,174.25,1223420,383350
E4409,Cory,Cuidado personal,Online,Critical,8349,504.05,431.2,4208313.45,3600088.8
E4410,Mary,Cereales,Offline,Low,556,545.47,249.44,303281.32,138688.64
E4411,Antonio,Frutas,Offline,Low,1038,961.17,300.68,997694.46,312105.84
E4412,Mark,Cereales,Online,Critical,5172,659.66,72.64,3411761.52,375694.08
E4413,Zachary,Snacks,Offline,Medium,1356,756.54,109.04,1025868.24,147858.24
E4414,Eric,Snacks,Online,Low,7660,635.83,433.88,4870457.8,3323520.8
E4415,Michael,Cereales,Offline,Medium,8022,661.97,322.67,5310323.34,2588458.74
E4416,Andre,Alimento infantil,Online,Low,631,566.8,377.28,357650.8,238063.68
E4417,Ashley,Verduras,Online,High,8214,437.47,417.89,3593378.58,3432548.46
E4418,Tiffany,Cosmeticos,Online,High,4053,449.72,233.35,1822715.16,945767.55
E4419,Katie,Material de oficina,Online,Critical,4521,600.23,5.6,2713639.83,25317.6
E4420,William,Ropa,Offline,Medium,7036,970.36,190.57,6827452.96,1340850.52
E4421,Kevin,Bebida,Offline,Low,802,502.47,340.09,402980.94,272752.18
E4422,Brenda,Alimento infantil,Offline,Medium,4166,783.69,323.42,3264852.54,1347367.72
E4423,Dawn,Verduras,Online,High,1834,481.27,71.72,882649.18,131534.48
E4424,Patricia,Material de oficina,Offline,Medium,6876,925.9,120.93,6366488.4,831514.68
E4425,Jessica,Cereales,Online,Low,1701,488.9,379.61,831618.9,645716.61
E4426,Curtis,Cereales,Online,Medium,3730,562.38,481.63,2097677.4,1796479.9
E4427,Kristin,Cuidado personal,Online,Medium,4983,411.52,495.59,2050604.16,2469524.97
E4428,Lisa,Alimento infantil,Offline,High,306,655.21,379.36,200494.26,116084.16
E4429,Nicole,Verduras,Offline,Critical,8084,681.98,94.77,5513126.32,766120.68
E4430,Joseph,Bebida,Online,High,9724,769.9,281.21,7486507.6,2734486.04
E4431,Nicole,Alimento infantil,Offline,Medium,2189,539.91,452.78,1181862.99,991135.42
E4432,Joseph,Bebida,Offline,Medium,1538,630.86,333.79,970262.68,513369.02
E4433,Maria,Snacks,Online,Medium,6413,674.8,330.2,4327492.4,2117572.6
E4434,Johnny,Material de oficina,Online,Critical,4494,439.92,167.56,1977000.48,753014.64
E4435,Ryan,Verduras,Offline,Critical,5835,695.41,231.6,4057717.35,1351386
E4436,Sarah,Ropa,Offline,High,7987,705.9,182.81,5638023.3,1460103.47
E4437,Bruce,Ropa,Online,High,5402,933.57,70.23,5043145.14,379382.46
E4438,Barbara,Cereales,Online,Low,3007,550.61,152.78,1655684.27,459409.46
E4439,Daniel,Snacks,Online,High,8092,432.23,242.08,3497605.16,1958911.36
E4440,Phillip,Frutas,Offline,Medium,5757,765.2,20.87,4405256.4,120148.59
E4441,Dustin,Material de oficina,Offline,Critical,4828,533.63,261.01,2576365.64,1260156.28
E4442,Katherine,Material de oficina,Online,Low,3035,614.75,349.14,1865766.25,1059639.9
E4443,Sean,Snacks,Offline,Low,8338,828.8,343.86,6910534.4,2867104.68
E4444,Joseph,Cosmeticos,Online,Medium,3396,915.88,223.88,3110328.48,760296.48
E4445,Connor,Bebida,Offline,Low,2156,531.17,65.75,1145202.52,141757
E4446,Stephanie,Frutas,Online,Low,9300,844.7,437.77,7855710,4071261
E4447,Ethan,Frutas,Online,Medium,6647,458.16,438.95,3045389.52,2917700.65
E4448,Anthony,Ropa,Offline,Critical,8126,612.92,181.61,4980587.92,1475762.86
E4449,Joseph,Frutas,Offline,High,8326,745.22,107.42,6204701.72,894378.92
E4450,Tammy,Carnes,Online,Critical,5645,432.8,79.65,2443156,449624.25
E4451,Ethan,Bebida,Online,High,1579,507.99,421.45,802116.21,665469.55
E4452,Amber,Frutas,Offline,Medium,5917,549.12,154.18,3249143.04,912283.06
E4453,Lindsey,Ropa,Offline,Critical,955,658.93,279.69,629278.15,267103.95
E4454,Jacob,Cuidado personal,Offline,High,7028,450.25,78.84,3164357,554087.52
E4455,Michael,Domestico,Offline,Critical,6510,825.58,409.69,5374525.8,2667081.9
E4456,Kayla,Domestico,Offline,High,8637,785.12,381.54,6781081.44,3295360.98
E4457,Jacob,Cuidado personal,Offline,Medium,8424,409.67,81.48,3451060.08,686387.52
E4458,Gregory,Verduras,Online,Medium,1250,667.28,64.62,834100,80775
E4459,Kimberly,Domestico,Offline,High,5793,983.78,30.13,5699037.54,174543.09
E4460,Mason,Bebida,Offline,Medium,5974,490.47,436.14,2930067.78,2605500.36
E4461,Douglas,Verduras,Offline,Low,7769,886.11,104.92,6884188.59,815123.48
E4462,Sonya,Verduras,Online,Medium,1899,594.91,265.22,1129734.09,503652.78
E4463,Tammy,Bebida,Online,Critical,5426,470.16,228.27,2551088.16,1238593.02
E4464,Tammy,Verduras,Offline,Medium,6076,484.11,450.81,2941452.36,2739121.56
E4465,Timothy,Alimento infantil,Online,High,6913,786,340.4,5433618,2353185.2
E4466,Johnny,Cosmeticos,Online,Medium,6922,923.45,69.34,6392120.9,479971.48
E4467,Todd,Bebida,Online,High,1426,434.71,475.44,619896.46,677977.44
E4468,Lindsey,Cereales,Offline,Critical,7003,808.51,428.56,5661995.53,3001205.68
E4469,Mandy,Carnes,Online,Low,6892,948.82,36.58,6539267.44,252109.36
E4470,Joshua,Cuidado personal,Offline,Medium,9269,650.67,447.99,6031060.23,4152419.31
E4471,Nicole,Snacks,Offline,Medium,9639,751.27,206.01,7241491.53,1985730.39
E4472,Cindy,Cuidado personal,Offline,Critical,5040,864.76,212.6,4358390.4,1071504
E4473,Melissa,Frutas,Offline,Medium,806,985.55,182.37,794353.3,146990.22
E4474,Steven,Snacks,Online,Critical,9367,909.66,389.6,8520785.22,3649383.2
E4475,Lisa,Ropa,Online,High,4024,411.92,15.91,1657566.08,64021.84
E4476,Eric,Frutas,Offline,Low,6990,562.25,265.58,3930127.5,1856404.2
E4477,Dawn,Domestico,Online,Medium,4015,803.37,397.18,3225530.55,1594677.7
E4478,Jane,Frutas,Offline,Medium,6457,774.25,488.95,4999332.25,3157150.15
E4479,Joseph,Cuidado personal,Online,Critical,4210,844.63,370.08,3555892.3,1558036.8
E4480,Bruce,Verduras,Offline,Low,6773,508.14,449.69,3441632.22,3045750.37
E4481,Rachel,Frutas,Online,Low,331,792.47,43.46,262307.57,14385.26
E4482,Sean,Frutas,Online,Medium,5697,966.72,158.37,5507403.84,902233.89
E4483,Kevin,Cuidado personal,Online,High,9417,686.04,83.56,6460438.68,786884.52
E4484,Lindsey,Domestico,Offline,High,6170,938.01,106.83,5787521.7,659141.1
E4485,Dawn,Bebida,Online,High,5237,529.6,248,2773515.2,1298776
E4486,Kyle,Domestico,Online,Critical,2056,646.78,422.55,1329779.68,868762.8
E4487,William,Cosmeticos,Offline,High,6871,863.94,407.22,5936131.74,2798008.62
E4488,Scott,Frutas,Online,Medium,2009,650.03,61.34,1305910.27,123232.06
E4489,Kenneth,Cosmeticos,Online,Critical,1275,931.9,465.66,1188172.5,593716.5
E4490,Michael,Cereales,Offline,Critical,3689,523.86,138.85,1932519.54,512217.65
E4491,Michael,Snacks,Online,Critical,3492,888.92,135.93,3104108.64,474667.56
E4492,James,Bebida,Offline,High,9717,756.72,109.69,7353048.24,1065857.73
E4493,Gina,Snacks,Offline,Critical,5575,981.13,182.42,5469799.75,1016991.5
E4494,Mason,Carnes,Online,Medium,6904,426.38,22.57,2943727.52,155823.28
E4495,Sarah,Bebida,Offline,Low,3178,634.24,270.16,2015614.72,858568.48
E4496,Raymond,Snacks,Online,High,3169,642.24,408.99,2035258.56,1296089.31
E4497,Mitchell,Material de oficina,Offline,Medium,2257,997.43,294.14,2251199.51,663873.98
E4498,Dean,Carnes,Offline,High,4372,656.5,401.56,2870218,1755620.32
E4499,Vincent,Cereales,Offline,High,6185,874.43,410.15,5408349.55,2536777.75
E4500,Valerie,Alimento infantil,Offline,Medium,1322,603.88,21.47,798329.36,28383.34
E4501,Andre,Cuidado personal,Offline,High,8468,411.86,290.37,3487630.48,2458853.16
E4502,Amanda,Frutas,Online,Critical,2534,786.71,205.03,1993523.14,519546.02
E4503,Karen,Ropa,Online,Medium,6214,788.51,10.85,4899801.14,67421.9
E4504,Zachary,Verduras,Offline,Low,6570,603.52,364.8,3965126.4,2396736
E4505,Lisa,Bebida,Offline,High,6720,951.95,461.62,6397104,3102086.4
E4506,Willie,Snacks,Online,Critical,1203,806.59,438.7,970327.77,527756.1
E4507,Mark,Snacks,Online,Critical,9823,431.95,202.68,4243044.85,1990925.64
E4508,Kevin,Frutas,Offline,High,2207,530.65,146.57,1171144.55,323479.99
E4509,Michael,Frutas,Online,Critical,1435,649.24,263.84,931659.4,378610.4
E4510,George,Alimento infantil,Online,Medium,2480,772.52,187.4,1915849.6,464752
E4511,Brenda,Cereales,Offline,High,7139,616.06,261.19,4398052.34,1864635.41
E4512,Richard,Frutas,Online,Low,9398,814.41,152.29,7653825.18,1431221.42
E4513,Kevin,Alimento infantil,Online,High,7489,753.73,82.22,5644683.97,615745.58
E4514,Duane,Domestico,Offline,Medium,5210,702.5,93.35,3660025,486353.5
E4515,Anthony,Cereales,Offline,Critical,9242,421.36,232.73,3894209.12,2150890.66
E4516,Brian,Bebida,Offline,Critical,6454,989.14,195.68,6383909.56,1262918.72
E4517,Adam,Material de oficina,Offline,Medium,9598,977.06,176.48,9377821.88,1693855.04
E4518,Hunter,Frutas,Offline,Low,8064,933.79,168.45,7530082.56,1358380.8
E4519,Sean,Cereales,Online,Critical,9167,955.95,346.87,8763193.65,3179757.29
E4520,Kaitlyn,Frutas,Online,High,5083,586.67,420.89,2982043.61,2139383.87
E4521,Courtney,Snacks,Online,High,8711,446.62,443.17,3890506.82,3860453.87
E4522,Maxwell,Cereales,Offline,Critical,7992,743.77,156.55,5944209.84,1251147.6
E4523,Brady,Alimento infantil,Online,Medium,9456,572.47,71.63,5413276.32,677333.28
E4524,Sean,Carnes,Offline,Medium,8414,440.45,88.53,3705946.3,744891.42
E4525,Ryan,Snacks,Online,Medium,6790,475.96,247.35,3231768.4,1679506.5
E4526,Amber,Ropa,Online,High,3347,526.5,12.51,1762195.5,41870.97
E4527,Zachary,Cereales,Offline,Critical,1497,439.43,301.9,657826.71,451944.3
E4528,David,Cosmeticos,Offline,Critical,9465,428.86,74.07,4059159.9,701072.55
E4529,Benjamin,Ropa,Offline,Medium,7060,407.7,180.42,2878362,1273765.2
E4530,Karla,Carnes,Offline,High,3777,507.86,354.29,1918187.22,1338153.33
E4531,George,Bebida,Online,Critical,1057,780.78,412.54,825284.46,436054.78
E4532,Andrew,Frutas,Offline,High,5793,970.56,156.76,5622454.08,908110.68
E4533,Samantha,Alimento infantil,Offline,Critical,2754,765.4,140.38,2107911.6,386606.52
E4534,David,Cuidado personal,Online,Medium,8204,425.34,429.2,3489489.36,3521156.8
E4535,Tammy,Frutas,Online,Medium,934,638.96,381.75,596788.64,356554.5
E4536,Robert,Bebida,Online,Critical,4357,748.18,87.37,3259820.26,380671.09
E4537,Jessica,Bebida,Offline,Low,3456,856.63,212.76,2960513.28,735298.56
E4538,Desiree,Ropa,Online,Low,6468,702.35,29.95,4542799.8,193716.6
E4539,Katie,Cereales,Online,Critical,9450,844.44,480.5,7979958,4540725
E4540,Susan,Material de oficina,Offline,Critical,3101,939.17,178.29,2912366.17,552877.29
E4541,Christina,Verduras,Offline,Critical,3056,766.17,96.26,2341415.52,294170.56
E4542,Michelle,Cosmeticos,Online,Low,5794,721.42,396.22,4179907.48,2295698.68
E4543,Benjamin,Domestico,Online,Medium,9330,647.42,487.78,6040428.6,4550987.4
E4544,Lindsey,Carnes,Online,Medium,1387,712.6,304.93,988376.2,422937.91
E4545,Stephen,Carnes,Online,Medium,7013,765.34,225.59,5367329.42,1582062.67
E4546,Kimberly,Cereales,Offline,Medium,4203,541.97,344.84,2277899.91,1449362.52
E4547,Joshua,Cereales,Online,Low,2281,901.71,91.63,2056800.51,209008.03
E4548,Duane,Frutas,Offline,Low,3951,456.11,11.86,1802090.61,46858.86
E4549,Jeff,Frutas,Online,Low,170,665.03,457.87,113055.1,77837.9
E4550,Steven,Material de oficina,Offline,High,2074,737.53,111.98,1529637.22,232246.52
E4551,Hannah,Cosmeticos,Offline,Medium,2297,972.44,159.74,2233694.68,366922.78
E4552,Susan,Domestico,Online,Medium,8008,456.05,440.71,3652048.4,3529205.68
E4553,Joshua,Bebida,Online,Medium,4713,471.22,225.25,2220859.86,1061603.25
E4554,Nicholas,Bebida,Online,Critical,6741,686.46,110.99,4627426.86,748183.59
E4555,Paul,Verduras,Online,High,9707,662.89,89.23,6434673.23,866155.61
E4556,Chris,Cosmeticos,Offline,Critical,263,622.44,26.31,163701.72,6919.53
E4557,Taylor,Ropa,Offline,High,1912,980.46,295.2,1874639.52,564422.4
E4558,Alexis,Frutas,Offline,Low,8093,997.1,259.15,8069530.3,2097300.95
E4559,John,Snacks,Online,Medium,6497,873.34,355.89,5674089.98,2312217.33
E4560,Katie,Verduras,Online,Medium,3439,567.17,107.36,1950497.63,369211.04
E4561,Curtis,Verduras,Online,High,1868,894.61,74.13,1671131.48,138474.84
E4562,Crystal,Frutas,Offline,Critical,1582,603.06,115.29,954040.92,182388.78
E4563,Joshua,Material de oficina,Offline,Low,9449,921.61,34.93,8708292.89,330053.57
E4564,Robert,Alimento infantil,Online,Medium,8331,841.95,245.7,7014285.45,2046926.7
E4565,George,Cereales,Online,Critical,7067,463.02,320.01,3272162.34,2261510.67
E4566,Richard,Bebida,Online,Critical,4093,890.3,102.84,3643997.9,420924.12
E4567,Melanie,Frutas,Online,Critical,7746,612.3,365.93,4742875.8,2834493.78
E4568,Tammy,Snacks,Offline,Low,378,962.85,100.85,363957.3,38121.3
E4569,Pamela,Ropa,Online,Critical,8687,914.94,149.48,7948083.78,1298532.76
E4570,Alisha,Alimento infantil,Online,Low,6044,934.99,242.08,5651079.56,1463131.52
E4571,Richard,Cereales,Offline,Low,5767,771.86,234.5,4451316.62,1352361.5
E4572,Melanie,Material de oficina,Offline,Critical,3806,431.41,216.44,1641946.46,823770.64
E4573,Thomas,Verduras,Online,Critical,6462,722.49,32.14,4668730.38,207688.68
E4574,Susan,Cuidado personal,Offline,Critical,172,893.12,387.22,153616.64,66601.84
E4575,Teresa,Frutas,Online,High,6982,635.8,477.2,4439155.6,3331810.4
E4576,John,Domestico,Offline,High,2556,943.41,160.82,2411355.96,411055.92
E4577,Kevin,Carnes,Online,Medium,2947,967.15,268.62,2850191.05,791623.14
E4578,Jose,Cuidado personal,Offline,High,3256,435.27,255.13,1417239.12,830703.28
E4579,Bryan,Ropa,Online,Critical,297,654.28,227.57,194321.16,67588.29
E4580,Thomas,Verduras,Offline,Low,6870,574.39,402.13,3946059.3,2762633.1
E4581,Sean,Carnes,Offline,High,3189,657.18,495.65,2095747.02,1580627.85
E4582,Erica,Cereales,Online,Low,5806,909.34,150.71,5279628.04,875022.26
E4583,Katie,Material de oficina,Offline,High,6935,928.61,405.5,6439910.35,2812142.5
E4584,David,Cosmeticos,Online,High,7807,682.72,397.68,5329995.04,3104687.76
E4585,Ethan,Ropa,Offline,Critical,3476,619.97,428.36,2155015.72,1488979.36
E4586,Andrew,Material de oficina,Online,Low,5880,521.82,454.35,3068301.6,2671578
E4587,Mark,Bebida,Online,Medium,8133,876.03,293.8,7124751.99,2389475.4
E4588,Zachary,Cuidado personal,Online,Low,7551,964.56,34.85,7283392.56,263152.35
E4589,George,Material de oficina,Online,High,6222,932.27,338.25,5800583.94,2104591.5
E4590,Jared,Cuidado personal,Online,Low,6515,548.75,440.33,3575106.25,2868749.95
E4591,Johnathan,Cereales,Offline,Low,4840,796.17,285.42,3853462.8,1381432.8
E4592,Sarah,Bebida,Offline,High,2823,987.61,110.33,2788023.03,311461.59
E4593,Charles,Domestico,Offline,Critical,8633,695.79,15.24,6006755.07,131566.92
E4594,Cindy,Bebida,Offline,High,5169,520.96,123.18,2692842.24,636717.42
E4595,Jennifer,Material de oficina,Online,Medium,1163,959.52,246.32,1115921.76,286470.16
E4596,James,Domestico,Offline,Low,130,697.38,255.61,90659.4,33229.3
E4597,Bruce,Cuidado personal,Online,Critical,4981,710.35,161.03,3538253.35,802090.43
E4598,Robert,Domestico,Online,Critical,237,502.3,264.23,119045.1,62622.51
E4599,Kyle,Cuidado personal,Online,Critical,678,674.46,52.34,457283.88,35486.52
E4600,Alexis,Cuidado personal,Online,Medium,3656,426.81,134.9,1560417.36,493194.4
E4601,Kaitlin,Alimento infantil,Offline,High,2710,895.05,387.08,2425585.5,1048986.8
E4602,Kiara,Verduras,Online,High,7780,415.44,347.22,3232123.2,2701371.6
E4603,Karen,Cosmeticos,Online,Medium,3429,695.06,321.55,2383360.74,1102594.95
E4604,Katherine,Ropa,Online,Low,402,453.31,319.14,182230.62,128294.28
E4605,Nancy,Verduras,Offline,High,3671,401.28,64.32,1473098.88,236118.72
E4606,Robert,Ropa,Offline,High,2188,401.83,283.79,879204.04,620932.52
E4607,Courtney,Snacks,Online,Low,5155,779.77,427.26,4019714.35,2202525.3
E4608,Julie,Frutas,Online,Critical,8681,880.52,100.51,7643794.12,872527.31
E4609,Ryan,Frutas,Offline,High,2952,403.31,266.53,1190571.12,786796.56
E4610,Morgan,Frutas,Offline,High,7382,491.18,205.49,3625890.76,1516927.18
E4611,Willie,Cuidado personal,Offline,High,5090,543.36,312.41,2765702.4,1590166.9
E4612,James,Frutas,Online,Critical,6341,943.07,230.53,5980006.87,1461790.73
E4613,Maxwell,Cosmeticos,Online,Critical,3491,886.83,12.77,3095923.53,44580.07
E4614,Teresa,Frutas,Offline,Low,5422,642.6,198.52,3484177.2,1076375.44
E4615,Gabriel,Alimento infantil,Offline,Medium,2186,757.77,50.47,1656485.22,110327.42
E4616,Julian,Cosmeticos,Offline,Medium,3856,768.1,358.58,2961793.6,1382684.48
E4617,Tyler,Cosmeticos,Online,Low,5695,745.5,473.89,4245622.5,2698803.55
E4618,Kelly,Verduras,Online,High,6869,608.15,177.17,4177382.35,1216980.73
E4619,James,Cereales,Offline,Medium,1424,821.87,401.82,1170342.88,572191.68
E4620,Andrew,Bebida,Online,High,1999,720.33,22.64,1439939.67,45257.36
E4621,Jennifer,Alimento infantil,Offline,Low,9222,877.3,465.49,8090460.6,4292748.78
E4622,Michelle,Material de oficina,Online,Critical,8535,468.15,403.49,3995660.25,3443787.15
E4623,Katherine,Carnes,Offline,High,2578,639.93,313.17,1649739.54,807352.26
E4624,Joshua,Cereales,Online,Medium,310,450.54,62.19,139667.4,19278.9
E4625,Phillip,Carnes,Online,Critical,4078,411.07,261.07,1676343.46,1064643.46
E4626,David,Alimento infantil,Offline,Medium,8948,927.15,397.82,8296138.2,3559693.36
E4627,Joshua,Cuidado personal,Online,Medium,154,556.18,303.29,85651.72,46706.66
E4628,Andrea,Material de oficina,Online,High,7133,559.25,191.18,3989130.25,1363686.94
E4629,Laurie,Bebida,Offline,Critical,9646,758.93,53.1,7320638.78,512202.6
E4630,Mitchell,Frutas,Offline,Medium,5498,568.14,186.74,3123633.72,1026696.52
E4631,George,Verduras,Online,Critical,8383,869.66,264.35,7290359.78,2216046.05
E4632,Emma,Snacks,Offline,High,6867,573.07,14.73,3935271.69,101150.91
E4633,Zachary,Cuidado personal,Offline,Low,2373,802.16,244.51,1903525.68,580222.23
E4634,Lisa,Material de oficina,Online,Critical,1199,934.25,367.26,1120165.75,440344.74
E4635,Ashley,Verduras,Online,Low,9310,638.81,219.75,5947321.1,2045872.5
E4636,Richard,Bebida,Offline,Critical,5586,444.86,63.91,2484987.96,357001.26
E4637,George,Cosmeticos,Offline,Medium,3374,974.21,228.66,3286984.54,771498.84
E4638,Ricky,Cuidado personal,Offline,Critical,1149,484.64,4.91,556851.36,5641.59
E4639,Tony,Cuidado personal,Online,High,1787,812.99,40.52,1452813.13,72409.24
E4640,Katie,Cosmeticos,Online,High,1638,990.13,93.87,1621832.94,153759.06
E4641,Todd,Cosmeticos,Online,Medium,2780,813.2,207.91,2260696,577989.8
E4642,John,Bebida,Offline,Critical,8333,928.05,107.69,7733440.65,897380.77
E4643,Melanie,Cuidado personal,Online,Low,1387,479.21,59.32,664664.27,82276.84
E4644,David,Bebida,Online,Medium,7745,462.69,379.41,3583534.05,2938530.45
E4645,Colin,Alimento infantil,Online,Medium,8036,603.95,85.17,4853342.2,684426.12
E4646,Brittany,Cosmeticos,Online,Low,9977,867.53,436.72,8655346.81,4357155.44
E4647,Thomas,Snacks,Offline,Medium,591,874.17,93.87,516634.47,55477.17
E4648,Richard,Cereales,Online,Low,3525,966.96,195.78,3408534,690124.5
E4649,Misty,Cuidado personal,Online,Low,6511,501.45,187.77,3264940.95,1222570.47
E4650,Jose,Frutas,Online,Medium,7045,628.56,438.31,4428205.2,3087893.95
E4651,Jane,Alimento infantil,Online,Critical,6406,846.65,35.51,5423639.9,227477.06
E4652,Jill,Ropa,Offline,Critical,6542,507.87,49.16,3322485.54,321604.72
E4653,Susan,Carnes,Offline,Medium,3844,789.16,312.87,3033531.04,1202672.28
E4654,Christina,Bebida,Offline,Critical,6527,910,492.51,5939570,3214612.77
E4655,Taylor,Carnes,Online,Medium,5076,646.95,209.31,3283918.2,1062457.56
E4656,Joshua,Alimento infantil,Offline,Low,7966,831.9,6.24,6626915.4,49707.84
E4657,Angela,Material de oficina,Offline,Low,2970,750.25,133.57,2228242.5,396702.9
E4658,Colin,Material de oficina,Offline,Medium,8408,940.8,167.52,7910246.4,1408508.16
E4659,David,Material de oficina,Online,High,1306,823.67,76.93,1075713.02,100470.58
E4660,Eric,Ropa,Online,Critical,4134,752.06,203.32,3109016.04,840524.88
E4661,Barbara,Carnes,Offline,Critical,2694,629.45,276.31,1695738.3,744379.14
E4662,Thomas,Alimento infantil,Offline,Low,6885,703.78,63.56,4845525.3,437610.6
E4663,Antonio,Frutas,Offline,Medium,5447,640.02,469.2,3486188.94,2555732.4
E4664,Brett,Carnes,Online,Medium,9627,549.86,34.53,5293502.22,332420.31
E4665,Justin,Carnes,Offline,Low,8544,985.79,410.02,8422589.76,3503210.88
E4666,Tabitha,Carnes,Online,High,4685,745.1,149.39,3490793.5,699892.15
E4667,Zachary,Bebida,Offline,High,5609,530.11,224.3,2973386.99,1258098.7
E4668,Emily,Snacks,Offline,Low,266,514.99,291.4,136987.34,77512.4
E4669,Laurie,Material de oficina,Online,Low,3253,750.41,1.61,2441083.73,5237.33
E4670,Stacy,Frutas,Offline,Low,3394,986.56,66.37,3348384.64,225259.78
E4671,Gabriel,Bebida,Online,Medium,8150,611.01,124.39,4979731.5,1013778.5
E4672,Brian,Frutas,Online,Low,906,925.22,248.8,838249.32,225412.8
E4673,Steven,Ropa,Offline,High,2934,977.07,53.58,2866723.38,157203.72
E4674,Nicholas,Bebida,Online,Critical,9950,718.81,470.42,7152159.5,4680679
E4675,Jacob,Alimento infantil,Online,High,4656,505.56,348.86,2353887.36,1624292.16
E4676,Amber,Alimento infantil,Online,Low,605,724.12,391.06,438092.6,236591.3
E4677,Jonathan,Domestico,Offline,Critical,3785,733.32,63.88,2775616.2,241785.8
E4678,Kayla,Ropa,Online,Low,8137,645.96,475.1,5256176.52,3865888.7
E4679,Justin,Alimento infantil,Online,High,6018,870.15,183.36,5236562.7,1103460.48
E4680,Joshua,Frutas,Offline,High,3683,581.93,416.06,2143248.19,1532348.98
E4681,Margaret,Domestico,Offline,Critical,5753,552.76,61.09,3180028.28,351450.77
E4682,Natasha,Verduras,Offline,Critical,3342,838.42,91.29,2801999.64,305091.18
E4683,James,Cereales,Offline,Critical,1863,907.49,406.05,1690653.87,756471.15
E4684,Samuel,Domestico,Online,High,3391,801.11,403.65,2716564.01,1368777.15
E4685,Rebecca,Domestico,Offline,Low,2644,860.18,102.21,2274315.92,270243.24
E4686,Tami,Material de oficina,Online,Critical,4211,941.49,150.35,3964614.39,633123.85
E4687,Jeffrey,Alimento infantil,Online,Medium,5718,626.27,306.97,3581011.86,1755254.46
E4688,Sean,Snacks,Offline,Low,2166,785.82,381.69,1702086.12,826740.54
E4689,Kyle,Alimento infantil,Offline,Medium,7443,422.16,318.62,3142136.88,2371488.66
E4690,Katie,Alimento infantil,Online,Low,5507,980.53,162.99,5399778.71,897585.93
E4691,Brandon,Bebida,Online,Critical,6892,437.1,356.7,3012493.2,2458376.4
E4692,Sarah,Cosmeticos,Online,Critical,7499,597.24,477.62,4478702.76,3581672.38
E4693,Gina,Cosmeticos,Offline,High,1707,603.33,102.97,1029884.31,175769.79
E4694,Chad,Verduras,Offline,Critical,9636,865.97,485.36,8344486.92,4676928.96
E4695,Gail,Ropa,Online,High,5708,680.24,41.74,3882809.92,238251.92
E4696,Frank,Snacks,Offline,Medium,877,583.27,69.7,511527.79,61126.9
E4697,Veronica,Cuidado personal,Offline,Critical,4188,635.01,472.7,2659421.88,1979667.6
E4698,Karla,Ropa,Online,Medium,993,529.43,368.83,525723.99,366248.19
E4699,Curtis,Material de oficina,Offline,Medium,6148,716.65,323.37,4405964.2,1988078.76
E4700,Brady,Cereales,Offline,High,6699,530.47,140.64,3553618.53,942147.36
E4701,Michelle,Cosmeticos,Online,High,8313,552.7,492.87,4594595.1,4097228.31
E4702,Dean,Frutas,Offline,Medium,7551,825.58,105.56,6233954.58,797083.56
E4703,Brenda,Frutas,Online,Medium,9200,409.61,406.69,3768412,3741548
E4704,Michael,Domestico,Online,Critical,1109,494.91,395.44,548855.19,438542.96
E4705,Pamela,Domestico,Offline,Critical,7572,958.56,262.98,7258216.32,1991284.56
E4706,Gregory,Frutas,Online,Medium,1198,499.4,193.75,598281.2,232112.5
E4707,Austin,Cuidado personal,Offline,Low,2161,691.83,444.25,1495044.63,960024.25
E4708,Joseph,Frutas,Offline,Critical,6621,961.16,227.99,6363840.36,1509521.79
E4709,Ryan,Material de oficina,Online,Medium,5502,604.79,9.06,3327554.58,49848.12
E4710,Joshua,Verduras,Offline,High,2586,907.32,34.25,2346329.52,88570.5
E4711,Amanda,Material de oficina,Online,Medium,4753,576.95,269.14,2742243.35,1279222.42
E4712,Erin,Cuidado personal,Online,Low,4885,833.94,267.73,4073796.9,1307861.05
E4713,Thomas,Domestico,Offline,High,8977,794.43,425.59,7131598.11,3820521.43
E4714,Nicholas,Cuidado personal,Offline,High,9989,590.09,175.56,5894409.01,1753668.84
E4715,William,Bebida,Online,Medium,1283,872.91,341.61,1119943.53,438285.63
E4716,Richard,Carnes,Online,Critical,8300,937.6,151.15,7782080,1254545
E4717,Billy,Bebida,Offline,Low,5925,495.63,148.29,2936607.75,878618.25
E4718,Jacob,Frutas,Offline,Low,2721,852.54,310.08,2319761.34,843727.68
E4719,Wendy,Cosmeticos,Online,High,9920,655.47,55.51,6502262.4,550659.2
E4720,Patrick,Domestico,Online,Critical,8379,641.54,54.2,5375463.66,454141.8
E4721,Margaret,Cosmeticos,Online,Medium,3998,402.71,486.25,1610034.58,1944027.5
E4722,Adam,Frutas,Offline,High,8417,713.3,75.16,6003846.1,632621.72
E4723,Robert,Cuidado personal,Online,High,8337,764.51,146.86,6373719.87,1224371.82
E4724,Antonio,Cuidado personal,Online,Low,2872,426.49,222.18,1224879.28,638100.96
E4725,Leah,Material de oficina,Online,Low,165,411.82,479.52,67950.3,79120.8
E4726,Nicholas,Snacks,Online,Critical,1309,966.31,289.11,1264899.79,378444.99
E4727,Eric,Bebida,Online,Medium,5474,655.89,250.31,3590341.86,1370196.94
E4728,Kaitlin,Cereales,Online,Low,2079,590.09,128.7,1226797.11,267567.3
E4729,Raymond,Verduras,Offline,Low,4630,930.48,52.56,4308122.4,243352.8
E4730,Joshua,Cereales,Offline,Medium,9719,667.02,179.58,6482767.38,1745338.02
E4731,Alyssa,Alimento infantil,Online,Low,7748,805.93,423.42,6244345.64,3280658.16
E4732,Walter,Domestico,Online,High,7337,822.7,11.66,6036149.9,85549.42
E4733,Anthony,Snacks,Online,High,8237,477.53,171.67,3933414.61,1414045.79
E4734,Zachary,Cuidado personal,Online,Medium,6877,621.34,346.55,4272955.18,2383224.35
E4735,Bryan,Ropa,Online,High,4494,652.5,225.34,2932335,1012677.96
E4736,Brandi,Bebida,Online,High,9510,730.87,427.26,6950573.7,4063242.6
E4737,Michael,Bebida,Online,High,1562,852.52,127.82,1331636.24,199654.84
E4738,Emily,Frutas,Online,Critical,4131,530.9,442.64,2193147.9,1828545.84
E4739,Ryan,Cosmeticos,Online,Critical,6652,889.97,55.67,5920080.44,370316.84
E4740,Dorothy,Cosmeticos,Offline,High,1490,550.08,278.72,819619.2,415292.8
E4741,Maxwell,Ropa,Offline,High,6788,782.53,341.18,5311813.64,2315929.84
E4742,Christina,Cosmeticos,Online,High,5867,424.86,346.21,2492653.62,2031214.07
E4743,Gregory,Domestico,Offline,Medium,7316,794.76,315.34,5814464.16,2307027.44
E4744,Hector,Material de oficina,Offline,High,6881,832.42,135.74,5727882.02,934026.94
E4745,Melissa,Alimento infantil,Online,Critical,5775,774.98,205.11,4475509.5,1184510.25
E4746,Carla,Bebida,Online,Low,2355,410.64,345.29,967057.2,813157.95
E4747,Richard,Verduras,Offline,Medium,8425,539.3,95.54,4543602.5,804924.5
E4748,Nancy,Snacks,Offline,Low,2828,743.98,148.49,2103975.44,419929.72
E4749,Rebecca,Verduras,Offline,Medium,2293,639.24,167.19,1465777.32,383366.67
E4750,Sarah,Snacks,Offline,Low,6436,715.68,467.7,4606116.48,3010117.2
E4751,Jessica,Cereales,Offline,Low,1878,942.19,117.72,1769432.82,221078.16
E4752,Christian,Cereales,Offline,Low,9397,847.16,308.21,7960762.52,2896249.37
E4753,Frank,Bebida,Online,Low,5470,625.83,276.85,3423290.1,1514369.5
E4754,Monica,Verduras,Online,Critical,4505,968.13,5.16,4361425.65,23245.8
E4755,Adam,Ropa,Offline,Low,9333,633.64,234.79,5913762.12,2191295.07
E4756,Jennifer,Verduras,Offline,Medium,488,852.54,67.74,416039.52,33057.12
E4757,Sonya,Verduras,Offline,Medium,2246,713.38,12.25,1602251.48,27513.5
E4758,Jacob,Verduras,Offline,High,9319,998.37,413.76,9303810.03,3855829.44
E4759,Lindsay,Cosmeticos,Offline,Low,5095,576.23,382.49,2935891.85,1948786.55
E4760,Robert,Cosmeticos,Offline,Medium,9306,718.1,425.26,6682638.6,3957469.56
E4761,Zachary,Frutas,Online,Medium,4417,996.86,364.98,4403130.62,1612116.66
E4762,Taylor,Cosmeticos,Online,Medium,9609,482.33,174.02,4634708.97,1672158.18
E4763,Amber,Carnes,Offline,Low,4957,825.97,495.98,4094333.29,2458572.86
E4764,Lisa,Material de oficina,Offline,Medium,3208,875.4,139.23,2808283.2,446649.84
E4765,Andrew,Cosmeticos,Offline,High,4294,991.94,268.31,4259390.36,1152123.14
E4766,Christina,Frutas,Online,Critical,5340,509.8,28.03,2722332,149680.2
E4767,Randall,Cuidado personal,Online,High,7604,732.98,66.95,5573579.92,509087.8
E4768,Joseph,Carnes,Online,Medium,7968,934.45,222.3,7445697.6,1771286.4
E4769,Gregory,Bebida,Offline,High,6805,918.61,242.25,6251141.05,1648511.25
E4770,Andrea,Verduras,Offline,Critical,6573,606.39,190.05,3985801.47,1249198.65
E4771,Amanda,Cuidado personal,Online,Low,1358,960.4,3.89,1304223.2,5282.62
E4772,Deborah,Ropa,Offline,Medium,3994,413.27,48.81,1650600.38,194947.14
E4773,Amanda,Alimento infantil,Offline,Medium,8985,409.98,491.78,3683670.3,4418643.3
E4774,Dawn,Carnes,Online,Medium,8882,934.33,212.36,8298719.06,1886181.52
E4775,Timothy,Cereales,Online,High,7258,877.95,217.46,6372161.1,1578324.68
E4776,William,Carnes,Online,Low,5723,462.54,242.96,2647116.42,1390460.08
E4777,Amanda,Ropa,Online,Medium,5669,425.43,168.54,2411762.67,955453.26
E4778,Duane,Material de oficina,Online,Low,369,574.6,224.91,212027.4,82991.79
E4779,Tammy,Cereales,Online,Medium,656,715.59,96.78,469427.04,63487.68
E4780,Donald,Snacks,Offline,Critical,9645,697.22,363.61,6724686.9,3507018.45
E4781,Sean,Domestico,Online,Critical,1581,654.47,408.88,1034717.07,646439.28
E4782,Tammy,Verduras,Offline,Medium,6121,413.7,127.96,2532257.7,783243.16
E4783,Brady,Cuidado personal,Online,Low,9837,614.99,136.23,6049656.63,1340094.51
E4784,Tina,Snacks,Online,High,5779,708.85,444.53,4096444.15,2568938.87
E4785,Kimberly,Cereales,Online,Low,6658,858.32,62.34,5714694.56,415059.72
E4786,Chad,Frutas,Online,Low,7367,880.23,402.45,6484654.41,2964849.15
E4787,Vincent,Carnes,Online,Medium,8547,946.3,20.08,8088026.1,171623.76
E4788,Steven,Cosmeticos,Offline,Critical,3172,543.01,220.59,1722427.72,699711.48
E4789,Megan,Alimento infantil,Offline,Critical,2420,996.75,149.27,2412135,361233.4
E4790,Rachel,Frutas,Offline,Low,3512,884.81,72.73,3107452.72,255427.76
E4791,Charles,Frutas,Online,Low,9345,442.19,366.55,4132265.55,3425409.75
E4792,Michael,Alimento infantil,Offline,Medium,6073,763.1,4.88,4634306.3,29636.24
E4793,Joshua,Ropa,Online,Medium,9785,489.23,379.34,4787115.55,3711841.9
E4794,Benjamin,Material de oficina,Online,High,3184,994.08,278.78,3165150.72,887635.52
E4795,Daniel,Carnes,Offline,Medium,6385,845.58,8.42,5399028.3,53761.7
E4796,Gail,Cuidado personal,Offline,Low,350,607.89,105.09,212761.5,36781.5
E4797,Amanda,Snacks,Offline,Medium,2017,851.39,139.07,1717253.63,280504.19
E4798,Matthew,Bebida,Offline,Medium,9589,704.26,100.75,6753149.14,966091.75
E4799,Donna,Material de oficina,Offline,Critical,4765,519.38,363.39,2474845.7,1731553.35
E4800,Alex,Snacks,Offline,Medium,1524,697.21,52.32,1062548.04,79735.68
E4801,Margaret,Cereales,Offline,Low,2626,712,341.76,1869712,897461.76
E4802,Jeff,Bebida,Offline,Medium,7631,582.29,259.9,4443454.99,1983296.9
E4803,Scott,Cosmeticos,Offline,Critical,602,694.38,84.37,418016.76,50790.74
E4804,Kevin,Cosmeticos,Offline,Low,6900,942.8,222.74,6505320,1536906
E4805,Nicholas,Cereales,Offline,Low,6372,584.23,363.74,3722713.56,2317751.28
E4806,Julie,Carnes,Offline,Low,1837,929.24,173.59,1707013.88,318884.83
E4807,Benjamin,Cereales,Online,High,9306,414.16,135.52,3854172.96,1261149.12
E4808,Dawn,Material de oficina,Offline,Critical,5460,880.86,405.82,4809495.6,2215777.2
E4809,Erin,Cosmeticos,Offline,Critical,3864,584.8,230.64,2259667.2,891192.96
E4810,Frank,Cuidado personal,Online,High,6813,715.29,119.91,4873270.77,816946.83
E4811,Kyle,Domestico,Offline,Medium,662,479.59,106.17,317488.58,70284.54
E4812,David,Carnes,Offline,High,8800,891.65,129.79,7846520,1142152
E4813,Cindy,Cosmeticos,Offline,Critical,8172,756.3,426.76,6180483.6,3487482.72
E4814,Douglas,Frutas,Online,Critical,8863,894.82,63.65,7930789.66,564129.95
E4815,Justin,Cereales,Online,Low,781,435.68,156.44,340266.08,122179.64
E4816,Whitney,Frutas,Online,High,7281,825.88,261.27,6013232.28,1902306.87
E4817,Dean,Alimento infantil,Offline,Critical,2325,433.25,260.58,1007306.25,605848.5
E4818,Pamela,Cosmeticos,Offline,Critical,111,704.51,483.12,78200.61,53626.32
E4819,Billy,Domestico,Online,Medium,2391,667.9,419.77,1596948.9,1003670.07
E4820,Craig,Ropa,Online,Low,576,919.43,325.7,529591.68,187603.2
E4821,Mary,Cuidado personal,Offline,High,3761,600.1,374.6,2256976.1,1408870.6
E4822,John,Cereales,Offline,High,3617,420.71,450.81,1521708.07,1630579.77
E4823,Kristen,Verduras,Online,Medium,9120,592.19,83.77,5400772.8,763982.4
E4824,Randall,Verduras,Online,High,9096,982.11,449.02,8933272.56,4084285.92
E4825,Michelle,Alimento infantil,Offline,High,1741,590.89,424.5,1028739.49,739054.5
E4826,Amber,Verduras,Online,Medium,1192,876.46,434.26,1044740.32,517637.92
E4827,Ethan,Frutas,Offline,High,2687,909.33,111.35,2443369.71,299197.45
E4828,David,Material de oficina,Offline,Medium,286,778.74,14.11,222719.64,4035.46
E4829,Lindsay,Domestico,Online,High,9567,890.23,478.6,8516830.41,4578766.2
E4830,Joseph,Ropa,Online,Low,7094,827.07,91.79,5867234.58,651158.26
E4831,Cindy,Cuidado personal,Online,Low,6588,790.73,467.12,5209329.24,3077386.56
E4832,Nancy,Alimento infantil,Online,Low,7910,635.08,131.52,5023482.8,1040323.2
E4833,Kristin,Frutas,Online,Critical,7122,670.95,198.38,4778505.9,1412862.36
E4834,Melissa,Snacks,Online,Medium,3701,530.15,289.98,1962085.15,1073215.98
E4835,Brenda,Cereales,Online,Low,7356,633.04,97.04,4656642.24,713826.24
E4836,Nicholas,Cuidado personal,Online,Critical,2785,561.2,259.39,1562942,722401.15
E4837,Joseph,Carnes,Offline,Critical,385,982.29,246.58,378181.65,94933.3
E4838,Jessica,Cosmeticos,Online,Critical,3366,682.59,56.23,2297597.94,189270.18
E4839,Scott,Verduras,Offline,Medium,7371,450.64,463.98,3321667.44,3419996.58
E4840,John,Frutas,Offline,Critical,3762,613.42,443.54,2307686.04,1668597.48
E4841,Bianca,Material de oficina,Online,High,4937,896.11,170.41,4424095.07,841314.17
E4842,Eric,Bebida,Offline,High,4199,897.75,440.99,3769652.25,1851717.01
E4843,John,Verduras,Offline,Medium,8345,840.02,440.01,7009966.9,3671883.45
E4844,Erica,Cuidado personal,Online,Critical,3766,489.75,356.41,1844398.5,1342240.06
E4845,John,Cuidado personal,Online,Critical,6249,589.28,364.41,3682410.72,2277198.09
E4846,Nicole,Cuidado personal,Offline,Medium,6024,649.03,71.05,3909756.72,428005.2
E4847,Robert,Verduras,Offline,High,6989,438.57,92.03,3065165.73,643197.67
E4848,Tina,Snacks,Online,Low,8013,564.88,42.17,4526383.44,337908.21
E4849,Nancy,Domestico,Offline,High,115,927.7,341.72,106685.5,39297.8
E4850,Dawn,Carnes,Offline,Medium,7636,876.01,313.67,6689212.36,2395184.12
E4851,Alicia,Alimento infantil,Online,Low,1748,813.61,80.92,1422190.28,141448.16
E4852,Rebecca,Ropa,Offline,Low,9591,975.48,362.09,9355828.68,3472805.19
E4853,Rachel,Cuidado personal,Online,Low,141,558.39,23.52,78732.99,3316.32
E4854,John,Bebida,Offline,Critical,5793,545,367.23,3157185,2127363.39
E4855,Laura,Domestico,Offline,Medium,6745,580.74,7.09,3917091.3,47822.05
E4856,Bruce,Domestico,Online,Medium,5440,604.87,76,3290492.8,413440
E4857,Anthony,Alimento infantil,Offline,Medium,8134,665.73,331.2,5415047.82,2693980.8
E4858,Cameron,Cosmeticos,Offline,Medium,4802,497.02,141.33,2386690.04,678666.66
E4859,Dorothy,Verduras,Online,Low,3275,669.31,482.82,2191990.25,1581235.5
E4860,Jacob,Cereales,Offline,Critical,9749,616.65,499.87,6011720.85,4873232.63
E4861,Sean,Cosmeticos,Offline,Medium,6785,696.78,94.68,4727652.3,642403.8
E4862,Donald,Frutas,Offline,High,8113,521.58,339.27,4231578.54,2752497.51
E4863,Katherine,Cereales,Online,High,7936,856.72,272.95,6798929.92,2166131.2
E4864,Richard,Verduras,Offline,Low,656,440.92,320.65,289243.52,210346.4
E4865,Timothy,Domestico,Offline,Critical,5304,921.37,276.96,4886946.48,1468995.84
E4866,Lindsay,Cosmeticos,Offline,Low,4370,634.22,187.09,2771541.4,817583.3
E4867,Jacob,Cuidado personal,Offline,Low,6507,447.94,384.31,2914745.58,2500705.17
E4868,Bryan,Cosmeticos,Online,Medium,7482,801.15,105.89,5994204.3,792268.98
E4869,Michael,Ropa,Offline,Low,3396,858.77,417.98,2916382.92,1419460.08
E4870,Courtney,Cereales,Offline,High,9947,756.68,397.12,7526695.96,3950152.64
E4871,Mark,Domestico,Online,Low,4097,583.64,63.51,2391173.08,260200.47
E4872,Sara,Verduras,Online,High,1343,937.99,157.62,1259720.57,211683.66
E4873,Ashley,Carnes,Offline,Critical,6530,436.06,364.06,2847471.8,2377311.8
E4874,John,Cosmeticos,Online,Medium,4216,894.3,120.7,3770368.8,508871.2
E4875,Adam,Domestico,Offline,High,9881,752.31,99.93,7433575.11,987408.33
E4876,Frank,Snacks,Offline,Low,192,596.11,189.41,114453.12,36366.72
E4877,Gregory,Frutas,Offline,Medium,9772,805.29,283.35,7869293.88,2768896.2
E4878,Joshua,Cereales,Offline,Critical,5698,873.25,320.32,4975778.5,1825183.36
E4879,Vicki,Alimento infantil,Online,Critical,4532,942.05,95.17,4269370.6,431310.44
E4880,Juan,Ropa,Online,High,7074,805.44,435.84,5697682.56,3083132.16
E4881,Rebecca,Material de oficina,Offline,Medium,9107,955.4,254.37,8700827.8,2316547.59
E4882,Tony,Alimento infantil,Offline,Low,8827,792.21,365.64,6992837.67,3227504.28
E4883,Gabriel,Ropa,Online,Low,8212,655.55,460.21,5383376.6,3779244.52
E4884,Sean,Carnes,Online,High,4049,475.72,308.55,1926190.28,1249318.95
E4885,Adam,Domestico,Online,Medium,920,711.65,303.27,654718,279008.4
E4886,Phillip,Domestico,Online,Critical,5896,774.9,240.34,4568810.4,1417044.64
E4887,Margaret,Domestico,Offline,High,8578,977.57,347.67,8385595.46,2982313.26
E4888,Ryan,Frutas,Online,Critical,8334,683.85,161.22,5699205.9,1343607.48
E4889,Craig,Cuidado personal,Online,Medium,7124,686.65,347.2,4891694.6,2473452.8
E4890,Jacob,Cosmeticos,Online,Medium,8845,596.76,419.97,5278342.2,3714634.65
E4891,Justin,Material de oficina,Offline,High,2140,400.09,355.16,856192.6,760042.4
E4892,Timothy,Carnes,Offline,High,1052,534.42,448.19,562209.84,471495.88
E4893,Joseph,Bebida,Online,Critical,2735,962.4,147.58,2632164,403631.3
E4894,Lindsay,Carnes,Online,Low,5515,682.19,158.28,3762277.85,872914.2
E4895,Eric,Carnes,Offline,Low,3579,472.72,161.05,1691864.88,576397.95
E4896,Stephen,Material de oficina,Offline,Medium,1648,606.39,348.43,999330.72,574212.64
E4897,Wayne,Bebida,Online,Medium,2338,930.68,298.64,2175929.84,698220.32
E4898,Susan,Cosmeticos,Online,High,9763,670.57,249.5,6546774.91,2435868.5
E4899,Erica,Cuidado personal,Online,Critical,2985,794.56,95.75,2371761.6,285813.75
E4900,Dana,Cereales,Online,High,7020,403.9,426.88,2835378,2996697.6
E4901,Dawn,Alimento infantil,Offline,Low,6974,476.5,291.19,3323111,2030759.06
E4902,Brandi,Frutas,Offline,High,2193,787.85,435.97,1727755.05,956082.21
E4903,Tami,Material de oficina,Online,Low,5281,497.86,78.93,2629198.66,416829.33
E4904,Kaitlyn,Snacks,Online,Medium,4558,890.25,105.29,4057759.5,479911.82
E4905,Joshua,Cuidado personal,Offline,High,8215,877.78,252.24,7210962.7,2072151.6
E4906,Todd,Snacks,Offline,Medium,8429,786.28,272.27,6627554.12,2294963.83
E4907,Antonio,Carnes,Offline,Low,897,658.49,329.01,590665.53,295121.97
E4908,Stephanie,Ropa,Online,Low,635,604.76,55.28,384022.6,35102.8
E4909,Kimberly,Domestico,Offline,Medium,9333,741.47,475.19,6920139.51,4434948.27
E4910,David,Ropa,Offline,Medium,5470,946.94,200.63,5179761.8,1097446.1
E4911,Robert,Domestico,Offline,Low,8548,625.48,122.69,5346603.04,1048754.12
E4912,Cory,Cuidado personal,Online,Critical,947,616.81,150.41,584119.07,142438.27
E4913,Andrew,Cosmeticos,Offline,Low,5111,507.07,396.68,2591634.77,2027431.48
E4914,Joshua,Bebida,Online,Critical,331,621.53,405.42,205726.43,134194.02
E4915,Jessica,Domestico,Online,Low,1584,550.84,302.01,872530.56,478383.84
E4916,Alyssa,Cosmeticos,Offline,Medium,4914,803.85,49.6,3950118.9,243734.4
E4917,George,Frutas,Offline,Critical,6425,554.82,130.54,3564718.5,838719.5
E4918,Alan,Cosmeticos,Online,Critical,2101,540.38,57.09,1135338.38,119946.09
E4919,Susan,Snacks,Online,Critical,5268,582.67,255.81,3069505.56,1347607.08
E4920,Michael,Snacks,Offline,Low,7748,779.7,148.37,6041115.6,1149570.76
E4921,Jacob,Alimento infantil,Offline,Low,312,705.59,397.03,220144.08,123873.36
E4922,Dawn,Carnes,Offline,Medium,769,991.38,228.7,762371.22,175870.3
E4923,Joseph,Domestico,Offline,Medium,519,742.88,378.33,385554.72,196353.27
E4924,Sarah,Cereales,Offline,Critical,1252,762.43,339,954562.36,424428
E4925,Cathy,Bebida,Offline,High,9601,616.39,130.32,5917960.39,1251202.32
E4926,Matthew,Ropa,Offline,Medium,1010,614.46,287.36,620604.6,290233.6
E4927,Lori,Domestico,Online,Medium,672,541.88,36.26,364143.36,24366.72
E4928,Jennifer,Cuidado personal,Online,Critical,7485,793.36,337.61,5938299.6,2527010.85
E4929,Jacob,Cuidado personal,Offline,Medium,3534,776.4,338.05,2743797.6,1194668.7
E4930,Amanda,Cuidado personal,Offline,High,8604,501.54,442.04,4315250.16,3803312.16
E4931,Robert,Carnes,Offline,Medium,8397,810.82,471.85,6808455.54,3962124.45
E4932,Chad,Carnes,Offline,High,5346,912.77,214.88,4879668.42,1148748.48
E4933,Walter,Material de oficina,Offline,Critical,4321,556.94,321.86,2406537.74,1390757.06
E4934,Joshua,Ropa,Online,Low,6530,420.14,493.74,2743514.2,3224122.2
E4935,Kevin,Frutas,Online,Medium,7325,553.97,198.97,4057830.25,1457455.25
E4936,Ricky,Domestico,Online,High,3897,555.72,48.72,2165640.84,189861.84
E4937,Joshua,Cuidado personal,Online,High,5163,918.5,91.57,4742215.5,472775.91
E4938,Dean,Cereales,Online,Medium,8228,614.47,498.6,5055859.16,4102480.8
E4939,Judith,Cuidado personal,Offline,Low,4737,924.92,241.76,4381346.04,1145217.12
E4940,Cameron,Alimento infantil,Online,Medium,4097,818.28,320.62,3352493.16,1313580.14
E4941,Patricia,Cereales,Online,Low,6684,765.59,324.62,5117203.56,2169760.08
E4942,Anthony,Cereales,Offline,Low,9479,986.08,137.48,9347052.32,1303172.92
E4943,Joshua,Snacks,Offline,Low,3900,824.04,298.98,3213756,1166022
E4944,Keith,Verduras,Online,Medium,9500,979.11,9.76,9301545,92720
E4945,Cody,Carnes,Offline,Low,631,440.77,178.88,278125.87,112873.28
E4946,Dana,Cereales,Offline,Medium,9184,736.75,113.6,6766312,1043302.4
E4947,Timothy,Alimento infantil,Offline,Critical,4626,792.38,51.58,3665549.88,238609.08
E4948,David,Carnes,Offline,Low,1814,630.67,257.24,1144035.38,466633.36
E4949,Tiffany,Material de oficina,Online,Critical,3551,814.05,131.09,2890691.55,465500.59
E4950,Jennifer,Domestico,Online,Medium,1858,763.4,183.48,1418397.2,340905.84
E4951,Andre,Cosmeticos,Offline,Medium,9510,900.06,82.97,8559570.6,789044.7
E4952,Kaitlyn,Cereales,Online,Medium,8802,437.4,283.07,3849994.8,2491582.14
E4953,Katherine,Carnes,Offline,Medium,5309,913.72,111.29,4850939.48,590838.61
E4954,Robert,Ropa,Online,High,9524,706.35,333.69,6727277.4,3178063.56
E4955,Stephanie,Snacks,Offline,Medium,6292,598.37,163.28,3764944.04,1027357.76
E4956,Duane,Ropa,Online,High,8256,832.89,423.06,6876339.84,3492783.36
E4957,Kyle,Alimento infantil,Offline,Low,1208,918.82,55.19,1109934.56,66669.52
E4958,Logan,Cereales,Online,Low,8679,711.16,346.5,6172157.64,3007273.5
E4959,George,Cuidado personal,Offline,Low,3688,437.6,77.61,1613868.8,286225.68
E4960,Andrew,Bebida,Offline,Critical,2450,924.73,352.77,2265588.5,864286.5
E4961,Kathy,Cereales,Offline,Medium,1889,860.82,442.7,1626088.98,836260.3
E4962,Courtney,Frutas,Offline,Low,3395,710.11,423.09,2410823.45,1436390.55
E4963,Willie,Domestico,Offline,High,317,562.58,297.37,178337.86,94266.29
E4964,William,Snacks,Offline,High,5836,982.47,493.92,5733694.92,2882517.12
E4965,Brian,Ropa,Online,Critical,4913,866.17,243.98,4255493.21,1198673.74
E4966,Amber,Material de oficina,Offline,Medium,2161,534.6,19.14,1155270.6,41361.54
E4967,Ashley,Frutas,Offline,Critical,8972,478.74,284.22,4295255.28,2550021.84
E4968,Jeffrey,Cuidado personal,Online,Low,4247,749.22,224.29,3181937.34,952559.63
E4969,Rita,Domestico,Offline,Low,2969,812.81,490.25,2413232.89,1455552.25
E4970,Alyssa,Snacks,Online,High,5973,679.22,409.72,4056981.06,2447257.56
E4971,Taylor,Ropa,Online,Medium,1210,829.37,335.33,1003537.7,405749.3
E4972,Leah,Material de oficina,Offline,Critical,1796,728.92,216.94,1309140.32,389624.24
E4973,Kenneth,Ropa,Offline,Medium,1518,586.13,84.72,889745.34,128604.96
E4974,Hunter,Ropa,Offline,High,9650,922.84,282.72,8905406,2728248
E4975,Michael,Domestico,Offline,Medium,785,505.87,274.54,397107.95,215513.9
E4976,Scott,Ropa,Online,Low,3316,567.9,110.02,1883156.4,364826.32
E4977,Lindsay,Carnes,Online,Low,5889,493.35,387.08,2905338.15,2279514.12
E4978,Emily,Cosmeticos,Offline,Critical,9949,937.3,149.97,9325197.7,1492051.53
E4979,Mark,Domestico,Offline,Critical,5018,860.87,49.71,4319845.66,249444.78
E4980,Jaime,Alimento infantil,Online,Critical,335,891.26,191.56,298572.1,64172.6
E4981,Erin,Cuidado personal,Offline,Critical,9567,720.84,399.6,6896276.28,3822973.2
E4982,Amanda,Snacks,Offline,Critical,4913,404.44,421.82,1987013.72,2072401.66
E4983,Eric,Verduras,Offline,Medium,2820,818.63,291.14,2308536.6,821014.8
E4984,Bruce,Snacks,Online,Medium,9560,708.82,369.42,6776319.2,3531655.2
E4985,Courtney,Snacks,Offline,Low,4731,630.76,103.14,2984125.56,487955.34
E4986,Kevin,Cosmeticos,Offline,Low,1133,833.68,293.95,944559.44,333045.35
E4987,Taylor,Frutas,Offline,High,3072,776.07,186.44,2384087.04,572743.68
E4988,Cathy,Frutas,Offline,Medium,5236,826.04,83.34,4325145.44,436368.24
E4989,Sonya,Bebida,Offline,Medium,9352,734.22,307.95,6866425.44,2879948.4
E4990,Gregory,Frutas,Offline,High,7447,772.47,403.91,5752584.09,3007917.77
E4991,Mason,Frutas,Offline,Critical,9760,723.02,321.66,7056675.2,3139401.6
E4992,Michael,Carnes,Online,Medium,695,670.38,112.64,465914.1,78284.8
E4993,Alex,Snacks,Online,Low,3839,519.42,237.25,1994053.38,910802.75
E4994,Jeff,Cosmeticos,Online,High,2385,937.39,107.39,2235675.15,256125.15
E4995,Michael,Snacks,Offline,High,4145,552.71,170.08,2290982.95,704981.6
E4996,Michael,Snacks,Offline,Medium,9239,793.64,326.4,7332439.96,3015609.6
E4997,Dawn,Bebida,Offline,Medium,8984,692.1,80.62,6217826.4,724290.08
E4998,William,Frutas,Offline,Low,7434,584.1,24.8,4342199.4,184363.2
E4999,Gabriel,Ropa,Offline,Medium,6960,882.32,467.25,6140947.2,3252060
E5000,Gregory,Ropa,Offline,Low,7771,462.06,42.94,3590668.26,333686.74
E5001,John,Carnes,Online,Medium,6476,610.22,367.04,3951784.72,2376951.04
E5002,Kenneth,Frutas,Online,Critical,7148,729.37,351.2,5213536.76,2510377.6
E5003,Jose,Carnes,Offline,High,694,515.92,344.51,358048.48,239089.94
E5004,Mark,Ropa,Offline,Medium,6444,868.45,257.83,5596291.8,1661456.52
E5005,Justin,Cereales,Offline,Medium,2808,721.67,224.39,2026449.36,630087.12
E5006,Gina,Domestico,Offline,Low,8678,604.49,132.7,5245764.22,1151570.6
E5007,Joshua,Cereales,Offline,Medium,9557,643.58,413.17,6150694.06,3948665.69
E5008,Mason,Snacks,Offline,Critical,5345,902.5,389.54,4823862.5,2082091.3
E5009,Tiffany,Cosmeticos,Online,Low,1263,641.79,224.56,810580.77,283619.28
E5010,George,Material de oficina,Offline,Medium,3409,438.92,493.46,1496278.28,1682205.14
E5011,Amanda,Carnes,Online,Medium,5174,692.78,417.04,3584443.72,2157764.96
E5012,Emily,Bebida,Online,Low,373,626.47,458.5,233673.31,171020.5
E5013,Jacob,Bebida,Offline,High,3580,683.76,100.5,2447860.8,359790
E5014,Kathy,Material de oficina,Offline,Medium,9343,451.4,2.62,4217430.2,24478.66
E5015,Melanie,Ropa,Offline,High,7806,844.49,32.59,6592088.94,254397.54
E5016,Tiffany,Frutas,Offline,High,9113,832.77,44.24,7589033.01,403159.12
E5017,Michael,Verduras,Online,High,3669,518.3,49.47,1901642.7,181505.43
E5018,Amanda,Frutas,Offline,Medium,8845,574.77,308.95,5083840.65,2732662.75
E5019,Stephen,Material de oficina,Online,Medium,7655,818.52,126.26,6265770.6,966520.3
E5020,Juan,Cosmeticos,Online,Medium,4798,987.83,58.21,4739608.34,279291.58
E5021,Michael,Cosmeticos,Online,Critical,4854,942.58,274.74,4575283.32,1333587.96
E5022,Melissa,Carnes,Offline,Medium,3285,740.93,72.4,2433955.05,237834
E5023,Tabitha,Frutas,Offline,Low,449,905.24,376.7,406452.76,169138.3
E5024,Paul,Frutas,Offline,Medium,8751,638.28,249.56,5585588.28,2183899.56
E5025,Darin,Carnes,Online,Low,1737,648.82,475.76,1127000.34,826395.12
E5026,Darryl,Bebida,Online,Medium,8464,864.09,41.97,7313657.76,355234.08
E5027,Zachary,Bebida,Offline,Critical,3320,472.05,357.76,1567206,1187763.2
E5028,Colin,Cereales,Offline,Low,6775,501.6,234,3398340,1585350
E5029,Eric,Snacks,Online,Low,4012,847.29,29.38,3399327.48,117872.56
E5030,Christian,Cosmeticos,Offline,Critical,2739,795.94,57.84,2180079.66,158423.76
E5031,George,Ropa,Offline,High,9413,769.78,114.91,7245939.14,1081647.83
E5032,Kristin,Bebida,Offline,Medium,3450,726.78,286.17,2507391,987286.5
E5033,Tabitha,Snacks,Online,Critical,7435,833.07,336.96,6193875.45,2505297.6
E5034,Thomas,Cosmeticos,Offline,High,239,785.19,134.8,187660.41,32217.2
E5035,Bruce,Frutas,Online,Low,3055,658.52,409.37,2011778.6,1250625.35
E5036,Johnny,Cuidado personal,Offline,High,6405,927.06,176.02,5937819.3,1127408.1
E5037,Carla,Frutas,Online,High,6356,635.58,136.66,4039746.48,868610.96
E5038,Courtney,Carnes,Offline,High,4070,960.49,289.25,3909194.3,1177247.5
E5039,Eric,Ropa,Online,Medium,8452,445.52,291.9,3765535.04,2467138.8
E5040,Jacob,Alimento infantil,Offline,Low,2833,483.03,427.93,1368423.99,1212325.69
E5041,Tiffany,Ropa,Offline,Critical,172,586.9,293.32,100946.8,50451.04
E5042,Kathy,Verduras,Online,Medium,7831,741.13,150.32,5803789.03,1177155.92
E5043,Jeffrey,Bebida,Online,Critical,2105,776.87,443.94,1635311.35,934493.7
E5044,Brenda,Snacks,Offline,Low,5805,508.63,301.19,2952597.15,1748407.95
E5045,Kaitlyn,Carnes,Offline,Critical,5161,554.32,316.81,2860845.52,1635056.41
E5046,Deborah,Frutas,Offline,Medium,9262,642.49,328.66,5950742.38,3044048.92
E5047,Adam,Cosmeticos,Online,Low,1408,984.11,61.57,1385626.88,86690.56
E5048,Vicki,Alimento infantil,Online,Low,9126,956.11,61.96,8725459.86,565446.96
E5049,Tami,Verduras,Online,Critical,5436,653.74,241.04,3553730.64,1310293.44
E5050,Mark,Cuidado personal,Offline,Medium,2020,425.41,85.17,859328.2,172043.4
E5051,Rachel,Carnes,Offline,Low,3744,811.48,40.87,3038181.12,153017.28
E5052,Anthony,Domestico,Offline,Low,3757,461.4,66.39,1733479.8,249427.23
E5053,Colin,Material de oficina,Online,High,1827,904.42,447.11,1652375.34,816869.97
E5054,Sabrina,Verduras,Offline,Medium,1372,455.11,155.84,624410.92,213812.48
E5055,Tammy,Cereales,Online,Critical,7798,560.33,149.02,4369453.34,1162057.96
E5056,Kayla,Alimento infantil,Offline,Medium,8445,798.69,41.86,6744937.05,353507.7
E5057,Andrea,Carnes,Offline,Medium,6898,615.23,84.74,4243856.54,584536.52
E5058,Joseph,Verduras,Offline,Medium,1025,765.2,84.05,784330,86151.25
E5059,Robert,Bebida,Online,Critical,5688,600.06,340.17,3413141.28,1934886.96
E5060,James,Ropa,Offline,High,7271,721.53,426.24,5246244.63,3099191.04
E5061,Brandon,Domestico,Offline,Low,7457,814.42,423.48,6073129.94,3157890.36
E5062,Nicole,Cosmeticos,Online,Medium,6751,515.18,251.22,3477980.18,1695986.22
E5063,Jill,Ropa,Offline,Medium,7510,588.95,322.12,4423014.5,2419121.2
E5064,Nicholas,Domestico,Online,Low,8182,490.65,454.58,4014498.3,3719373.56
E5065,Melissa,Cereales,Online,Critical,1271,701.15,325.22,891161.65,413354.62
E5066,Jacqueline,Bebida,Online,Critical,9814,987.67,15.95,9692993.38,156533.3
E5067,Nicholas,Cereales,Online,Low,2337,415.51,58.52,971046.87,136761.24
E5068,Courtney,Ropa,Online,Critical,9253,771.52,371.9,7138874.56,3441190.7
E5069,Benjamin,Domestico,Online,High,9154,575.1,173.49,5264465.4,1588127.46
E5070,Karla,Bebida,Offline,Low,2308,442.04,342.06,1020228.32,789474.48
E5071,Michael,Ropa,Offline,Critical,646,865.61,112.67,559184.06,72784.82
E5072,Brenda,Cuidado personal,Offline,Critical,3830,543.27,44.57,2080724.1,170703.1
E5073,Michelle,Carnes,Online,Critical,1067,604.33,283.69,644820.11,302697.23
E5074,Tyler,Bebida,Offline,Low,2657,477.02,59.17,1267442.14,157214.69
E5075,James,Snacks,Offline,Medium,8794,571.29,15.76,5023924.26,138593.44
E5076,Austin,Verduras,Offline,Critical,7373,898.55,323.35,6625009.15,2384059.55
E5077,Christopher,Verduras,Offline,Critical,5336,890.15,291.61,4749840.4,1556030.96
E5078,Gregory,Cuidado personal,Online,Critical,7273,457.44,90.54,3326961.12,658497.42
E5079,Tyler,Cosmeticos,Offline,Low,4520,439.23,201.61,1985319.6,911277.2
E5080,Taylor,Material de oficina,Online,Critical,648,924.61,417.23,599147.28,270365.04
E5081,Charles,Ropa,Offline,Low,5957,710.22,61.14,4230780.54,364210.98
E5082,Chris,Domestico,Online,Low,8349,511.23,431.29,4268259.27,3600840.21
E5083,Brandi,Frutas,Offline,Medium,3142,508.26,76.2,1596952.92,239420.4
E5084,Jessica,Material de oficina,Online,Critical,4003,439.66,313.72,1759958.98,1255821.16
E5085,Hunter,Verduras,Offline,Low,311,467.85,130.52,145501.35,40591.72
E5086,Alexis,Domestico,Online,Low,3527,738.91,327.73,2606135.57,1155903.71
E5087,Timothy,Snacks,Online,High,6942,450.46,287.89,3127093.32,1998532.38
E5088,Austin,Frutas,Offline,Medium,312,455.16,398.65,142009.92,124378.8
E5089,Hunter,Snacks,Offline,Medium,6294,761.59,320.22,4793447.46,2015464.68
E5090,Tony,Verduras,Offline,Critical,7274,401.15,450.65,2917965.1,3278028.1
E5091,Joseph,Carnes,Online,Low,8108,892.88,200.77,7239471.04,1627843.16
E5092,Nicole,Alimento infantil,Offline,High,8781,660.44,436.07,5799323.64,3829130.67
E5093,Gregory,Frutas,Online,Critical,7999,682.82,51.01,5461877.18,408028.99
E5094,Ricky,Domestico,Online,Medium,1914,656.04,168.14,1255660.56,321819.96
E5095,Margaret,Cosmeticos,Offline,High,9842,799.81,256.48,7871730.02,2524276.16
E5096,Bruce,Frutas,Online,Low,2881,518.25,4.93,1493078.25,14203.33
E5097,Amanda,Verduras,Offline,Low,4462,921.43,217.97,4111420.66,972582.14
E5098,Charles,Carnes,Offline,Low,9882,525.51,221.74,5193089.82,2191234.68
E5099,Sean,Snacks,Offline,High,7835,875.22,27.34,6857348.7,214208.9
E5100,Duane,Cereales,Online,Medium,2966,634.33,464.28,1881422.78,1377054.48
E5101,Jennifer,Bebida,Offline,High,6293,917.3,387.24,5772568.9,2436901.32
E5102,Katherine,Cuidado personal,Online,Low,5402,587.32,368.92,3172702.64,1992905.84
E5103,Eric,Alimento infantil,Online,Low,5696,731.57,180.16,4167022.72,1026191.36
E5104,Ashley,Frutas,Online,High,7724,515.7,343.9,3983266.8,2656283.6
E5105,Jill,Cereales,Offline,Medium,1150,932.94,299.79,1072881,344758.5
E5106,Brenda,Cosmeticos,Offline,Medium,3202,496.65,486.31,1590273.3,1557164.62
E5107,Christina,Frutas,Offline,Low,6733,593.11,161.78,3993409.63,1089264.74
E5108,Richard,Ropa,Online,Critical,4717,404.86,335.71,1909724.62,1583544.07
E5109,Michael,Snacks,Offline,Low,9540,533.52,415.28,5089780.8,3961771.2
E5110,Nicole,Frutas,Offline,Critical,6886,616.09,194.29,4242395.74,1337880.94
E5111,David,Domestico,Offline,Low,7909,545.6,75.71,4315150.4,598790.39
E5112,Kaitlyn,Verduras,Offline,High,4339,950.04,326.91,4122223.56,1418462.49
E5113,Zachary,Cuidado personal,Offline,High,6055,847.66,80.22,5132581.3,485732.1
E5114,Dylan,Domestico,Online,High,1652,978.99,426.28,1617291.48,704214.56
E5115,Adam,Bebida,Online,Medium,5165,888.39,284.68,4588534.35,1470372.2
E5116,Nicholas,Cereales,Online,Critical,5283,453.04,250.92,2393410.32,1325610.36
E5117,Jacob,Alimento infantil,Online,High,3849,460.04,404.37,1770693.96,1556420.13
E5118,Cody,Bebida,Online,High,7515,602.04,251.86,4524330.6,1892727.9
E5119,Heather,Ropa,Online,Medium,5939,579.65,243.13,3442541.35,1443949.07
E5120,David,Snacks,Online,Critical,3011,641.7,474.05,1932158.7,1427364.55
E5121,Gregory,Material de oficina,Offline,High,5923,596.18,331.75,3531174.14,1964955.25
E5122,Kaitlin,Cosmeticos,Online,Critical,7364,912.64,269.32,6720680.96,1983272.48
E5123,Monica,Ropa,Online,Critical,5022,441.34,400.21,2216409.48,2009854.62
E5124,Gail,Alimento infantil,Online,Medium,4968,747.01,142.01,3711145.68,705505.68
E5125,Duane,Snacks,Online,High,8590,800.45,382.74,6875865.5,3287736.6
E5126,Randy,Frutas,Online,Critical,8813,614.54,259.68,5415941.02,2288559.84
E5127,Brian,Domestico,Online,Low,2495,741.93,466.16,1851115.35,1163069.2
E5128,Brett,Bebida,Offline,Medium,5394,910.6,38.86,4911776.4,209610.84
E5129,Tammy,Bebida,Offline,High,2385,668.95,88.69,1595445.75,211525.65
E5130,Willie,Frutas,Online,Low,6969,425.32,75.16,2964055.08,523790.04
E5131,Curtis,Frutas,Online,Medium,9988,457.08,141.58,4565315.04,1414101.04
E5132,Dustin,Material de oficina,Offline,High,9495,882.01,190.41,8374684.95,1807942.95
E5133,Isaiah,Snacks,Offline,Low,895,401.12,175.73,359002.4,157278.35
E5134,Melinda,Ropa,Online,Low,1943,656.73,447.6,1276026.39,869686.8
E5135,Anthony,Frutas,Online,High,8629,794.11,102.92,6852375.19,888096.68
E5136,David,Ropa,Online,Medium,6085,475.44,250.38,2893052.4,1523562.3
E5137,Kristin,Domestico,Offline,Low,1807,730.56,353.32,1320121.92,638449.24
E5138,Amanda,Domestico,Offline,Low,1787,511.78,73.96,914550.86,132166.52
E5139,Allison,Frutas,Offline,Low,1938,440.12,72.46,852952.56,140427.48
E5140,David,Verduras,Offline,Critical,5255,559.19,167.71,2938543.45,881316.05
E5141,Anthony,Cosmeticos,Offline,Medium,7190,952.74,196.29,6850200.6,1411325.1
E5142,Duane,Material de oficina,Offline,Critical,7904,597.52,356.3,4722798.08,2816195.2
E5143,Johnny,Bebida,Offline,High,4190,622.17,395.58,2606892.3,1657480.2
E5144,Todd,Cereales,Offline,Critical,3904,881.96,191.4,3443171.84,747225.6
E5145,Alyssa,Cuidado personal,Offline,Critical,9003,917.68,56.33,8261873.04,507138.99
E5146,Kimberly,Ropa,Online,Low,5741,870.58,423.21,4997999.78,2429648.61
E5147,Anthony,Snacks,Offline,High,1321,924,493.21,1220604,651530.41
E5148,Gabriel,Carnes,Offline,Medium,5339,769.03,397.88,4105851.17,2124281.32
E5149,John,Cuidado personal,Online,Low,7635,708.85,267.32,5412069.75,2040988.2
E5150,Angela,Carnes,Online,Medium,7109,881.31,29.83,6265232.79,212061.47
E5151,Jennifer,Frutas,Online,High,4799,982.7,160.84,4715977.3,771871.16
E5152,Larry,Snacks,Offline,Low,6988,661.73,52.22,4624169.24,364913.36
E5153,Timothy,Ropa,Online,Critical,8200,659.72,422.37,5409704,3463434
E5154,Natasha,Cereales,Offline,High,707,651.19,81.69,460391.33,57754.83
E5155,William,Frutas,Online,Medium,6133,910.18,310.68,5582133.94,1905400.44
E5156,Whitney,Cereales,Offline,High,1087,579.88,140.81,630329.56,153060.47
E5157,Zachary,Carnes,Offline,Low,6878,800.77,366.67,5507696.06,2521956.26
E5158,Pamela,Cereales,Offline,High,8817,830.89,458.22,7325957.13,4040125.74
E5159,Matthew,Verduras,Online,Low,251,937.76,252.38,235377.76,63347.38
E5160,Jennifer,Material de oficina,Online,Medium,9022,704.15,481.99,6352841.3,4348513.78
E5161,Walter,Frutas,Offline,Critical,3414,470.13,369.49,1605023.82,1261438.86
E5162,Cameron,Frutas,Offline,High,8357,796.36,27.31,6655180.52,228229.67
E5163,Katherine,Material de oficina,Offline,Low,3532,957.59,215.89,3382207.88,762523.48
E5164,Daniel,Carnes,Offline,Low,1209,516.2,206.52,624085.8,249682.68
E5165,William,Cosmeticos,Online,Critical,9650,479.24,134.19,4624666,1294933.5
E5166,Sonia,Domestico,Offline,Critical,3759,647.09,287.1,2432411.31,1079208.9
E5167,Phillip,Cuidado personal,Online,High,4346,668.63,140.49,2905865.98,610569.54
E5168,Joseph,Alimento infantil,Offline,High,7209,515.54,123.16,3716527.86,887860.44
E5169,Jose,Cereales,Offline,High,5402,483.63,402.65,2612569.26,2175115.3
E5170,Timothy,Domestico,Offline,High,1091,416.25,256.75,454128.75,280114.25
E5171,Melanie,Frutas,Online,Critical,3007,891.59,446.33,2681011.13,1342114.31
E5172,William,Frutas,Online,Medium,8044,869.8,176.88,6996671.2,1422822.72
E5173,Gail,Cosmeticos,Offline,High,5343,564.58,361.51,3016550.94,1931547.93
E5174,Nicole,Cereales,Offline,Medium,8441,919.66,62.07,7762850.06,523932.87
E5175,Laurie,Verduras,Offline,High,7117,747.76,403.26,5321807.92,2870001.42
E5176,Jessica,Frutas,Online,Low,945,487.95,252.03,461112.75,238168.35
E5177,Rebekah,Alimento infantil,Offline,Critical,4173,765.29,277.4,3193555.17,1157590.2
E5178,George,Alimento infantil,Online,Critical,5002,483.94,380.7,2420667.88,1904261.4
E5179,Amanda,Verduras,Offline,Low,5737,445.75,227.81,2557267.75,1306945.97
E5180,Anthony,Cuidado personal,Offline,High,6273,767.91,392.76,4817099.43,2463783.48
E5181,Joshua,Ropa,Online,Medium,3421,504.78,263.83,1726852.38,902562.43
E5182,Michelle,Frutas,Online,Medium,4049,667.69,167.14,2703476.81,676749.86
E5183,Mitchell,Alimento infantil,Online,Low,3484,973.25,366.92,3390803,1278349.28
E5184,Patricia,Cuidado personal,Online,Medium,8955,784.74,154.15,7027346.7,1380413.25
E5185,Nicholas,Carnes,Online,Low,9571,874.18,225.81,8366776.78,2161227.51
E5186,David,Bebida,Offline,Medium,2569,604.38,168.71,1552652.22,433415.99
E5187,Keith,Cosmeticos,Online,Medium,4101,658.09,108.47,2698827.09,444835.47
E5188,Darin,Cosmeticos,Offline,Low,5025,797.56,105.4,4007739,529635
E5189,Theresa,Cereales,Offline,Medium,5991,724.36,114.25,4339640.76,684471.75
E5190,Tina,Cuidado personal,Offline,High,2367,501.52,195.98,1187097.84,463884.66
E5191,Rita,Cuidado personal,Offline,High,4669,744.93,38.84,3478078.17,181343.96
E5192,Laurie,Cosmeticos,Offline,Medium,5359,841.98,306.32,4512170.82,1641568.88
E5193,Melissa,Material de oficina,Online,Medium,7506,701.08,282.01,5262306.48,2116767.06
E5194,Scott,Verduras,Offline,Medium,978,480.5,63.82,469929,62415.96
E5195,Amanda,Domestico,Online,Medium,5654,471.08,366.03,2663486.32,2069533.62
E5196,Desiree,Cosmeticos,Online,Critical,1363,482.9,124.7,658192.7,169966.1
E5197,Rebecca,Cereales,Online,Critical,5290,411.09,271.33,2174666.1,1435335.7
E5198,Brian,Cuidado personal,Online,Critical,5625,706.45,464.34,3973781.25,2611912.5
E5199,David,Snacks,Online,Medium,7808,833.25,370.15,6506016,2890131.2
E5200,Veronica,Cosmeticos,Online,Critical,8791,768.5,492.18,6755883.5,4326754.38
E5201,Madison,Cosmeticos,Online,High,2286,514.99,316.56,1177267.14,723656.16
E5202,Jacob,Carnes,Offline,Low,6693,853.27,360.97,5710936.11,2415972.21
E5203,Benjamin,Alimento infantil,Offline,Low,3251,982.19,439.6,3193099.69,1429139.6
E5204,Brian,Verduras,Offline,High,8872,927.31,397.11,8227094.32,3523159.92
E5205,Julie,Material de oficina,Offline,Critical,9011,949.14,143.41,8552700.54,1292267.51
E5206,Joshua,Cereales,Online,Medium,223,462.81,67.1,103206.63,14963.3
E5207,Troy,Material de oficina,Offline,High,3418,932.37,485.86,3186840.66,1660669.48
E5208,Courtney,Domestico,Offline,Critical,2822,867.82,473.23,2448988.04,1335455.06
E5209,Rebekah,Cereales,Online,High,4512,969.43,95.45,4374068.16,430670.4
E5210,Keith,Alimento infantil,Offline,Critical,2481,805.86,197.09,1999338.66,488980.29
E5211,Tammy,Cosmeticos,Online,High,7701,620.16,100.65,4775852.16,775105.65
E5212,George,Cuidado personal,Online,Low,1552,609.28,368.51,945602.56,571927.52
E5213,Steven,Alimento infantil,Online,Low,6285,578.54,5.27,3636123.9,33121.95
E5214,Billy,Cuidado personal,Online,Medium,1903,989.57,110.08,1883151.71,209482.24
E5215,Pamela,Alimento infantil,Online,Critical,8707,447.1,40.7,3892899.7,354374.9
E5216,Kevin,Cosmeticos,Offline,Medium,6484,734.73,37.32,4763989.32,241982.88
E5217,Nicholas,Material de oficina,Offline,Low,2732,850.44,217.22,2323402.08,593445.04
E5218,Gregory,Verduras,Online,Critical,8476,833.14,269.54,7061694.64,2284621.04
E5219,Annette,Cuidado personal,Offline,Medium,6290,985.26,272.7,6197285.4,1715283
E5220,Maria,Carnes,Offline,Low,9602,707.2,228.6,6790534.4,2195017.2
E5221,Barbara,Bebida,Offline,High,7680,969.06,478.06,7442380.8,3671500.8
E5222,Nicholas,Cereales,Online,High,4211,422.84,391.68,1780579.24,1649364.48
E5223,Andrew,Domestico,Offline,Critical,7987,835.71,345.45,6674815.77,2759109.15
E5224,Desiree,Cuidado personal,Offline,Critical,6947,912.1,20.62,6336358.7,143247.14
E5225,Vincent,Frutas,Offline,Medium,3046,403.67,418.53,1229578.82,1274842.38
E5226,Deborah,Cereales,Online,High,3632,982.48,169.59,3568367.36,615950.88
E5227,Kenneth,Frutas,Online,High,7790,808.61,163.96,6299071.9,1277248.4
E5228,Jill,Snacks,Online,High,502,817.49,159.44,410379.98,80038.88
E5229,Michelle,Snacks,Online,Medium,3526,921.23,195.53,3248256.98,689438.78
E5230,Kenneth,Material de oficina,Offline,Medium,9217,711.97,345.49,6562227.49,3184381.33
E5231,Autumn,Domestico,Online,Critical,5744,447.47,374.85,2570267.68,2153138.4
E5232,Melissa,Domestico,Online,Critical,4672,819.74,105.67,3829825.28,493690.24
E5233,Cindy,Bebida,Offline,Critical,7793,520.14,98.32,4053451.02,766207.76
E5234,Adam,Cuidado personal,Offline,High,9279,891.24,353.31,8269815.96,3278363.49
E5235,Nancy,Cosmeticos,Offline,Low,7372,940.74,333.99,6935135.28,2462174.28
E5236,Tina,Cosmeticos,Offline,High,3137,526.52,57.57,1651693.24,180597.09
E5237,Whitney,Cosmeticos,Online,High,6870,543.91,458.3,3736661.7,3148521
E5238,George,Domestico,Online,Low,8727,400.58,72.34,3495861.66,631311.18
E5239,Alexis,Bebida,Online,Critical,1672,614.28,330.18,1027076.16,552060.96
E5240,Sydney,Cosmeticos,Offline,High,9451,556.93,71.13,5263545.43,672249.63
E5241,Anthony,Cuidado personal,Online,Critical,3200,511.27,88.82,1636064,284224
E5242,Jose,Alimento infantil,Offline,Low,2112,840.48,430.66,1775093.76,909553.92
E5243,Michael,Ropa,Offline,Low,2639,464.53,452.75,1225894.67,1194807.25
E5244,Kevin,Verduras,Online,Medium,3030,945.1,484.07,2863653,1466732.1
E5245,Dana,Carnes,Offline,Low,9470,606.08,92.36,5739577.6,874649.2
E5246,Misty,Cosmeticos,Offline,Low,4696,744.02,29.27,3493917.92,137451.92
E5247,Christopher,Snacks,Online,Critical,1579,771.05,246.55,1217487.95,389302.45
E5248,Alexis,Carnes,Offline,Critical,2978,842.75,375.03,2509709.5,1116839.34
E5249,Christopher,Cosmeticos,Online,Low,3752,787.33,483.76,2954062.16,1815067.52
E5250,Melanie,Verduras,Offline,Low,2385,477.9,274.94,1139791.5,655731.9
E5251,George,Cereales,Offline,Low,8462,449.12,93.81,3800453.44,793820.22
E5252,Patrick,Frutas,Online,Critical,115,809.35,16.3,93075.25,1874.5
E5253,Joshua,Cosmeticos,Offline,High,6518,756.55,321.7,4931192.9,2096840.6
E5254,Julie,Alimento infantil,Offline,Low,3138,980.27,223.54,3076087.26,701468.52
E5255,Adam,Domestico,Online,Low,5810,757.19,469.13,4399273.9,2725645.3
E5256,Cameron,Bebida,Offline,High,4042,904.63,368.85,3656514.46,1490891.7
E5257,Andrew,Material de oficina,Online,Medium,9598,994.72,249.7,9547322.56,2396620.6
E5258,Kristen,Domestico,Online,Critical,4207,772.31,23.93,3249108.17,100673.51
E5259,Patricia,Cuidado personal,Online,Low,1653,794.11,378.54,1312663.83,625726.62
E5260,James,Ropa,Online,Low,8321,760.76,88.04,6330283.96,732580.84
E5261,Nicole,Domestico,Offline,Low,6006,439.81,101.24,2641498.86,608047.44
E5262,Andrea,Bebida,Offline,Critical,4598,627.19,386.27,2883819.62,1776069.46
E5263,Frank,Domestico,Offline,Low,5698,439.39,416.92,2503644.22,2375610.16
E5264,Courtney,Snacks,Online,High,6130,785.42,284.87,4814624.6,1746253.1
E5265,Brittany,Ropa,Online,Critical,4658,589.88,465.91,2747661.04,2170208.78
E5266,Joshua,Cosmeticos,Offline,Low,1155,818.92,109.65,945852.6,126645.75
E5267,Chris,Cosmeticos,Online,High,8933,477.17,247.67,4262559.61,2212436.11
E5268,Tony,Domestico,Online,Critical,2790,944.35,236.1,2634736.5,658719
E5269,Kelly,Frutas,Online,Medium,5314,895.19,368.59,4757039.66,1958687.26
E5270,Jake,Frutas,Offline,Low,8927,985.98,298.93,8801843.46,2668548.11
E5271,Taylor,Cuidado personal,Online,Critical,8780,581.27,41.32,5103550.6,362789.6
E5272,William,Snacks,Online,Medium,4016,780.05,300.57,3132680.8,1207089.12
E5273,Richard,Bebida,Offline,Critical,1501,870.92,295.24,1307250.92,443155.24
E5274,Joseph,Ropa,Offline,Low,4380,415.01,340.37,1817743.8,1490820.6
E5275,Tammy,Domestico,Offline,High,158,741.44,65.76,117147.52,10390.08
E5276,Scott,Ropa,Online,Critical,938,416.35,78.23,390536.3,73379.74
E5277,Antonio,Snacks,Online,High,3905,926,13,3616030,50765
E5278,Thomas,Domestico,Offline,High,5787,444.64,117.95,2573131.68,682576.65
E5279,Jennifer,Ropa,Online,Low,6691,893.87,222.53,5980884.17,1488948.23
E5280,Nicholas,Ropa,Online,Medium,3780,408.14,372.35,1542769.2,1407483
E5281,Eric,Cereales,Online,Medium,558,853.04,161.23,475996.32,89966.34
E5282,Jill,Alimento infantil,Offline,Low,3426,603.86,237.68,2068824.36,814291.68
E5283,Melinda,Verduras,Offline,Medium,2697,988.31,134.3,2665472.07,362207.1
E5284,Emily,Cuidado personal,Offline,Low,8375,796.32,4.51,6669180,37771.25
E5285,Steven,Ropa,Online,Low,2568,993.03,276.61,2550101.04,710334.48
E5286,Rebecca,Cereales,Online,Medium,7163,649.4,161.6,4651652.2,1157540.8
E5287,Jane,Alimento infantil,Offline,Critical,7879,773.82,462.08,6096927.78,3640728.32
E5288,Donald,Frutas,Offline,Critical,3225,574.9,468.51,1854052.5,1510944.75
E5289,Melanie,Verduras,Online,Low,5447,764.47,353.25,4164068.09,1924152.75
E5290,Amy,Verduras,Offline,Critical,5060,617.99,301.36,3127029.4,1524881.6
E5291,Nathan,Ropa,Online,Medium,248,905.93,40.06,224670.64,9934.88
E5292,Zachary,Cereales,Offline,High,5152,517.17,484.34,2664459.84,2495319.68
E5293,Veronica,Snacks,Offline,Critical,7419,559.78,491,4153007.82,3642729
E5294,Kim,Carnes,Online,Low,9595,764.05,302.39,7331059.75,2901432.05
E5295,Karen,Carnes,Offline,Medium,9056,524.34,269.74,4748423.04,2442765.44
E5296,Troy,Ropa,Online,Critical,6330,435.23,98.95,2755005.9,626353.5
E5297,Amber,Domestico,Offline,Low,6002,909.3,491.51,5457618.6,2950043.02
E5298,Brandi,Cosmeticos,Offline,Critical,7358,648.02,290.33,4768131.16,2136248.14
E5299,Michael,Cosmeticos,Offline,High,1742,966.61,374.57,1683834.62,652500.94
E5300,Tammy,Domestico,Online,Medium,7089,622.6,311.98,4413611.4,2211626.22
E5301,Sabrina,Verduras,Offline,High,8353,600.53,273.47,5016227.09,2284294.91
E5302,Natasha,Carnes,Online,Medium,9671,881.65,74.74,8526437.15,722810.54
E5303,Kevin,Material de oficina,Offline,Critical,7254,989.7,216.89,7179283.8,1573320.06
E5304,Christina,Frutas,Offline,Low,2381,873.82,112.91,2080565.42,268838.71
E5305,Teresa,Cosmeticos,Offline,Critical,1613,614.93,120.05,991882.09,193640.65
E5306,Ryan,Cereales,Online,Critical,3289,507.26,7.93,1668378.14,26081.77
E5307,Kayla,Cosmeticos,Offline,Critical,2520,861.88,10.62,2171937.6,26762.4
E5308,Dawn,Alimento infantil,Offline,Medium,6107,978.17,342.91,5973684.19,2094151.37
E5309,Melissa,Domestico,Offline,Critical,1077,846.27,469.89,911432.79,506071.53
E5310,Jonathan,Alimento infantil,Online,High,8693,955.31,281.48,8304509.83,2446905.64
E5311,Joseph,Material de oficina,Offline,Low,6945,805.62,415.47,5595030.9,2885439.15
E5312,Randy,Material de oficina,Offline,High,2928,997.54,459,2920797.12,1343952
E5313,James,Ropa,Offline,Low,8945,727.53,375.03,6507755.85,3354643.35
E5314,Laura,Cosmeticos,Online,Low,6781,914.22,373.84,6199325.82,2535009.04
E5315,Joseph,Verduras,Online,Critical,8885,787.47,417.02,6996670.95,3705222.7
E5316,Kyle,Alimento infantil,Offline,Low,5240,812.37,100.16,4256818.8,524838.4
E5317,Amanda,Domestico,Offline,Medium,6423,980.4,351.79,6297109.2,2259547.17
E5318,Jacob,Cosmeticos,Offline,High,4886,410.45,36.01,2005458.7,175944.86
E5319,Michael,Domestico,Online,Critical,3545,878.88,359.99,3115629.6,1276164.55
E5320,Brandon,Carnes,Offline,Medium,4983,995.61,32.17,4961124.63,160303.11
E5321,Melissa,Carnes,Online,High,7280,696.78,249.97,5072558.4,1819781.6
E5322,Alexis,Ropa,Offline,Critical,6434,558.57,207.61,3593839.38,1335762.74
E5323,Troy,Verduras,Offline,High,928,565.49,303.31,524774.72,281471.68
E5324,Kim,Bebida,Online,Low,8682,929.2,442.72,8067314.4,3843695.04
E5325,Brandon,Cereales,Online,High,8918,597.95,444.49,5332518.1,3963961.82
E5326,Chris,Alimento infantil,Online,Medium,2964,613.41,210.88,1818147.24,625048.32
E5327,James,Domestico,Offline,High,3555,993.46,453.2,3531750.3,1611126
E5328,Kimberly,Frutas,Offline,Low,432,809.21,360.3,349578.72,155649.6
E5329,Eric,Domestico,Offline,Critical,9547,741.53,268.43,7079386.91,2562701.21
E5330,Zachary,Cosmeticos,Online,High,2885,525.98,253.06,1517452.3,730078.1
E5331,Hector,Domestico,Online,High,6022,829.78,322.96,4996935.16,1944865.12
E5332,David,Alimento infantil,Offline,Critical,9019,418.92,6.83,3778239.48,61599.77
E5333,Joseph,Snacks,Online,Low,7298,599.47,350.03,4374932.06,2554518.94
E5334,Zachary,Cereales,Online,Critical,3001,858.1,305.16,2575158.1,915785.16
E5335,Steven,Cuidado personal,Online,Low,8630,934.69,144.94,8066374.7,1250832.2
E5336,Eric,Snacks,Offline,Medium,9897,853.27,449.16,8444813.19,4445336.52
E5337,Courtney,Carnes,Offline,Medium,4842,802.66,399.58,3886479.72,1934766.36
E5338,Vincent,Carnes,Offline,Critical,6572,868.25,446.99,5706139,2937618.28
E5339,Crystal,Domestico,Offline,High,7748,459.75,289.67,3562143,2244363.16
E5340,Jessica,Cosmeticos,Online,High,3597,946.08,82.9,3403049.76,298191.3
E5341,Lisa,Material de oficina,Offline,High,6537,738.88,118.74,4830058.56,776203.38
E5342,Teresa,Cosmeticos,Online,Medium,3529,621.39,371.5,2192885.31,1311023.5
E5343,Larry,Ropa,Online,High,1378,739.52,245.73,1019058.56,338615.94
E5344,Donna,Alimento infantil,Online,Medium,6598,775.43,252.79,5116287.14,1667908.42
E5345,Stephanie,Domestico,Online,High,3415,540.43,356.3,1845568.45,1216764.5
E5346,Alan,Cosmeticos,Offline,Critical,4099,785.72,435.43,3220666.28,1784827.57
E5347,Christian,Cereales,Offline,Critical,369,746.92,357.2,275613.48,131806.8
E5348,Samantha,Cereales,Offline,Low,9178,815.47,261.79,7484383.66,2402708.62
E5349,Crystal,Bebida,Online,Medium,4908,887.78,290.88,4357224.24,1427639.04
E5350,Christine,Cereales,Offline,Low,6447,639.83,322.48,4124984.01,2079028.56
E5351,Hannah,Domestico,Online,High,786,663.92,74.45,521841.12,58517.7
E5352,Joseph,Cereales,Online,Medium,1789,415.91,33.06,744062.99,59144.34
E5353,Sabrina,Frutas,Offline,Critical,7785,919.56,397.47,7158774.6,3094303.95
E5354,Rita,Cuidado personal,Offline,Low,2683,989.4,497.85,2654560.2,1335731.55
E5355,Amanda,Cereales,Offline,Medium,6557,492.95,280.21,3232273.15,1837336.97
E5356,Timothy,Material de oficina,Online,Medium,2594,988.39,396.92,2563883.66,1029610.48
E5357,Troy,Carnes,Online,Medium,8523,947.41,344.52,8074775.43,2936343.96
E5358,Ashley,Cuidado personal,Offline,Low,333,599.03,459.36,199476.99,152966.88
E5359,Vicki,Verduras,Online,High,3960,702.07,240.91,2780197.2,954003.6
E5360,Michael,Frutas,Offline,Medium,3499,984.73,115.61,3445570.27,404519.39
E5361,David,Cereales,Online,Critical,6739,717.86,363.94,4837658.54,2452591.66
E5362,James,Frutas,Online,Critical,5205,828.97,71.69,4314788.85,373146.45
E5363,Kaitlyn,Snacks,Online,High,904,556.44,447.55,503021.76,404585.2
E5364,Logan,Domestico,Offline,Critical,8547,996.31,424.85,8515461.57,3631192.95
E5365,Andrea,Cereales,Online,Medium,4752,763.06,458.37,3626061.12,2178174.24
E5366,Jonathan,Frutas,Offline,Critical,8285,486.5,249.36,4030652.5,2065947.6
E5367,John,Alimento infantil,Online,Critical,4708,408.39,498.27,1922700.12,2345855.16
E5368,Annette,Cosmeticos,Offline,High,9454,996.97,220.47,9425354.38,2084323.38
E5369,Sonya,Cuidado personal,Offline,High,1422,708.35,119.27,1007273.7,169601.94
E5370,Kevin,Ropa,Online,High,1579,795.53,18.27,1256141.87,28848.33
E5371,George,Verduras,Offline,Critical,7196,751.6,312.82,5408513.6,2251052.72
E5372,Matthew,Carnes,Online,Medium,4024,485.61,380.81,1954094.64,1532379.44
E5373,Brandi,Ropa,Offline,Medium,4263,863.42,134.46,3680759.46,573202.98
E5374,Hunter,Cereales,Online,Low,3746,871.85,3.94,3265950.1,14759.24
E5375,Michelle,Carnes,Online,Critical,666,896.24,473.31,596895.84,315224.46
E5376,Melissa,Alimento infantil,Offline,High,3847,594.35,102.52,2286464.45,394394.44
E5377,Hunter,Carnes,Online,Medium,1656,707.84,381.06,1172183.04,631035.36
E5378,Tony,Cosmeticos,Offline,Low,1100,519.74,135.44,571714,148984
E5379,Michael,Carnes,Offline,Critical,1704,828.32,76.58,1411457.28,130492.32
E5380,Susan,Alimento infantil,Online,Low,6460,975.38,124.83,6300954.8,806401.8
E5381,Michael,Carnes,Online,Low,6851,427.01,146.5,2925445.51,1003671.5
E5382,James,Bebida,Offline,Critical,3948,686.48,134.09,2710223.04,529387.32
E5383,Rachel,Snacks,Online,Low,6249,528.4,379.28,3301971.6,2370120.72
E5384,William,Verduras,Online,Critical,7170,682.42,46.96,4892951.4,336703.2
E5385,Marc,Frutas,Online,High,3031,850.16,248.47,2576834.96,753112.57
E5386,Julie,Cuidado personal,Offline,Critical,2454,491.89,166.44,1207098.06,408443.76
E5387,Bianca,Cuidado personal,Online,Medium,8687,620.56,132.2,5390804.72,1148421.4
E5388,Daniel,Ropa,Online,Low,4591,730.51,374.63,3353771.41,1719926.33
E5389,Joshua,Carnes,Offline,Low,6044,732.43,22.62,4426806.92,136715.28
E5390,Dustin,Snacks,Online,Critical,5312,739.56,108.36,3928542.72,575608.32
E5391,Matthew,Snacks,Offline,Medium,5113,811.98,66.16,4151653.74,338276.08
E5392,Patrick,Alimento infantil,Online,Critical,1285,711.1,335.5,913763.5,431117.5
E5393,Eric,Snacks,Online,High,4853,522.95,95.72,2537876.35,464529.16
E5394,Kenneth,Ropa,Online,Medium,143,436.87,28.59,62472.41,4088.37
E5395,Brenda,Verduras,Online,Low,8839,550.95,33.81,4869847.05,298846.59
E5396,Joseph,Snacks,Offline,Critical,5527,674.79,220.15,3729564.33,1216769.05
E5397,Johnny,Carnes,Online,Medium,7533,730.18,35.19,5500445.94,265086.27
E5398,Jessica,Frutas,Online,Critical,6299,881.46,433.19,5552316.54,2728663.81
E5399,Susan,Material de oficina,Offline,Low,2594,553.55,6.29,1435908.7,16316.26
E5400,Donald,Snacks,Online,Medium,2767,413.43,320.98,1143960.81,888151.66
E5401,Willie,Cosmeticos,Online,High,9519,754.92,369.73,7186083.48,3519459.87
E5402,Nicole,Verduras,Online,Medium,5867,814.13,222.87,4776500.71,1307578.29
E5403,Morgan,Material de oficina,Offline,High,1344,470.44,289.47,632271.36,389047.68
E5404,Zachary,Alimento infantil,Offline,High,1805,564.01,405.26,1018038.05,731494.3
E5405,Megan,Cuidado personal,Online,Low,130,591.33,464.42,76872.9,60374.6
E5406,Michael,Cuidado personal,Offline,Low,8479,845.43,120.68,7168400.97,1023245.72
E5407,David,Bebida,Offline,Medium,5215,731.58,155.82,3815189.7,812601.3
E5408,Kimberly,Verduras,Online,Critical,8735,545.41,46.26,4764156.35,404081.1
E5409,Lisa,Cosmeticos,Offline,Low,7095,905.85,335.08,6427005.75,2377392.6
E5410,Michael,Bebida,Online,Low,1407,631.39,432.67,888365.73,608766.69
E5411,Stuart,Bebida,Offline,Low,696,696.07,491.56,484464.72,342125.76
E5412,Daniel,Ropa,Offline,Low,6369,420.06,151.11,2675362.14,962419.59
E5413,Melissa,Bebida,Online,Low,6892,422.29,174.75,2910422.68,1204377
E5414,Bruce,Bebida,Offline,Critical,816,565.41,161.69,461374.56,131939.04
E5415,Jessica,Frutas,Online,Critical,1085,891.03,343.75,966767.55,372968.75
E5416,Jill,Bebida,Online,Low,3092,582.35,102.47,1800626.2,316837.24
E5417,Jennifer,Ropa,Offline,Medium,6481,793.64,28.94,5143580.84,187560.14
E5418,Jared,Cosmeticos,Offline,High,200,833.52,188.9,166704,37780
E5419,Larry,Cosmeticos,Offline,Medium,4952,861.8,79.68,4267633.6,394575.36
E5420,Phillip,Verduras,Online,Medium,6962,843.87,419.94,5875022.94,2923622.28
E5421,Brenda,Snacks,Online,Low,9785,808.53,147.42,7911466.05,1442504.7
E5422,Cindy,Bebida,Offline,High,388,798.6,447.93,309856.8,173796.84
E5423,Susan,Bebida,Offline,Critical,1802,703.3,473,1267346.6,852346
E5424,Tammy,Carnes,Online,Low,7344,462.02,234.81,3393074.88,1724444.64
E5425,Donald,Snacks,Offline,High,4390,923.94,392.26,4056096.6,1722021.4
E5426,Megan,Cuidado personal,Online,Critical,5596,749.02,393.99,4191515.92,2204768.04
E5427,Joshua,Domestico,Online,High,3364,806.35,417.13,2712561.4,1403225.32
E5428,Stephen,Cosmeticos,Online,High,8474,499.08,460.58,4229203.92,3902954.92
E5429,Mark,Domestico,Offline,High,1835,595.77,305.88,1093237.95,561289.8
E5430,Kimberly,Cereales,Online,Medium,6321,549.15,44.62,3471177.15,282043.02
E5431,Christopher,Snacks,Offline,Low,2297,742.74,235.05,1706073.78,539909.85
E5432,Christina,Verduras,Online,Low,5216,487.52,214.39,2542904.32,1118258.24
E5433,Mason,Carnes,Offline,Medium,4645,904.28,267.09,4200380.6,1240633.05
E5434,Brenda,Material de oficina,Offline,Low,1289,658.39,351.26,848664.71,452774.14
E5435,Melanie,Alimento infantil,Offline,Medium,491,562.67,281.94,276270.97,138432.54
E5436,Benjamin,Domestico,Online,Medium,6922,460.58,209.1,3188134.76,1447390.2
E5437,Melanie,Frutas,Offline,Critical,6471,493.06,362.22,3190591.26,2343925.62
E5438,Katherine,Bebida,Offline,Critical,8154,975.6,10.9,7955042.4,88878.6
E5439,Jacob,Cuidado personal,Offline,Medium,9040,857.13,85.9,7748455.2,776536
E5440,James,Verduras,Offline,Medium,9018,866.97,293.77,7818335.46,2649217.86
E5441,Cory,Ropa,Online,Critical,4816,985.52,184.11,4746264.32,886673.76
E5442,Christopher,Ropa,Offline,Medium,5333,724.7,355,3864825.1,1893215
E5443,Kim,Cuidado personal,Offline,Low,7810,436.69,314.57,3410548.9,2456791.7
E5444,Brandi,Material de oficina,Online,High,3718,945.94,29.96,3517004.92,111391.28
E5445,Katherine,Cosmeticos,Offline,Critical,2516,435.08,47.65,1094661.28,119887.4
E5446,Craig,Ropa,Offline,Critical,1347,514.26,482.99,692708.22,650587.53
E5447,Matthew,Frutas,Offline,Medium,7154,477.39,154.99,3415248.06,1108798.46
E5448,George,Snacks,Online,Low,5820,599.66,24.44,3490021.2,142240.8
E5449,Ashley,Ropa,Online,Critical,1017,752.7,15.5,765495.9,15763.5
E5450,Kevin,Bebida,Offline,Medium,3011,464.62,364.01,1398970.82,1096034.11
E5451,Autumn,Snacks,Online,Medium,4586,882.98,75.87,4049346.28,347939.82
E5452,Christina,Ropa,Offline,High,2604,465.64,460.52,1212526.56,1199194.08
E5453,Lori,Bebida,Offline,Low,3564,457.65,318.09,1631064.6,1133672.76
E5454,Pamela,Snacks,Offline,Critical,8698,909.75,106.59,7913005.5,927119.82
E5455,Julie,Domestico,Online,Low,9475,708.55,194.06,6713511.25,1838718.5
E5456,Audrey,Bebida,Online,Medium,3295,540.27,49.24,1780189.65,162245.8
E5457,Valerie,Ropa,Offline,Medium,5777,550.05,239.9,3177638.85,1385902.3
E5458,Adam,Cuidado personal,Online,Low,4459,821.34,279.21,3662355.06,1244997.39
E5459,Christina,Frutas,Online,Low,4265,758.75,422.64,3236068.75,1802559.6
E5460,Harry,Verduras,Offline,Critical,329,848.92,163.18,279294.68,53686.22
E5461,Nicole,Cuidado personal,Offline,Critical,7651,955.92,60.32,7313743.92,461508.32
E5462,Vincent,Cosmeticos,Online,Critical,1349,481.18,443.85,649111.82,598753.65
E5463,Julie,Domestico,Online,Critical,1208,805.38,446.23,972899.04,539045.84
E5464,Steven,Verduras,Online,Low,350,887.21,415.73,310523.5,145505.5
E5465,Karla,Carnes,Online,Low,7703,478.9,257.39,3688966.7,1982675.17
E5466,Christine,Bebida,Offline,Low,2910,632.42,492.64,1840342.2,1433582.4
E5467,Laura,Cosmeticos,Online,Medium,8551,871.94,155.69,7455958.94,1331305.19
E5468,Mary,Cuidado personal,Offline,Low,6241,996.74,454.8,6220654.34,2838406.8
E5469,Jacob,Ropa,Offline,Medium,492,737.58,470.88,362889.36,231672.96
E5470,Joseph,Domestico,Online,Medium,2867,709.24,412.28,2033391.08,1182006.76
E5471,Cody,Carnes,Online,Medium,4095,949.2,137.88,3886974,564618.6
E5472,Thomas,Domestico,Offline,Low,518,906.35,282.39,469489.3,146278.02
E5473,John,Cosmeticos,Offline,Medium,5769,436.15,187.32,2516149.35,1080649.08
E5474,Laura,Alimento infantil,Online,Low,598,446.13,22.5,266785.74,13455
E5475,James,Verduras,Online,High,7073,498.65,150.98,3526951.45,1067881.54
E5476,Mary,Frutas,Offline,Low,7206,524.01,322.14,3776016.06,2321340.84
E5477,Barbara,Domestico,Online,High,7382,985.3,370.53,7273484.6,2735252.46
E5478,Sean,Cereales,Online,High,1644,413.74,329.43,680188.56,541582.92
E5479,Eric,Material de oficina,Offline,Low,4238,651.44,44.47,2760802.72,188463.86
E5480,Patricia,Verduras,Online,High,8961,747.24,374.33,6696017.64,3354371.13
E5481,Timothy,Domestico,Online,Medium,5667,628.55,8.17,3561992.85,46299.39
E5482,Timothy,Material de oficina,Offline,Medium,3933,988.06,130.37,3886039.98,512745.21
E5483,Chad,Snacks,Offline,Medium,3743,774.76,403.84,2899926.68,1511573.12
E5484,Lindsay,Cereales,Online,Critical,3363,633.73,380.09,2131233.99,1278242.67
E5485,Benjamin,Cuidado personal,Offline,High,2099,678.36,240.2,1423877.64,504179.8
E5486,Tony,Carnes,Offline,Critical,8285,547.2,420.01,4533552,3479782.85
E5487,Kim,Alimento infantil,Online,Medium,1420,532.62,444.96,756320.4,631843.2
E5488,Michael,Ropa,Online,Low,4273,835.46,414.56,3569920.58,1771414.88
E5489,Cameron,Material de oficina,Offline,Medium,7556,878.49,279.89,6637870.44,2114848.84
E5490,Sonia,Cuidado personal,Offline,Low,9519,989.69,411.13,9420859.11,3913546.47
E5491,Isaiah,Cereales,Online,Critical,5290,632.55,166.4,3346189.5,880256
E5492,Brandon,Cuidado personal,Offline,Low,5946,584.15,64.31,3473355.9,382387.26
E5493,Jose,Carnes,Online,Low,4285,575.77,112.95,2467174.45,483990.75
E5494,Amanda,Cuidado personal,Online,High,1181,584.06,83.54,689774.86,98660.74
E5495,Kelly,Ropa,Online,Low,2896,635.46,374.44,1840292.16,1084378.24
E5496,Scott,Material de oficina,Offline,Critical,9322,501.75,436.46,4677313.5,4068680.12
E5497,Amanda,Frutas,Offline,High,9150,880.37,148.48,8055385.5,1358592
E5498,Donna,Frutas,Online,High,2817,413.55,117.23,1164970.35,330236.91
E5499,Timothy,Frutas,Offline,Low,4895,691.51,339.68,3384941.45,1662733.6
E5500,Mason,Cereales,Online,Low,9586,796.81,161.48,7638220.66,1547947.28
E5501,Christina,Ropa,Online,Critical,3012,785.25,326.41,2365173,983146.92
E5502,Ashley,Domestico,Online,Low,2665,587.96,430.99,1566913.4,1148588.35
E5503,Paul,Carnes,Online,Low,194,519.63,341.98,100808.22,66344.12
E5504,Daniel,Carnes,Offline,Low,3047,803.68,37.88,2448812.96,115420.36
E5505,Brian,Cosmeticos,Online,Low,8417,914.92,108.69,7700881.64,914843.73
E5506,Crystal,Domestico,Online,Medium,9092,742.27,374.35,6748718.84,3403590.2
E5507,Alex,Snacks,Online,Low,1283,783.78,8.52,1005589.74,10931.16
E5508,Barbara,Cereales,Online,Critical,5941,605.3,71.84,3596087.3,426801.44
E5509,Alicia,Bebida,Online,High,3065,767.63,412.86,2352785.95,1265415.9
E5510,Cindy,Cosmeticos,Offline,Low,879,404.44,159.51,355502.76,140209.29
E5511,Alisha,Alimento infantil,Online,High,8439,857.22,70.56,7234079.58,595455.84
E5512,Kelly,Frutas,Online,Low,9709,951.13,165.99,9234521.17,1611596.91
E5513,Katherine,Domestico,Online,High,5903,981.1,429.49,5791433.3,2535279.47
E5514,Eric,Alimento infantil,Online,Low,2372,496.92,12.72,1178694.24,30171.84
E5515,Veronica,Ropa,Offline,Low,1913,784.01,87.79,1499811.13,167942.27
E5516,Steven,Cuidado personal,Offline,High,7316,661.16,155.79,4837046.56,1139759.64
E5517,Chad,Ropa,Offline,Low,6530,538.63,42.26,3517253.9,275957.8
E5518,Alyssa,Carnes,Offline,Critical,9070,491.29,405.87,4456000.3,3681240.9
E5519,Donald,Ropa,Offline,Critical,158,970.62,392.19,153357.96,61966.02
E5520,Brian,Cereales,Offline,Critical,2069,694.61,237.21,1437148.09,490787.49
E5521,Tiffany,Material de oficina,Online,Low,2687,451.38,27.59,1212858.06,74134.33
E5522,Jonathan,Ropa,Online,High,6933,819.39,254.52,5680830.87,1764587.16
E5523,Lisa,Domestico,Offline,Medium,7146,693.79,429.33,4957823.34,3067992.18
E5524,Steven,Cuidado personal,Online,Critical,2823,679.65,408.33,1918651.95,1152715.59
E5525,Melanie,Carnes,Offline,High,5574,971.14,101.64,5413134.36,566541.36
E5526,Nancy,Domestico,Online,Low,845,473.27,254.25,399913.15,214841.25
E5527,Michael,Bebida,Offline,High,5467,430.2,197.19,2351903.4,1078037.73
E5528,Joseph,Frutas,Offline,High,1034,961.82,18.82,994521.88,19459.88
E5529,Marc,Verduras,Online,Critical,7918,749.22,48.77,5932323.96,386160.86
E5530,Willie,Verduras,Offline,Low,3835,948.9,50.86,3639031.5,195048.1
E5531,Edward,Carnes,Online,High,2326,947.03,113.15,2202791.78,263186.9
E5532,Sara,Ropa,Offline,Medium,4663,843.95,419.77,3935338.85,1957387.51
E5533,Adam,Bebida,Offline,High,9932,942.2,110.7,9357930.4,1099472.4
E5534,Joshua,Cosmeticos,Online,High,1138,742.97,356.93,845499.86,406186.34
E5535,Nicole,Domestico,Offline,High,3895,847.88,292.87,3302492.6,1140728.65
E5536,Willie,Domestico,Online,High,9943,849,57.04,8441607,567148.72
E5537,Troy,Domestico,Online,High,4938,450.36,376.43,2223877.68,1858811.34
E5538,Katherine,Domestico,Offline,Critical,4009,603.4,352.92,2419030.6,1414856.28
E5539,Misty,Cosmeticos,Online,High,987,454.55,286.59,448640.85,282864.33
E5540,Courtney,Ropa,Offline,High,4147,586.88,420.47,2433791.36,1743689.09
E5541,Tyler,Ropa,Offline,High,2865,614.02,412.51,1759167.3,1181841.15
E5542,Timothy,Material de oficina,Online,Medium,6086,983.83,332.5,5987589.38,2023595
E5543,Larry,Cosmeticos,Online,Medium,850,620.46,226.85,527391,192822.5
E5544,Zachary,Frutas,Online,Low,2858,773,143.89,2209234,411237.62
E5545,Angela,Frutas,Offline,Critical,8068,553.34,210.94,4464347.12,1701863.92
E5546,Thomas,Alimento infantil,Online,Low,4205,775.52,148.25,3261061.6,623391.25
E5547,Mary,Carnes,Online,Critical,9936,484.2,117.08,4811011.2,1163306.88
E5548,Tami,Alimento infantil,Offline,Low,6611,457.52,494.78,3024664.72,3270990.58
E5549,Carla,Carnes,Offline,Medium,2589,518.75,29.17,1343043.75,75521.13
E5550,Gina,Carnes,Offline,High,4027,730.46,408.51,2941562.42,1645069.77
E5551,Eric,Carnes,Online,Critical,9293,484.79,109.28,4505153.47,1015539.04
E5552,Stephanie,Bebida,Offline,Low,3874,865.35,440.05,3352365.9,1704753.7
E5553,Ryan,Domestico,Online,Medium,8387,687.25,333.52,5763965.75,2797232.24
E5554,Jake,Verduras,Online,High,4715,785.22,421.39,3702312.3,1986853.85
E5555,Craig,Frutas,Offline,High,4944,502.77,351.27,2485694.88,1736678.88
E5556,Tami,Domestico,Offline,Medium,874,720.31,274.21,629550.94,239659.54
E5557,Richard,Carnes,Online,Low,3900,797.23,41.58,3109197,162162
E5558,Gail,Verduras,Online,Low,7994,413.47,60.03,3305279.18,479879.82
E5559,Justin,Bebida,Online,Medium,6538,492.79,331.66,3221861.02,2168393.08
E5560,David,Cereales,Online,High,5912,445.57,492.78,2634209.84,2913315.36
E5561,Joseph,Bebida,Online,Medium,4308,956.58,118.86,4120946.64,512048.88
E5562,Alyssa,Cosmeticos,Online,Critical,3548,992.4,2.6,3521035.2,9224.8
E5563,Melanie,Verduras,Online,High,9866,629.99,436.66,6215481.34,4308087.56
E5564,Kayla,Domestico,Online,Medium,9668,864.18,63.59,8354892.24,614788.12
E5565,Richard,Snacks,Offline,High,9797,791.61,76.85,7755403.17,752899.45
E5566,Heather,Alimento infantil,Online,Low,4458,546.14,475.57,2434692.12,2120091.06
E5567,Dawn,Snacks,Online,Critical,2629,557.35,268.15,1465273.15,704966.35
E5568,Jacqueline,Verduras,Online,Critical,9310,419.62,17.67,3906662.2,164507.7
E5569,Dustin,Material de oficina,Offline,Low,5938,774.45,374.82,4598684.1,2225681.16
E5570,Elizabeth,Frutas,Offline,Medium,8694,903.76,402.1,7857289.44,3495857.4
E5571,James,Cosmeticos,Online,Medium,413,708.9,138.72,292775.7,57291.36
E5572,Frank,Cosmeticos,Online,Medium,3230,466.62,32.44,1507182.6,104781.2
E5573,Crystal,Bebida,Online,Medium,3782,992.12,285.13,3752197.84,1078361.66
E5574,Jose,Bebida,Online,Low,530,463.91,426.4,245872.3,225992
E5575,Jonathan,Ropa,Online,Medium,8664,617.38,126.48,5348980.32,1095822.72
E5576,Emily,Cereales,Online,High,6831,856.46,120.86,5850478.26,825594.66
E5577,Mary,Material de oficina,Online,Critical,4272,627.47,467.45,2680551.84,1996946.4
E5578,Natasha,Ropa,Offline,Critical,1673,832.28,119.87,1392404.44,200542.51
E5579,Michael,Verduras,Online,Critical,4810,536.05,34.54,2578400.5,166137.4
E5580,Steve,Verduras,Online,Medium,9219,530.99,407.35,4895196.81,3755359.65
E5581,Douglas,Frutas,Online,High,6841,929.34,417.5,6357614.94,2856117.5
E5582,Jonathan,Carnes,Offline,Medium,4127,568.1,436,2344548.7,1799372
E5583,Lisa,Cosmeticos,Offline,Medium,2197,439.14,348.89,964790.58,766511.33
E5584,Monica,Snacks,Offline,Medium,9779,409.38,191.13,4003327.02,1869060.27
E5585,Troy,Material de oficina,Online,High,866,469.23,430.08,406353.18,372449.28
E5586,Dorothy,Cuidado personal,Offline,Critical,8543,526.35,177.07,4496608.05,1512709.01
E5587,Brandi,Bebida,Offline,Medium,5331,568.73,202.09,3031899.63,1077341.79
E5588,Dustin,Cereales,Online,High,433,581.12,276.16,251624.96,119577.28
E5589,Douglas,Alimento infantil,Online,Low,5550,584.15,433.92,3242032.5,2408256
E5590,Desiree,Frutas,Online,Low,1037,450.11,30.59,466764.07,31721.83
E5591,Matthew,Cuidado personal,Online,Medium,4562,548.75,79.01,2503397.5,360443.62
E5592,John,Ropa,Offline,High,8474,784.67,69.25,6649293.58,586824.5
E5593,Johnny,Cuidado personal,Offline,Medium,8219,700.8,319.61,5759875.2,2626874.59
E5594,Amanda,Cereales,Online,Medium,1833,924.08,10,1693838.64,18330
E5595,Laura,Verduras,Online,Critical,5581,416.64,95.81,2325267.84,534715.61
E5596,Jacob,Alimento infantil,Online,Low,9677,908.22,353.64,8788844.94,3422174.28
E5597,Jacob,Cereales,Offline,Low,554,601.15,377.97,333037.1,209395.38
E5598,Joshua,Domestico,Offline,Low,5260,944.1,476.86,4965966,2508283.6
E5599,Sara,Ropa,Online,Low,2031,482.72,337.42,980404.32,685300.02
E5600,Nancy,Domestico,Online,Critical,9227,479.75,288.7,4426653.25,2663834.9
E5601,Tyrone,Snacks,Online,High,2152,686.58,348.3,1477520.16,749541.6
E5602,Audrey,Verduras,Offline,Critical,3563,684.08,225.51,2437377.04,803492.13
E5603,Amber,Bebida,Offline,High,7745,964.51,185.42,7470129.95,1436077.9
E5604,Patricia,Alimento infantil,Offline,High,8099,476,106.96,3855124,866269.04
E5605,Lisa,Material de oficina,Online,High,2891,431.79,92.9,1248304.89,268573.9
E5606,Willie,Domestico,Offline,Critical,1816,583.16,389.22,1059018.56,706823.52
E5607,Lisa,Carnes,Offline,High,1072,679.36,140.71,728273.92,150841.12
E5608,Nicole,Alimento infantil,Offline,Critical,951,773.15,163.32,735265.65,155317.32
E5609,Stephanie,Domestico,Offline,Low,8018,789.65,273.53,6331413.7,2193163.54
E5610,Anthony,Verduras,Offline,Critical,4247,766.93,341.95,3257151.71,1452261.65
E5611,Angela,Cuidado personal,Online,Critical,4833,840.88,439.35,4063973.04,2123378.55
E5612,Mark,Ropa,Offline,Medium,4313,710.37,297.49,3063825.81,1283074.37
E5613,George,Frutas,Online,Low,7809,669.48,128.25,5227969.32,1001504.25
E5614,Bobby,Cuidado personal,Online,Low,9478,510.12,57.54,4834917.36,545364.12
E5615,Joshua,Alimento infantil,Online,High,3892,641.3,84.45,2495939.6,328679.4
E5616,Amanda,Domestico,Online,High,9406,754.4,58.05,7095886.4,546018.3
E5617,Emily,Cosmeticos,Online,Low,1856,788.13,133.42,1462769.28,247627.52
E5618,Courtney,Snacks,Online,Low,1275,583.13,364.75,743490.75,465056.25
E5619,Sonya,Bebida,Offline,High,7827,438.12,295.21,3429165.24,2310608.67
E5620,George,Cereales,Online,Low,2145,608.25,253.72,1304696.25,544229.4
E5621,Sean,Domestico,Offline,High,8036,911.57,113.68,7325376.52,913532.48
E5622,Jacob,Frutas,Online,Critical,4219,813.91,10.09,3433886.29,42569.71
E5623,Nicholas,Domestico,Offline,Medium,261,870.97,225.41,227323.17,58832.01
E5624,Laura,Frutas,Offline,High,584,770.26,222.97,449831.84,130214.48
E5625,Laurie,Domestico,Offline,Medium,3383,627.81,38.66,2123881.23,130786.78
E5626,Adam,Domestico,Offline,Medium,4297,500.57,344.04,2150949.29,1478339.88
E5627,Ricky,Snacks,Online,Low,5941,667.89,211.16,3967934.49,1254501.56
E5628,Teresa,Cereales,Offline,High,6563,641.32,30.89,4208983.16,202731.07
E5629,Joshua,Cuidado personal,Offline,Critical,8748,530.44,368.26,4640289.12,3221538.48
E5630,Nancy,Domestico,Online,Low,8359,646.12,281.24,5400917.08,2350885.16
E5631,Christina,Cosmeticos,Online,Low,4639,415.75,402.41,1928664.25,1866779.99
E5632,Lisa,Alimento infantil,Online,Medium,8782,424,110.99,3723568,974714.18
E5633,Melissa,Ropa,Offline,Medium,6590,467.8,55.78,3082802,367590.2
E5634,Julian,Cereales,Offline,Critical,5499,463.47,464.22,2548621.53,2552745.78
E5635,Rebecca,Snacks,Offline,Low,8075,917.28,402.77,7407036,3252367.75
E5636,Laura,Material de oficina,Offline,Critical,3509,698.96,155.19,2452650.64,544561.71
E5637,Christina,Cosmeticos,Online,High,7945,428.59,303.83,3405147.55,2413929.35
E5638,Amber,Bebida,Online,High,4913,968.34,282.87,4757454.42,1389740.31
E5639,Harry,Cosmeticos,Online,High,4656,613.35,102.25,2855757.6,476076
E5640,Jeffrey,Ropa,Online,Critical,9911,510.22,48.57,5056790.42,481377.27
E5641,James,Cuidado personal,Offline,Low,6299,427.24,180.34,2691184.76,1135961.66
E5642,David,Bebida,Offline,Critical,6733,439.56,325.61,2959557.48,2192332.13
E5643,Jacob,Cosmeticos,Offline,Critical,6277,929.73,121.29,5835915.21,761337.33
E5644,Sarah,Cosmeticos,Offline,Medium,180,872.17,308.71,156990.6,55567.8
E5645,Dorothy,Carnes,Online,Critical,7349,689.67,232.63,5068384.83,1709597.87
E5646,Connor,Material de oficina,Online,Critical,2313,885.64,463.43,2048485.32,1071913.59
E5647,Misty,Domestico,Offline,High,3690,404.92,101.82,1494154.8,375715.8
E5648,Jacob,Alimento infantil,Online,Low,6551,568.89,247.66,3726798.39,1622420.66
E5649,Nancy,Alimento infantil,Online,Medium,6300,477.02,164.35,3005226,1035405
E5650,Timothy,Domestico,Offline,Medium,1051,819.12,408.79,860895.12,429638.29
E5651,William,Frutas,Online,Critical,4887,958.23,467.82,4682870.01,2286236.34
E5652,Justin,Domestico,Online,High,7799,834.26,273.61,6506393.74,2133884.39
E5653,Crystal,Material de oficina,Offline,Critical,4414,541.05,50.92,2388194.7,224760.88
E5654,Stephanie,Cosmeticos,Online,High,1796,829.92,93.28,1490536.32,167530.88
E5655,Bryan,Carnes,Offline,High,2524,482.84,330.77,1218688.16,834863.48
E5656,Alyssa,Cereales,Offline,Critical,209,857.61,128.43,179240.49,26841.87
E5657,Teresa,Bebida,Offline,Critical,9247,451.34,12.49,4173540.98,115495.03
E5658,Sara,Verduras,Offline,Low,1830,582.42,448.84,1065828.6,821377.2
E5659,Ashley,Snacks,Offline,Medium,9000,527.11,335.7,4743990,3021300
E5660,Nicole,Domestico,Offline,Medium,125,643.36,17.42,80420,2177.5
E5661,Morgan,Alimento infantil,Online,Medium,3261,985.16,157.08,3212606.76,512237.88
E5662,Audrey,Cuidado personal,Offline,Medium,7249,444.55,99.46,3222542.95,720985.54
E5663,Holly,Ropa,Online,Critical,8566,989.92,419.74,8479654.72,3595492.84
E5664,Cathy,Cereales,Online,Low,9835,842.45,167.72,8285495.75,1649526.2
E5665,Jessica,Verduras,Offline,Medium,3552,772.25,270.32,2743032,960176.64
E5666,Gregory,Cereales,Online,Low,8309,798.02,266.99,6630748.18,2218419.91
E5667,Billy,Cuidado personal,Online,High,2620,584.13,172.49,1530420.6,451923.8
E5668,Tyler,Domestico,Online,Critical,5925,584.13,319.88,3460970.25,1895289
E5669,Joshua,Cuidado personal,Offline,Critical,2275,925.71,93.34,2105990.25,212348.5
E5670,Brenda,Alimento infantil,Online,Medium,8840,748.75,280.76,6618950,2481918.4
E5671,Amanda,Cereales,Online,Low,9694,423.76,476.61,4107929.44,4620257.34
E5672,Logan,Frutas,Offline,Low,4720,468.57,134.42,2211650.4,634462.4
E5673,Phillip,Frutas,Online,High,177,761.57,488.11,134797.89,86395.47
E5674,Justin,Domestico,Online,Low,5115,715.7,265.73,3660805.5,1359208.95
E5675,Kevin,Frutas,Offline,Medium,3638,829.83,246.02,3018921.54,895020.76
E5676,Audrey,Domestico,Online,Critical,9616,597.97,490.46,5750079.52,4716263.36
E5677,Douglas,Ropa,Offline,Critical,4147,440.7,244.65,1827582.9,1014563.55
E5678,Austin,Snacks,Offline,Medium,6080,465.86,351.94,2832428.8,2139795.2
E5679,Brian,Bebida,Offline,High,2016,621.67,361.53,1253286.72,728844.48
E5680,Morgan,Domestico,Online,Low,6688,726.55,435.01,4859166.4,2909346.88
E5681,Randy,Verduras,Online,Low,398,671.74,457.72,267352.52,182172.56
E5682,Patricia,Carnes,Online,Medium,2340,543.69,173.86,1272234.6,406832.4
E5683,John,Ropa,Online,Medium,6586,435.96,314.51,2871232.56,2071362.86
E5684,Lindsay,Cereales,Offline,High,5483,518.16,468.64,2841071.28,2569553.12
E5685,Mark,Cosmeticos,Offline,Critical,8015,470.34,19.98,3769775.1,160139.7
E5686,Stephanie,Cosmeticos,Online,High,7327,787.66,417.18,5771184.82,3056677.86
E5687,Ethan,Ropa,Online,Low,6218,960.53,402.48,5972575.54,2502620.64
E5688,Pamela,Cereales,Online,Critical,2269,708.95,156.09,1608607.55,354168.21
E5689,Rebecca,Snacks,Online,Low,7154,406.27,56.16,2906455.58,401768.64
E5690,David,Carnes,Online,Medium,6960,641,151.49,4461360,1054370.4
E5691,Jonathan,Bebida,Online,Medium,9285,478.01,70.6,4438322.85,655521
E5692,Lindsay,Cuidado personal,Online,High,4845,641.52,266.71,3108164.4,1292209.95
E5693,Kyle,Cereales,Offline,High,9257,506.47,255.76,4688392.79,2367570.32
E5694,Brenda,Snacks,Offline,Critical,940,903.48,37.25,849271.2,35015
E5695,Justin,Carnes,Offline,Medium,3655,603.01,361.25,2204001.55,1320368.75
E5696,Michael,Material de oficina,Offline,Low,1716,705.18,470.08,1210088.88,806657.28
E5697,James,Ropa,Offline,High,7101,832.07,355.03,5908529.07,2521068.03
E5698,Emily,Bebida,Offline,High,3316,571.08,437.79,1893701.28,1451711.64
E5699,Elizabeth,Verduras,Offline,High,6659,625.42,246.11,4164671.78,1638846.49
E5700,Gail,Cosmeticos,Online,Low,7798,747.87,325.33,5831890.26,2536923.34
E5701,Christopher,Cereales,Online,Critical,8672,523.69,465.05,4541439.68,4032913.6
E5702,Steve,Ropa,Online,Low,1238,441.44,242.97,546502.72,300796.86
E5703,Carla,Domestico,Offline,Critical,7635,568.41,311.16,4339810.35,2375706.6
E5704,Logan,Cosmeticos,Online,Critical,5262,787.52,306.45,4143930.24,1612539.9
E5705,Alicia,Frutas,Online,Medium,2548,697.62,419.84,1777535.76,1069752.32
E5706,Amanda,Snacks,Online,Medium,4386,917.72,372.13,4025119.92,1632162.18
E5707,Zachary,Carnes,Offline,Low,9168,710.98,100.17,6518264.64,918358.56
E5708,Craig,Frutas,Offline,High,1198,413.81,336.2,495744.38,402767.6
E5709,Brittany,Cosmeticos,Online,High,4171,787.04,409.88,3282743.84,1709609.48
E5710,Amanda,Cuidado personal,Offline,High,5642,675.25,3.86,3809760.5,21778.12
E5711,Teresa,Alimento infantil,Online,Low,4099,439.22,184.98,1800362.78,758233.02
E5712,Melinda,Domestico,Offline,Low,8086,932.49,41.18,7540114.14,332981.48
E5713,Nathan,Verduras,Offline,Critical,6415,890.67,487.57,5713648.05,3127761.55
E5714,Dean,Cereales,Offline,Medium,4484,698.13,184.05,3130414.92,825280.2
E5715,Christopher,Ropa,Online,Medium,2667,554.64,325.34,1479224.88,867681.78
E5716,Pamela,Domestico,Offline,Critical,8540,583.78,3.78,4985481.2,32281.2
E5717,Joshua,Cosmeticos,Offline,Low,3868,429.4,126.25,1660919.2,488335
E5718,Angela,Domestico,Online,Critical,3707,493.53,178.15,1829515.71,660402.05
E5719,Patricia,Ropa,Online,Critical,287,691.92,358.32,198581.04,102837.84
E5720,Alan,Ropa,Offline,Medium,3527,556,368.66,1961012,1300263.82
E5721,Marc,Carnes,Offline,Critical,5963,704.87,116.29,4203139.81,693437.27
E5722,Gregory,Cuidado personal,Offline,Critical,4037,553.04,145.44,2232622.48,587141.28
E5723,Lindsey,Ropa,Online,Low,9920,565.43,125.82,5609065.6,1248134.4
E5724,Tony,Cosmeticos,Offline,Low,6107,961.38,136.95,5871147.66,836353.65
E5725,Teresa,Alimento infantil,Offline,Low,2322,664.49,56.7,1542945.78,131657.4
E5726,Sydney,Ropa,Online,High,6606,894.63,452.19,5909925.78,2987167.14
E5727,Dylan,Ropa,Online,Critical,784,643.2,281.61,504268.8,220782.24
E5728,Amber,Cuidado personal,Offline,High,8651,656.23,256.25,5677045.73,2216818.75
E5729,Daniel,Bebida,Offline,Medium,8903,431.24,72.36,3839329.72,644221.08
E5730,Antonio,Snacks,Online,Critical,5764,585.43,195.19,3374418.52,1125075.16
E5731,Diana,Carnes,Offline,High,3183,852.71,235.75,2714175.93,750392.25
E5732,Darryl,Carnes,Online,Critical,3062,870.7,146.27,2666083.4,447878.74
E5733,Laura,Carnes,Offline,Critical,9931,840.04,120.28,8342437.24,1194500.68
E5734,David,Carnes,Online,High,9256,469.92,246.75,4349579.52,2283918
E5735,Leslie,Cuidado personal,Offline,Medium,7767,722.6,475.92,5612434.2,3696470.64
E5736,Megan,Ropa,Online,High,3978,445.54,56.59,1772358.12,225115.02
E5737,Edward,Ropa,Offline,High,4855,440.64,132.32,2139307.2,642413.6
E5738,Phillip,Material de oficina,Online,High,594,501.11,462.67,297659.34,274825.98
E5739,Brittany,Frutas,Offline,High,1623,693.38,72.25,1125355.74,117261.75
E5740,Benjamin,Snacks,Offline,Low,1477,663.88,11.53,980550.76,17029.81
E5741,Andre,Verduras,Offline,Critical,4260,531.94,490.18,2266064.4,2088166.8
E5742,Kaitlin,Verduras,Offline,Medium,9969,893.35,26.28,8905806.15,261985.32
E5743,David,Verduras,Online,High,8109,677.73,54.03,5495712.57,438129.27
E5744,Susan,Cuidado personal,Online,Low,5090,752.28,343.85,3829105.2,1750196.5
E5745,Chad,Alimento infantil,Online,Medium,7559,662.45,4.7,5007459.55,35527.3
E5746,Michelle,Domestico,Online,High,5491,710.21,304,3899763.11,1669264
E5747,Brandi,Domestico,Offline,Critical,4561,574.72,36.05,2621297.92,164424.05
E5748,Frank,Carnes,Online,Medium,8119,819.46,321.8,6653195.74,2612694.2
E5749,Tyrone,Verduras,Online,Medium,3404,677.22,7.22,2305256.88,24576.88
E5750,Stuart,Cereales,Offline,Medium,7465,540.8,172.82,4037072,1290101.3
E5751,Steven,Cosmeticos,Online,Critical,7689,991.62,487.19,7624566.18,3746003.91
E5752,Gregory,Cuidado personal,Online,Critical,705,784.69,234.63,553206.45,165414.15
E5753,Marc,Ropa,Online,Low,4613,783.41,396.53,3613870.33,1829192.89
E5754,Jacob,Domestico,Online,High,9741,783.71,84.94,7634119.11,827400.54
E5755,Rebekah,Cosmeticos,Online,Low,752,896.89,426.09,674461.28,320419.68
E5756,Veronica,Alimento infantil,Online,Critical,9535,941.27,453.23,8975009.45,4321548.05
E5757,Timothy,Verduras,Online,Medium,6932,462.63,126.92,3206951.16,879809.44
E5758,Courtney,Cereales,Offline,High,7617,648.82,153.52,4942061.94,1169361.84
E5759,Jeffrey,Carnes,Offline,Critical,8849,595.93,368.37,5273384.57,3259706.13
E5760,James,Bebida,Online,Low,1211,570.66,144.68,691069.26,175207.48
E5761,Tina,Carnes,Offline,Medium,9982,890.86,469.6,8892564.52,4687547.2
E5762,Todd,Domestico,Online,Low,5179,873.89,167.46,4525876.31,867275.34
E5763,Anthony,Material de oficina,Offline,Medium,6073,566.09,151.27,3437864.57,918662.71
E5764,Dean,Cereales,Online,Critical,6479,859.72,131.12,5570125.88,849526.48
E5765,Lindsey,Cosmeticos,Offline,Medium,5611,779.13,376.61,4371698.43,2113158.71
E5766,Hunter,Domestico,Offline,High,9520,605.77,451.76,5766930.4,4300755.2
E5767,David,Snacks,Online,Medium,7952,662.47,486.26,5267961.44,3866739.52
E5768,Morgan,Cosmeticos,Offline,Low,7484,673.61,446.35,5041297.24,3340483.4
E5769,Rebekah,Material de oficina,Offline,High,3917,883.49,11.51,3460630.33,45084.67
E5770,William,Material de oficina,Offline,Low,6406,833.6,257.87,5340041.6,1651915.22
E5771,Joseph,Material de oficina,Online,High,1641,760.08,447.82,1247291.28,734872.62
E5772,Rachel,Cuidado personal,Online,Low,613,830.79,277.75,509274.27,170260.75
E5773,Susan,Carnes,Online,High,3386,685.24,264.59,2320222.64,895901.74
E5774,Karla,Material de oficina,Online,Medium,4209,664.74,267.11,2797890.66,1124265.99
E5775,Carla,Verduras,Offline,Critical,447,433.11,49.64,193600.17,22189.08
E5776,Robert,Material de oficina,Offline,High,5721,584.94,197.68,3346441.74,1130927.28
E5777,Joshua,Domestico,Online,Critical,7802,783.3,117.26,6111306.6,914862.52
E5778,Audrey,Ropa,Online,High,3468,602.1,229.13,2088082.8,794622.84
E5779,Michael,Carnes,Online,Medium,6677,526.07,43.54,3512569.39,290716.58
E5780,Nathan,Frutas,Offline,Low,8970,993.62,442.46,8912771.4,3968866.2
E5781,Cindy,Ropa,Online,Low,9611,442.67,342.38,4254501.37,3290614.18
E5782,Brenda,Carnes,Offline,High,1682,517.31,268.15,870115.42,451028.3
E5783,Sara,Cereales,Online,Low,938,864.96,386.76,811332.48,362780.88
E5784,Amanda,Verduras,Online,Low,8601,557.05,245.8,4791187.05,2114125.8
E5785,Brenda,Domestico,Offline,Low,430,490.66,395.83,210983.8,170206.9
E5786,Michelle,Cereales,Online,High,4906,503.08,409.39,2468110.48,2008467.34
E5787,Kevin,Snacks,Online,Medium,1894,610.51,454.85,1156305.94,861485.9
E5788,Courtney,Material de oficina,Offline,Medium,8241,505.07,61.9,4162281.87,510117.9
E5789,Joseph,Cuidado personal,Offline,High,5240,782.35,191.04,4099514,1001049.6
E5790,Jennifer,Bebida,Offline,Medium,7133,744.25,175,5308735.25,1248275
E5791,Nicole,Carnes,Online,High,4653,731.98,147.81,3405902.94,687759.93
E5792,Gregory,Snacks,Online,Medium,3615,628.76,267.48,2272967.4,966940.2
E5793,Nancy,Cereales,Offline,Medium,619,813.7,217.96,503680.3,134917.24
E5794,Crystal,Verduras,Online,Low,7862,554.74,260.36,4361365.88,2046950.32
E5795,Cory,Frutas,Offline,Low,2746,619.67,207.64,1701613.82,570179.44
E5796,Leah,Ropa,Offline,High,1805,604.82,380.7,1091700.1,687163.5
E5797,David,Cereales,Offline,Low,8338,786.8,316.25,6560338.4,2636892.5
E5798,Tracey,Carnes,Online,Medium,8394,775.26,454.43,6507532.44,3814485.42
E5799,Joseph,Material de oficina,Offline,Low,7576,595.58,413.84,4512114.08,3135251.84
E5800,Ethan,Alimento infantil,Offline,Critical,7537,902.07,222.51,6798901.59,1677057.87
E5801,Erin,Snacks,Offline,Medium,1219,698.34,27.23,851276.46,33193.37
E5802,Tina,Carnes,Offline,Low,7052,572.94,478.7,4040372.88,3375792.4
E5803,Amber,Carnes,Offline,Medium,9540,718.54,84.25,6854871.6,803745
E5804,Holly,Material de oficina,Offline,High,9736,658.21,263.11,6408332.56,2561638.96
E5805,Douglas,Alimento infantil,Online,Critical,1752,493.45,382.39,864524.4,669947.28
E5806,Jessica,Bebida,Offline,High,6443,789.4,376.3,5086104.2,2424500.9
E5807,Christina,Material de oficina,Online,Critical,5347,584.51,241.25,3125374.97,1289963.75
E5808,Lisa,Cereales,Offline,High,8395,493.26,156.78,4140917.7,1316168.1
E5809,John,Cosmeticos,Offline,Medium,7679,926.62,131.53,7115514.98,1010018.87
E5810,Diana,Ropa,Offline,Critical,3066,561.53,438.44,1721650.98,1344257.04
E5811,Justin,Snacks,Offline,Medium,3894,662.22,71.16,2578684.68,277097.04
E5812,Juan,Frutas,Offline,High,6820,492.52,483.53,3358986.4,3297674.6
E5813,Chad,Alimento infantil,Offline,Medium,4150,845.9,146.96,3510485,609884
E5814,Wayne,Snacks,Offline,Low,5149,868.48,80.83,4471803.52,416193.67
E5815,Thomas,Material de oficina,Offline,Low,1249,414.18,176.93,517310.82,220985.57
E5816,Chad,Alimento infantil,Offline,Critical,2045,476.18,275.27,973788.1,562927.15
E5817,Julian,Ropa,Offline,Critical,625,564.85,308.93,353031.25,193081.25
E5818,Melanie,Material de oficina,Offline,Critical,4420,402.11,131.89,1777326.2,582953.8
E5819,Jake,Cuidado personal,Offline,Medium,8915,575.25,280.29,5128353.75,2498785.35
E5820,Kyle,Cereales,Offline,Critical,5536,741.93,26.11,4107324.48,144544.96
E5821,Cindy,Verduras,Offline,Critical,7303,425.14,118.58,3104797.42,865989.74
E5822,Tyrone,Cuidado personal,Offline,Low,9208,497,363.58,4576376,3347844.64
E5823,Phillip,Domestico,Offline,Medium,6974,603.93,61.22,4211807.82,426948.28
E5824,Paula,Bebida,Offline,Low,7460,827.73,254.36,6174865.8,1897525.6
E5825,Jeffrey,Material de oficina,Online,High,1908,971.42,252.68,1853469.36,482113.44
E5826,Anthony,Bebida,Online,Low,2482,924.8,324.21,2295353.6,804689.22
E5827,Willie,Verduras,Online,Low,6408,464.01,360.67,2973376.08,2311173.36
E5828,Tony,Material de oficina,Online,High,5468,566.88,365.15,3099699.84,1996640.2
E5829,Troy,Material de oficina,Offline,Medium,7916,676.34,409.06,5353907.44,3238118.96
E5830,Dorothy,Frutas,Offline,High,2718,428.21,373.39,1163874.78,1014874.02
E5831,John,Domestico,Offline,Low,9098,646.31,393.75,5880128.38,3582337.5
E5832,Dorothy,Carnes,Online,Low,1192,969.41,127.33,1155536.72,151777.36
E5833,Timothy,Ropa,Online,High,9164,663.03,330.04,6076006.92,3024486.56
E5834,Duane,Snacks,Offline,High,2452,623.99,261.46,1530023.48,641099.92
E5835,Jacqueline,Frutas,Offline,Medium,9714,432.91,88.74,4205287.74,862020.36
E5836,Kyle,Snacks,Offline,Medium,2027,542.94,113.49,1100539.38,230044.23
E5837,Kristin,Frutas,Online,High,2823,496.32,318.25,1401111.36,898419.75
E5838,Autumn,Cereales,Offline,Critical,8137,470.21,418.46,3826098.77,3405009.02
E5839,Amanda,Alimento infantil,Online,High,9311,743.2,451.86,6919935.2,4207268.46
E5840,Dean,Frutas,Online,Low,8849,633.44,24.02,5605310.56,212552.98
E5841,Hunter,Cereales,Offline,High,8437,902.84,287.03,7617261.08,2421672.11
E5842,Todd,Verduras,Online,Critical,6113,772.66,328.68,4723270.58,2009220.84
E5843,Jacob,Material de oficina,Offline,Critical,2796,872.74,249.18,2440181.04,696707.28
E5844,James,Frutas,Offline,Medium,4331,435.47,46.47,1886020.57,201261.57
E5845,Sean,Verduras,Online,Critical,9560,838.75,433.87,8018450,4147797.2
E5846,Joshua,Bebida,Online,Critical,9643,653.06,455.08,6297457.58,4388336.44
E5847,Jose,Alimento infantil,Offline,Medium,1148,608.08,388.74,698075.84,446273.52
E5848,Laura,Cereales,Offline,High,6724,637.78,473.66,4288432.72,3184889.84
E5849,Keith,Domestico,Offline,Low,523,740.43,33.93,387244.89,17745.39
E5850,Emma,Verduras,Online,High,8780,945.33,101.74,8299997.4,893277.2
E5851,Melissa,Cosmeticos,Online,Critical,4887,468,433.74,2287116,2119687.38
E5852,Alyssa,Carnes,Online,Critical,1737,831.77,148.8,1444784.49,258465.6
E5853,Phillip,Material de oficina,Offline,Low,5796,987.58,20.06,5724013.68,116267.76
E5854,George,Alimento infantil,Offline,High,9279,948.25,75.74,8798811.75,702791.46
E5855,Megan,Alimento infantil,Online,High,5584,711.38,36.77,3972345.92,205323.68
E5856,Jose,Cosmeticos,Online,Low,6127,563.25,143.23,3451032.75,877570.21
E5857,Tracey,Ropa,Online,Medium,3267,610.39,205.15,1994144.13,670225.05
E5858,Lori,Cereales,Online,Critical,7721,530.24,116.95,4093983.04,902970.95
E5859,Allison,Cosmeticos,Offline,Medium,3817,549.78,176.2,2098510.26,672555.4
E5860,Pamela,Cuidado personal,Offline,Low,1111,943.27,219.48,1047972.97,243842.28
E5861,Duane,Carnes,Offline,Medium,4656,443.24,398.38,2063725.44,1854857.28
E5862,Bianca,Alimento infantil,Offline,Low,3614,942.38,124.38,3405761.32,449509.32
E5863,Diana,Ropa,Offline,Critical,7566,416.32,30.35,3149877.12,229628.1
E5864,Michael,Cosmeticos,Online,Critical,6921,419.91,431.36,2906197.11,2985442.56
E5865,Angela,Domestico,Online,Critical,3429,932.31,161.48,3196890.99,553714.92
E5866,Veronica,Cereales,Offline,Medium,2131,502.21,174.21,1070209.51,371241.51
E5867,Diana,Material de oficina,Offline,High,8777,722.12,411.12,6338047.24,3608400.24
E5868,Jessica,Frutas,Online,High,5357,624.8,345.14,3347053.6,1848914.98
E5869,Melanie,Carnes,Online,High,6136,641.94,96.3,3938943.84,590896.8
E5870,Rachel,Ropa,Online,Medium,9364,420.42,315.55,3936812.88,2954810.2
E5871,Alexis,Domestico,Online,Medium,6711,435.03,60.71,2919486.33,407424.81
E5872,Stephen,Alimento infantil,Online,Low,8194,872.9,133.31,7152542.6,1092342.14
E5873,Leah,Ropa,Offline,Medium,457,486.13,427.51,222161.41,195372.07
E5874,Joseph,Domestico,Online,High,8178,966.4,323.66,7903219.2,2646891.48
E5875,Courtney,Ropa,Offline,High,2119,457.86,232.21,970205.34,492052.99
E5876,Dylan,Frutas,Offline,High,7230,617.18,227.75,4462211.4,1646632.5
E5877,Nicole,Domestico,Online,Medium,4285,817.22,56.27,3501787.7,241116.95
E5878,Pamela,Bebida,Online,Low,4282,897.35,279.59,3842452.7,1197204.38
E5879,Gregory,Verduras,Online,Low,9069,588.71,373.84,5339010.99,3390354.96
E5880,Steve,Ropa,Online,Low,1664,760.78,457.71,1265937.92,761629.44
E5881,Justin,Ropa,Online,Low,4539,683.19,282.71,3100999.41,1283220.69
E5882,Paula,Material de oficina,Offline,Critical,5104,874.82,72.87,4465081.28,371928.48
E5883,Michael,Verduras,Offline,Medium,137,933.45,331.23,127882.65,45378.51
E5884,Danielle,Cereales,Offline,High,178,644.24,464.75,114674.72,82725.5
E5885,Frank,Cosmeticos,Online,Critical,1068,602.06,441.54,643000.08,471564.72
E5886,Kevin,Cereales,Online,High,4552,657.82,309.89,2994396.64,1410619.28
E5887,Laura,Bebida,Online,High,693,540.38,214.96,374483.34,148967.28
E5888,Jill,Cosmeticos,Offline,Low,7383,968.64,180.96,7151469.12,1336027.68
E5889,Kim,Cosmeticos,Offline,High,6155,806.57,266.69,4964438.35,1641476.95
E5890,Alexander,Snacks,Offline,Medium,6822,526.87,183.47,3594307.14,1251632.34
E5891,Robert,Verduras,Online,Low,839,938.4,53.44,787317.6,44836.16
E5892,Steven,Frutas,Offline,High,2541,507.52,130.25,1289608.32,330965.25
E5893,Rita,Carnes,Online,Low,4006,696.66,297.12,2790819.96,1190262.72
E5894,Danny,Alimento infantil,Online,Medium,2115,427.96,256.74,905135.4,543005.1
E5895,Emma,Carnes,Offline,Critical,934,571.79,422,534051.86,394148
E5896,Kevin,Material de oficina,Online,Critical,7027,447.12,91.07,3141912.24,639948.89
E5897,Connor,Carnes,Online,High,5217,810.2,489.71,4226813.4,2554817.07
E5898,Christopher,Ropa,Online,High,761,958.13,139.77,729136.93,106364.97
E5899,John,Material de oficina,Offline,Critical,7383,673.99,329.19,4976068.17,2430409.77
E5900,Jessica,Cosmeticos,Offline,Critical,8067,499.42,138.3,4028821.14,1115666.1
E5901,Samuel,Carnes,Online,Critical,2703,736.25,206.33,1990083.75,557709.99
E5902,Sarah,Bebida,Offline,Low,9673,552.02,428.42,5339689.46,4144106.66
E5903,Eric,Ropa,Online,Medium,6835,957.77,291.17,6546357.95,1990146.95
E5904,Melinda,Carnes,Online,Low,8686,757.87,377.05,6582858.82,3275056.3
E5905,Zachary,Bebida,Offline,Low,2743,599.15,75.93,1643468.45,208275.99
E5906,Ryan,Bebida,Online,Critical,2991,703.49,186.35,2104138.59,557372.85
E5907,Randall,Alimento infantil,Offline,Medium,9304,515.29,244.43,4794258.16,2274176.72
E5908,Maria,Cereales,Online,Medium,8346,639.73,435.47,5339186.58,3634432.62
E5909,Nathan,Frutas,Online,High,5509,958.51,491.58,5280431.59,2708114.22
E5910,Ashley,Alimento infantil,Offline,Low,5105,498.47,238.05,2544689.35,1215245.25
E5911,Alexis,Snacks,Online,Low,2620,835.85,345.12,2189927,904214.4
E5912,Rita,Carnes,Online,High,7529,419.75,116.05,3160297.75,873740.45
E5913,Ryan,Cosmeticos,Offline,Medium,3477,691.2,144.95,2403302.4,503991.15
E5914,Jacob,Frutas,Offline,Medium,4480,634.74,387.31,2843635.2,1735148.8
E5915,Morgan,Cosmeticos,Online,Medium,4337,931.14,187.51,4038354.18,813230.87
E5916,Nathan,Carnes,Offline,Critical,9745,784.05,474.01,7640567.25,4619227.45
E5917,Michael,Carnes,Online,Medium,8053,799.94,248.23,6441916.82,1998996.19
E5918,Angela,Cereales,Online,High,9532,717.34,91.2,6837684.88,869318.4
E5919,Darryl,Material de oficina,Offline,High,9917,972.3,146.72,9642299.1,1455022.24
E5920,Alexis,Domestico,Online,Critical,2544,942.43,122.74,2397541.92,312250.56
E5921,William,Alimento infantil,Offline,Low,6241,857.02,250.02,5348661.82,1560374.82
E5922,Timothy,Verduras,Online,Low,1982,709.04,324.78,1405317.28,643713.96
E5923,Paul,Cuidado personal,Online,High,9874,470.73,29.94,4647988.02,295627.56
E5924,Melanie,Carnes,Offline,Critical,7971,438.18,493.77,3492732.78,3935840.67
E5925,Gregory,Material de oficina,Online,Low,3293,523.76,265.69,1724741.68,874917.17
E5926,Katherine,Bebida,Online,Low,6834,791.1,403.08,5406377.4,2754648.72
E5927,Jeffrey,Domestico,Offline,Medium,6782,503.1,129.4,3412024.2,877590.8
E5928,Pamela,Verduras,Online,Medium,5370,959.62,385.97,5153159.4,2072658.9
E5929,Gregory,Alimento infantil,Online,High,4619,490.09,442.63,2263725.71,2044507.97
E5930,Susan,Material de oficina,Offline,High,7396,524.52,461.73,3879349.92,3414955.08
E5931,Michael,Alimento infantil,Offline,Medium,6100,533.29,196.88,3253069,1200968
E5932,Todd,Verduras,Offline,High,8435,953.37,75.45,8041675.95,636420.75
E5933,Leah,Carnes,Offline,Low,7660,498.47,34.05,3818280.2,260823
E5934,Johnathan,Snacks,Offline,Critical,9279,526.01,89.38,4880846.79,829357.02
E5935,Tyler,Cereales,Offline,Medium,4087,695.78,180.13,2843652.86,736191.31
E5936,Nicholas,Bebida,Online,Medium,8035,426.5,160.58,3426927.5,1290260.3
E5937,Justin,Cosmeticos,Online,High,1196,571.63,498.7,683669.48,596445.2
E5938,Jesse,Cereales,Online,High,1080,714.04,141.4,771163.2,152712
E5939,Rebekah,Bebida,Offline,Medium,5385,417.95,132.84,2250660.75,715343.4
E5940,Jennifer,Domestico,Online,High,3172,791.14,146.34,2509496.08,464190.48
E5941,Leslie,Ropa,Offline,Low,9716,776.88,100.84,7548166.08,979761.44
E5942,Thomas,Material de oficina,Online,High,2440,558.1,197.34,1361764,481509.6
E5943,Lisa,Material de oficina,Offline,Medium,5909,729.61,114.7,4311265.49,677762.3
E5944,Donald,Verduras,Offline,Low,9768,765.07,472.87,7473203.76,4618994.16
E5945,Julie,Cosmeticos,Online,High,1003,728.78,50.59,730966.34,50741.77
E5946,Austin,Cuidado personal,Offline,High,7147,645.45,9.04,4613031.15,64608.88
E5947,Michael,Verduras,Offline,Critical,8219,566.97,124.33,4659926.43,1021868.27
E5948,Deborah,Cereales,Online,High,7629,465.68,24.04,3552672.72,183401.16
E5949,Thomas,Alimento infantil,Online,High,2072,960.05,455.9,1989223.6,944624.8
E5950,Jessica,Snacks,Online,Critical,9246,501.42,254.28,4636129.32,2351072.88
E5951,Troy,Ropa,Online,Low,5405,462.79,228.59,2501379.95,1235528.95
E5952,Richard,Material de oficina,Offline,High,3295,833.65,140.39,2746876.75,462585.05
E5953,Jessica,Domestico,Online,Medium,6674,619.49,2.89,4134476.26,19287.86
E5954,Anthony,Cereales,Online,Medium,133,777.97,106.71,103470.01,14192.43
E5955,Ryan,Ropa,Online,High,1850,477.75,419.51,883837.5,776093.5
E5956,George,Cereales,Online,High,7890,750.74,292.98,5923338.6,2311612.2
E5957,Keith,Cereales,Offline,Critical,4842,517.64,133.99,2506412.88,648779.58
E5958,Andrew,Cosmeticos,Offline,High,3776,752.2,472.89,2840307.2,1785632.64
E5959,Jennifer,Verduras,Online,High,428,680.83,345.88,291395.24,148036.64
E5960,Monica,Domestico,Online,Low,4313,479.23,344.38,2066918.99,1485310.94
E5961,Jessica,Alimento infantil,Online,Medium,1103,931.88,140.54,1027863.64,155015.62
E5962,Sean,Snacks,Offline,Critical,2685,578.4,402.76,1553004,1081410.6
E5963,Jeffrey,Domestico,Offline,High,5837,628.14,300.12,3666453.18,1751800.44
E5964,Raymond,Ropa,Offline,High,6277,844.02,98.99,5297913.54,621360.23
E5965,Jake,Bebida,Offline,Medium,1064,766.98,110.27,816066.72,117327.28
E5966,William,Domestico,Online,Low,865,845.82,355.65,731634.3,307637.25
E5967,Jessica,Frutas,Offline,Medium,4908,420.84,433.7,2065482.72,2128599.6
E5968,George,Ropa,Online,Critical,2081,683.67,434.06,1422717.27,903278.86
E5969,Darin,Verduras,Offline,Medium,3392,627.65,82.75,2128988.8,280688
E5970,Susan,Cosmeticos,Online,High,1731,430.22,53.49,744710.82,92591.19
E5971,Emily,Domestico,Online,Low,6801,978.13,163.01,6652262.13,1108631.01
E5972,Erin,Cuidado personal,Offline,High,6601,913.52,75.63,6030145.52,499233.63
E5973,Valerie,Cereales,Offline,Critical,8197,796.54,401.57,6529238.38,3291669.29
E5974,Erica,Cuidado personal,Offline,High,7716,788.45,67.63,6083680.2,521833.08
E5975,Todd,Bebida,Online,High,5869,991.61,207.42,5819759.09,1217347.98
E5976,Rita,Cuidado personal,Online,Medium,2519,557.86,422.77,1405249.34,1064957.63
E5977,Michael,Material de oficina,Offline,Critical,7969,449.44,477.45,3581587.36,3804799.05
E5978,Eric,Alimento infantil,Online,Medium,109,848.19,269.75,92452.71,29402.75
E5979,Kenneth,Alimento infantil,Offline,Critical,7273,853.79,413.88,6209614.67,3010149.24
E5980,Jacob,Cosmeticos,Online,Low,1910,558.85,445.96,1067403.5,851783.6
E5981,Philip,Material de oficina,Online,Critical,2651,693.08,464.97,1837355.08,1232635.47
E5982,Michael,Domestico,Online,High,7438,919.26,367.57,6837455.88,2733985.66
E5983,Eric,Frutas,Offline,High,9531,500.01,31.69,4765595.31,302037.39
E5984,Darin,Alimento infantil,Offline,High,7779,795.48,105.05,6188038.92,817183.95
E5985,Anthony,Ropa,Online,Medium,1780,674.58,33.59,1200752.4,59790.2
E5986,Hunter,Carnes,Online,Critical,7293,926.35,47.03,6755870.55,342989.79
E5987,Lisa,Alimento infantil,Online,Critical,7144,597.76,194.33,4270397.44,1388293.52
E5988,Jessica,Cosmeticos,Online,Low,3589,523.15,110.17,1877585.35,395400.13
E5989,James,Bebida,Offline,Critical,5437,647.72,396.21,3521653.64,2154193.77
E5990,John,Carnes,Online,Medium,251,895.35,61.05,224732.85,15323.55
E5991,Timothy,Ropa,Online,Medium,6824,500.86,368.47,3417868.64,2514439.28
E5992,Joshua,Carnes,Offline,Medium,4943,968.65,229.34,4788036.95,1133627.62
E5993,Adam,Carnes,Offline,Low,3023,889.7,385.01,2689563.1,1163885.23
E5994,Jeffrey,Domestico,Offline,Critical,7612,987.24,224.47,7514870.88,1708665.64
E5995,Michael,Frutas,Offline,Medium,2676,564.26,175.01,1509959.76,468326.76
E5996,Hector,Carnes,Online,Critical,9430,799.86,139.2,7542679.8,1312656
E5997,Jacob,Cereales,Online,Medium,485,862.2,34.43,418167,16698.55
E5998,George,Verduras,Offline,High,4918,988.32,133.4,4860557.76,656061.2
E5999,Jessica,Snacks,Offline,High,3551,884.29,240.09,3140113.79,852559.59
E6000,Sarah,Carnes,Offline,Medium,8484,405.76,89.97,3442467.84,763305.48
E6001,Katie,Domestico,Offline,Medium,9074,721.84,384.25,6549976.16,3486684.5
E6002,Patrick,Alimento infantil,Online,Low,1749,937.43,171.47,1639565.07,299901.03
E6003,Jessica,Material de oficina,Offline,Medium,8080,614.01,446.04,4961200.8,3604003.2
E6004,Harry,Cuidado personal,Online,Critical,6771,451.77,487.16,3058934.67,3298560.36
E6005,Anthony,Snacks,Online,Critical,7667,750.5,221.77,5754083.5,1700310.59
E6006,Eric,Cosmeticos,Online,High,6614,418.79,393.15,2769877.06,2600294.1
E6007,Ryan,Ropa,Offline,Medium,2319,642.36,294.81,1489632.84,683664.39
E6008,Steven,Material de oficina,Online,Medium,2851,850.89,473.7,2425887.39,1350518.7
E6009,David,Domestico,Offline,Critical,7282,838.5,299.5,6105957,2180959
E6010,David,Cereales,Offline,High,667,505.39,348.29,337095.13,232309.43
E6011,Amanda,Cuidado personal,Offline,Medium,2456,511.5,69.68,1256244,171134.08
E6012,Lisa,Cuidado personal,Online,High,5797,642.15,199.99,3722543.55,1159342.03
E6013,Christina,Material de oficina,Online,Critical,5211,762.52,396.26,3973491.72,2064910.86
E6014,Evan,Ropa,Offline,Low,4139,855.55,137.34,3541121.45,568450.26
E6015,Cindy,Ropa,Offline,Critical,1277,446.08,288.23,569644.16,368069.71
E6016,Amanda,Material de oficina,Online,Critical,6592,694.34,329.6,4577089.28,2172723.2
E6017,Christopher,Domestico,Online,High,3903,601.73,25.95,2348552.19,101282.85
E6018,Jessica,Carnes,Offline,Medium,9513,507.64,201.05,4829179.32,1912588.65
E6019,Katie,Cosmeticos,Offline,Critical,1193,761.07,20.26,907956.51,24170.18
E6020,Mark,Snacks,Offline,Medium,5319,502.65,493.75,2673595.35,2626256.25
E6021,Nicholas,Verduras,Online,High,8460,672.01,295.16,5685204.6,2497053.6
E6022,Brittany,Frutas,Offline,Medium,5162,877.11,474.06,4527641.82,2447097.72
E6023,Hannah,Domestico,Offline,Medium,6997,748.45,87.28,5236904.65,610698.16
E6024,Ryan,Snacks,Online,Critical,4568,642.85,354.62,2936538.8,1619904.16
E6025,Timothy,Domestico,Online,Low,8005,574.41,320.13,4598152.05,2562640.65
E6026,Crystal,Cosmeticos,Offline,Critical,2166,483.63,412.07,1047542.58,892543.62
E6027,Crystal,Domestico,Offline,Medium,5596,487.35,278.22,2727210.6,1556919.12
E6028,Brenda,Material de oficina,Offline,Low,6957,927.32,437.79,6451365.24,3045705.03
E6029,Samuel,Domestico,Online,Medium,987,763.55,237.47,753623.85,234382.89
E6030,George,Bebida,Offline,Medium,4732,953.51,245.83,4512009.32,1163267.56
E6031,Joshua,Frutas,Online,Low,6390,547.81,103.07,3500505.9,658617.3
E6032,Zachary,Domestico,Online,Critical,7757,554.09,314.02,4298076.13,2435853.14
E6033,Matthew,Ropa,Offline,Low,8494,730.62,432.01,6205886.28,3669492.94
E6034,Nathan,Material de oficina,Online,Low,2681,597.88,111.28,1602916.28,298341.68
E6035,John,Ropa,Offline,High,834,915.78,93.37,763760.52,77870.58
E6036,Misty,Verduras,Offline,High,3445,979.02,55.11,3372723.9,189853.95
E6037,Erin,Snacks,Online,High,7240,633.77,474.77,4588494.8,3437334.8
E6038,Kyle,Verduras,Offline,Medium,451,693.49,277.51,312763.99,125157.01
E6039,Charles,Cuidado personal,Offline,Low,6502,624.25,377.17,4058873.5,2452359.34
E6040,Nicole,Cereales,Offline,High,1861,690.25,371.16,1284555.25,690728.76
E6041,Dana,Ropa,Online,Critical,5347,495.77,71.84,2650882.19,384128.48
E6042,Sean,Material de oficina,Offline,Low,5849,554.75,321.71,3244732.75,1881681.79
E6043,Duane,Frutas,Offline,Critical,637,947.33,430.52,603449.21,274241.24
E6044,Adam,Cereales,Online,Low,3127,618.06,263.45,1932673.62,823808.15
E6045,David,Carnes,Offline,High,6536,711.96,219.45,4653370.56,1434325.2
E6046,Phillip,Bebida,Offline,Critical,1159,890.14,164.85,1031672.26,191061.15
E6047,Darin,Cereales,Online,Medium,3992,985.14,336.43,3932678.88,1343028.56
E6048,Anthony,Material de oficina,Offline,Low,4316,925.08,464.41,3992645.28,2004393.56
E6049,Jennifer,Bebida,Online,High,583,661.16,177.28,385456.28,103354.24
E6050,Kyle,Snacks,Offline,Medium,7821,408.42,343.1,3194252.82,2683385.1
E6051,Johnny,Cosmeticos,Offline,High,3809,750.6,406.43,2859035.4,1548091.87
E6052,Sarah,Cuidado personal,Online,Critical,1633,529.56,312.69,864771.48,510622.77
E6053,Danielle,Cosmeticos,Offline,Critical,2312,997.25,106.89,2305642,247129.68
E6054,Kevin,Cereales,Online,Low,2635,569.3,150.75,1500105.5,397226.25
E6055,Heather,Bebida,Offline,Low,1008,707.75,450,713412,453600
E6056,Pamela,Carnes,Offline,Critical,7177,839.11,262.14,6022292.47,1881378.78
E6057,Allison,Bebida,Offline,Medium,6389,880.78,402.98,5627303.42,2574639.22
E6058,Willie,Ropa,Offline,Critical,7293,682.67,1.99,4978712.31,14513.07
E6059,Stacy,Frutas,Offline,Medium,7234,530.67,310.49,3838866.78,2246084.66
E6060,Michael,Material de oficina,Online,High,6751,909.32,224.73,6138819.32,1517152.23
E6061,Cindy,Carnes,Offline,Critical,5391,467.32,338.53,2519322.12,1825015.23
E6062,Gregory,Alimento infantil,Online,Medium,4793,899.09,228.86,4309338.37,1096925.98
E6063,Lisa,Alimento infantil,Online,Low,169,745.21,333.22,125940.49,56314.18
E6064,Andrea,Cuidado personal,Offline,Medium,5413,910.29,435.4,4927399.77,2356820.2
E6065,Sean,Alimento infantil,Offline,Low,3938,648.37,82.68,2553281.06,325593.84
E6066,Tony,Alimento infantil,Online,Low,3028,643.08,117.81,1947246.24,356728.68
E6067,Misty,Frutas,Online,Low,4650,786.03,324.08,3655039.5,1506972
E6068,Ryan,Snacks,Offline,Critical,2668,414.13,388.05,1104898.84,1035317.4
E6069,Melanie,Domestico,Online,Medium,1966,965.79,466.87,1898743.14,917866.42
E6070,Michael,Ropa,Online,High,6848,688.32,325.83,4713615.36,2231283.84
E6071,Brittany,Verduras,Online,High,9360,621.16,194.59,5814057.6,1821362.4
E6072,Kyle,Cosmeticos,Offline,Low,4647,601.21,206.38,2793822.87,959047.86
E6073,Benjamin,Frutas,Offline,Critical,3725,430.46,77.94,1603463.5,290326.5
E6074,Jeffrey,Alimento infantil,Online,Critical,5587,429.63,365.8,2400342.81,2043724.6
E6075,Sydney,Ropa,Online,Critical,3764,886.13,485.04,3335393.32,1825690.56
E6076,Kimberly,Material de oficina,Offline,Critical,2830,690.24,472.59,1953379.2,1337429.7
E6077,Tony,Snacks,Online,Critical,8301,618.39,272.77,5133255.39,2264263.77
E6078,Joseph,Cuidado personal,Online,Critical,7216,768.93,287.15,5548598.88,2072074.4
E6079,Bianca,Verduras,Offline,Medium,1300,814.46,439.69,1058798,571597
E6080,Joshua,Cuidado personal,Online,Low,7740,794.75,285.18,6151365,2207293.2
E6081,Jonathan,Snacks,Online,Critical,9113,409.44,270.3,3731226.72,2463243.9
E6082,Melanie,Bebida,Online,Critical,297,681.73,441.03,202473.81,130985.91
E6083,Sabrina,Snacks,Offline,High,6091,403.43,116.93,2457292.13,712220.63
E6084,Miguel,Verduras,Online,High,9177,493.08,403.5,4524995.16,3702919.5
E6085,Miguel,Cuidado personal,Offline,Low,1210,421.36,214.01,509845.6,258952.1
E6086,Johnny,Bebida,Offline,Critical,4028,935.98,372.5,3770127.44,1500430
E6087,Jacob,Alimento infantil,Online,High,8608,671.11,227.01,5776914.88,1954102.08
E6088,Johnathan,Bebida,Offline,Critical,624,452.11,214.41,282116.64,133791.84
E6089,Andrea,Carnes,Online,Medium,5554,485.07,312.13,2694078.78,1733570.02
E6090,Natasha,Snacks,Offline,Low,7523,466.77,193.46,3511510.71,1455399.58
E6091,Kayla,Bebida,Offline,Critical,3775,881.88,431.94,3329097,1630573.5
E6092,Christine,Domestico,Offline,Low,3160,572.92,64.91,1810427.2,205115.6
E6093,Patricia,Cereales,Offline,High,1996,893.59,120.1,1783605.64,239719.6
E6094,Ashley,Cosmeticos,Online,Critical,3763,698.79,6.72,2629546.77,25287.36
E6095,Isaiah,Bebida,Online,Low,6295,740.68,395.41,4662580.6,2489105.95
E6096,Erica,Snacks,Offline,Low,7367,746.69,226.96,5500865.23,1672014.32
E6097,Susan,Carnes,Offline,Medium,9240,777.88,184.53,7187611.2,1705057.2
E6098,Dorothy,Cosmeticos,Online,Critical,9276,810.46,129.16,7517826.96,1198088.16
E6099,Eric,Cuidado personal,Online,Medium,6405,992.63,325.92,6357795.15,2087517.6
E6100,Chad,Frutas,Offline,Low,4959,821.33,138.57,4072975.47,687168.63
E6101,Kayla,Carnes,Offline,Critical,5947,772.64,354.96,4594890.08,2110947.12
E6102,Eric,Material de oficina,Offline,Medium,5543,923.55,476.78,5119237.65,2642791.54
E6103,Gina,Material de oficina,Online,Critical,6199,596.31,116.49,3696525.69,722121.51
E6104,Justin,Cereales,Online,Low,2285,494.52,250.75,1129978.2,572963.75
E6105,James,Cosmeticos,Offline,Medium,6797,893.11,26.39,6070468.67,179372.83
E6106,Joshua,Carnes,Online,Low,1905,844.11,34.1,1608029.55,64960.5
E6107,Antonio,Cuidado personal,Online,High,5265,475.45,159.37,2503244.25,839083.05
E6108,Troy,Snacks,Online,Low,2052,547.58,75.45,1123634.16,154823.4
E6109,Andrea,Cereales,Offline,Low,594,836.61,272.47,496946.34,161847.18
E6110,Alexander,Ropa,Online,High,7316,547.68,66.4,4006826.88,485782.4
E6111,Jane,Alimento infantil,Offline,Critical,282,636.74,405.46,179560.68,114339.72
E6112,Michael,Frutas,Online,Critical,5798,743.89,446.68,4313074.22,2589850.64
E6113,Susan,Cuidado personal,Offline,Low,6086,978.62,235.1,5955881.32,1430818.6
E6114,Michael,Cosmeticos,Online,High,8254,528.35,7,4361000.9,57778
E6115,Robert,Bebida,Online,Low,237,850.45,249.14,201556.65,59046.18
E6116,Cameron,Alimento infantil,Online,High,6066,417.84,426.4,2534617.44,2586542.4
E6117,Benjamin,Bebida,Offline,Critical,2663,682.33,460.05,1817044.79,1225113.15
E6118,Brian,Cosmeticos,Online,Critical,6219,878.13,328.68,5461090.47,2044060.92
E6119,Donald,Cereales,Online,Medium,691,708.52,363.44,489587.32,251137.04
E6120,Mark,Material de oficina,Offline,Low,9309,868.41,268.98,8084028.69,2503934.82
E6121,Billy,Alimento infantil,Offline,High,6628,769.62,201.59,5101041.36,1336138.52
E6122,Bruce,Carnes,Online,High,8809,607.03,458.46,5347327.27,4038574.14
E6123,David,Cuidado personal,Online,Low,8172,700.9,87.91,5727754.8,718400.52
E6124,Eric,Ropa,Offline,High,4473,777.74,207.71,3478831.02,929086.83
E6125,Tammy,Cuidado personal,Online,Medium,4839,799.58,35.24,3869167.62,170526.36
E6126,Kimberly,Cereales,Offline,Low,1617,951.18,213.77,1538058.06,345666.09
E6127,Jessica,Cereales,Online,Medium,2175,798.21,21.03,1736106.75,45740.25
E6128,Logan,Bebida,Offline,Critical,3228,415.25,86.38,1340427,278834.64
E6129,Cindy,Domestico,Online,Low,5730,878.86,320.76,5035867.8,1837954.8
E6130,Eric,Cosmeticos,Online,High,9712,890.5,66.42,8648536,645071.04
E6131,Jacqueline,Snacks,Online,Critical,9644,418.46,461.56,4035628.24,4451284.64
E6132,Daniel,Bebida,Offline,High,9048,720.02,14.04,6514740.96,127033.92
E6133,Sara,Domestico,Offline,Critical,9755,833.57,86.26,8131475.35,841466.3
E6134,Nicole,Frutas,Online,Low,7210,557.4,482.05,4018854,3475580.5
E6135,Julie,Carnes,Online,Low,2939,774.36,340.04,2275844.04,999377.56
E6136,Patricia,Frutas,Offline,Medium,5309,538.44,147.8,2858577.96,784670.2
E6137,Austin,Alimento infantil,Online,Critical,9296,833.18,194.58,7745241.28,1808815.68
E6138,Brady,Snacks,Online,Medium,6606,662.12,42.61,4373964.72,281481.66
E6139,Jane,Cereales,Online,Medium,9876,996.17,348.58,9838174.92,3442576.08
E6140,Amber,Cosmeticos,Offline,Medium,2565,865.85,163.55,2220905.25,419505.75
E6141,Amanda,Cosmeticos,Online,High,6639,597.26,237.01,3965209.14,1573509.39
E6142,Anthony,Domestico,Online,Low,4138,476.09,413.97,1970060.42,1713007.86
E6143,Kevin,Bebida,Online,Low,5238,689.86,281.2,3613486.68,1472925.6
E6144,Jacob,Snacks,Online,Critical,7159,760.77,199.6,5446352.43,1428936.4
E6145,Gabriel,Cereales,Online,Medium,508,481.52,496.41,244612.16,252176.28
E6146,Holly,Ropa,Offline,Low,673,692.63,424.81,466139.99,285897.13
E6147,Crystal,Frutas,Online,Low,6373,877.56,178.08,5592689.88,1134903.84
E6148,Jaime,Cuidado personal,Online,Medium,3165,813.01,249.44,2573176.65,789477.6
E6149,Brian,Ropa,Offline,Critical,5584,825.81,27.19,4611323.04,151828.96
E6150,Duane,Alimento infantil,Offline,Low,5766,690.14,453.56,3979347.24,2615226.96
E6151,Kimberly,Carnes,Offline,Low,1130,511.04,272.7,577475.2,308151
E6152,Kelly,Cosmeticos,Offline,Low,6099,488.47,265.43,2979178.53,1618857.57
E6153,Melanie,Cuidado personal,Offline,Low,1531,879.48,99.37,1346483.88,152135.47
E6154,Daniel,Material de oficina,Online,Medium,8006,997,285.87,7981982,2288675.22
E6155,Kimberly,Cuidado personal,Online,Critical,9723,542.63,99.66,5275991.49,968994.18
E6156,Danielle,Ropa,Offline,Medium,7419,591.73,484.53,4390044.87,3594728.07
E6157,Alexis,Domestico,Offline,Low,6051,865.51,365.3,5237201.01,2210430.3
E6158,Richard,Cereales,Online,Critical,1337,635.02,133.27,849021.74,178181.99
E6159,Rachel,Bebida,Online,Critical,9685,918.19,311.69,8892670.15,3018717.65
E6160,Frank,Cosmeticos,Offline,Low,3389,512.37,356.22,1736421.93,1207229.58
E6161,Amanda,Material de oficina,Offline,Medium,7876,923.38,94.43,7272540.88,743730.68
E6162,Veronica,Domestico,Offline,Medium,8635,739.45,198.3,6385150.75,1712320.5
E6163,Ashley,Domestico,Offline,Low,4203,943.65,299.8,3966160.95,1260059.4
E6164,Jacob,Cosmeticos,Offline,Critical,9733,551.91,228.14,5371740.03,2220486.62
E6165,Joshua,Cereales,Offline,Medium,5581,457.86,383.34,2555316.66,2139420.54
E6166,Alyssa,Carnes,Online,Medium,3669,822.07,288.43,3016174.83,1058249.67
E6167,Dean,Carnes,Online,Low,1196,636.38,183.31,761110.48,219238.76
E6168,Willie,Snacks,Offline,High,2928,888.07,222.76,2600268.96,652241.28
E6169,Brandon,Cereales,Offline,Medium,7543,992.22,440.99,7484315.46,3326387.57
E6170,Connor,Cereales,Offline,High,3342,868.04,84.57,2900989.68,282632.94
E6171,Jacob,Bebida,Online,Critical,4476,652.83,105.63,2922067.08,472799.88
E6172,Lori,Material de oficina,Online,Critical,4215,727.44,158.24,3066159.6,666981.6
E6173,William,Snacks,Online,Low,5576,503.92,276.88,2809857.92,1543882.88
E6174,Carla,Ropa,Online,High,8782,974.51,131.67,8558146.82,1156325.94
E6175,Crystal,Frutas,Offline,High,425,899.11,28.59,382121.75,12150.75
E6176,Kathy,Snacks,Offline,Critical,1183,869.18,341.38,1028239.94,403852.54
E6177,Tammy,Ropa,Offline,Critical,8169,926.37,444.91,7567516.53,3634469.79
E6178,Robert,Bebida,Offline,High,7032,534.62,229.05,3759447.84,1610679.6
E6179,John,Cosmeticos,Online,Medium,2713,748.06,361.6,2029486.78,981020.8
E6180,Alyssa,Verduras,Online,Medium,1934,655.23,464.29,1267214.82,897936.86
E6181,Zachary,Domestico,Offline,Low,3333,832.21,150.68,2773755.93,502216.44
E6182,Justin,Snacks,Online,Medium,4504,968.66,78.02,4362844.64,351402.08
E6183,Kevin,Cosmeticos,Online,High,6930,969.27,376.61,6717041.1,2609907.3
E6184,Kim,Cuidado personal,Offline,High,1561,895.94,67.57,1398562.34,105476.77
E6185,Austin,Alimento infantil,Offline,Low,6599,593.9,134.67,3919146.1,888687.33
E6186,Kristen,Alimento infantil,Offline,Low,4642,489.22,437.37,2270959.24,2030271.54
E6187,Darin,Cuidado personal,Offline,Low,6271,744.4,344.24,4668132.4,2158729.04
E6188,Ryan,Carnes,Offline,High,1360,636.67,403.43,865871.2,548664.8
E6189,Sarah,Cosmeticos,Offline,Critical,5340,582.59,294.01,3111030.6,1570013.4
E6190,Robert,Frutas,Online,High,2536,974.8,207.01,2472092.8,524977.36
E6191,Lori,Verduras,Online,Critical,7170,439.35,358.7,3150139.5,2571879
E6192,Angela,Cereales,Online,Low,5594,807.44,411.41,4516819.36,2301427.54
E6193,Jennifer,Domestico,Offline,Low,4167,706.71,451.18,2944860.57,1880067.06
E6194,Michael,Material de oficina,Offline,Low,2576,527.11,56.28,1357835.36,144977.28
E6195,Jane,Cereales,Offline,Critical,2412,937.01,302.49,2260068.12,729605.88
E6196,Ashley,Frutas,Online,High,2189,794.35,468.56,1738832.15,1025677.84
E6197,Michael,Alimento infantil,Offline,Low,4387,671.63,351.13,2946440.81,1540407.31
E6198,Jennifer,Carnes,Offline,Critical,7467,515.79,205.48,3851403.93,1534319.16
E6199,Courtney,Alimento infantil,Online,Medium,741,743.44,22.72,550889.04,16835.52
E6200,Lisa,Domestico,Offline,Medium,8456,749.19,116.92,6335150.64,988675.52
E6201,Kenneth,Frutas,Online,Low,1652,452.27,357.7,747150.04,590920.4
E6202,Julie,Ropa,Offline,High,139,557.59,363.35,77505.01,50505.65
E6203,Emily,Cosmeticos,Offline,Critical,1856,639.37,23.96,1186670.72,44469.76
E6204,Sarah,Frutas,Online,Critical,4519,954.93,462.4,4315328.67,2089585.6
E6205,Edward,Cuidado personal,Online,High,8751,915.36,458.89,8010315.36,4015746.39
E6206,Jacob,Domestico,Online,Medium,1871,864.39,284.97,1617273.69,533178.87
E6207,Rebecca,Carnes,Online,Critical,2849,961.42,235.46,2739085.58,670825.54
E6208,Lori,Domestico,Offline,High,9649,659.15,192.17,6360138.35,1854248.33
E6209,Brett,Domestico,Online,Medium,7353,816.34,334.61,6002548.02,2460387.33
E6210,Mark,Material de oficina,Online,Medium,1284,913.78,27.14,1173293.52,34847.76
E6211,Nancy,Verduras,Offline,Medium,9248,603.79,80.92,5583849.92,748348.16
E6212,Mark,Cereales,Online,Medium,8869,942.52,13.42,8359209.88,119021.98
E6213,Joshua,Frutas,Offline,Critical,4564,437.95,459.85,1998803.8,2098755.4
E6214,Evan,Verduras,Online,Critical,813,626.55,344.78,509385.15,280306.14
E6215,David,Ropa,Offline,Medium,9202,928.46,215.62,8543688.92,1984135.24
E6216,Cody,Ropa,Offline,Medium,9948,921.2,386.71,9164097.6,3846991.08
E6217,Zachary,Cereales,Online,Critical,4213,788.63,109.37,3322498.19,460775.81
E6218,Veronica,Frutas,Offline,Critical,4134,616.04,84.21,2546709.36,348124.14
E6219,Angela,Carnes,Online,High,7430,771.41,124.87,5731576.3,927784.1
E6220,Julie,Cereales,Online,Low,5048,962.48,160.47,4858599.04,810052.56
E6221,Kristin,Cosmeticos,Offline,Low,9173,747.7,71.36,6858652.1,654585.28
E6222,Laura,Snacks,Offline,Low,2056,963.99,301.61,1981963.44,620110.16
E6223,Scott,Alimento infantil,Offline,High,2324,757.57,51.61,1760592.68,119941.64
E6224,Julie,Frutas,Offline,Low,6683,997.91,496.17,6669032.53,3315904.11
E6225,Bobby,Cereales,Offline,High,8543,647.06,485.92,5527833.58,4151214.56
E6226,Matthew,Cosmeticos,Online,Medium,1901,665.25,327.66,1264640.25,622881.66
E6227,Brenda,Snacks,Online,Low,8087,436.8,201.31,3532401.6,1627993.97
E6228,Johnny,Verduras,Offline,Critical,9954,510.09,317.05,5077435.86,3155915.7
E6229,Mary,Frutas,Online,Low,4191,518.19,55.2,2171734.29,231343.2
E6230,Marc,Carnes,Offline,High,235,564.57,370.66,132673.95,87105.1
E6231,Philip,Snacks,Offline,Critical,332,583.5,447.25,193722,148487
E6232,Angela,Cosmeticos,Offline,High,8639,824.84,85.51,7125792.76,738720.89
E6233,Kevin,Cosmeticos,Offline,Medium,396,874.99,129.65,346496.04,51341.4
E6234,David,Material de oficina,Online,High,5402,608.13,406.71,3285118.26,2197047.42
E6235,Erin,Alimento infantil,Online,High,8537,462.38,410.38,3947338.06,3503414.06
E6236,Michael,Domestico,Offline,Critical,8977,573.3,288.93,5146514.1,2593724.61
E6237,Alexis,Ropa,Offline,Critical,9811,669.74,53.85,6570819.14,528322.35
E6238,Joseph,Frutas,Offline,Critical,295,402.71,442.13,118799.45,130428.35
E6239,Justin,Frutas,Online,Critical,5501,561.09,285.03,3086556.09,1567950.03
E6240,Amber,Bebida,Offline,Medium,8420,931.53,201.96,7843482.6,1700503.2
E6241,Melissa,Cosmeticos,Online,High,784,550.91,131.23,431913.44,102884.32
E6242,Veronica,Cuidado personal,Offline,Medium,9053,492.89,80.48,4462133.17,728585.44
E6243,Jared,Snacks,Offline,High,2078,763.65,347.58,1586864.7,722271.24
E6244,Robert,Material de oficina,Online,Medium,4487,910.09,49.67,4083573.83,222869.29
E6245,Jeffrey,Cosmeticos,Offline,High,363,493.04,388.42,178973.52,140996.46
E6246,Karen,Ropa,Offline,Critical,3255,518.32,160.43,1687131.6,522199.65
E6247,Jennifer,Snacks,Online,Low,3649,697.97,358.5,2546892.53,1308166.5
E6248,William,Alimento infantil,Offline,Medium,4730,681.16,280.69,3221886.8,1327663.7
E6249,Holly,Carnes,Online,Critical,512,562.67,211.49,288087.04,108282.88
E6250,Alexis,Alimento infantil,Online,Low,5669,939.51,424.2,5326082.19,2404789.8
E6251,Jeffrey,Bebida,Offline,Low,646,488.6,470.05,315635.6,303652.3
E6252,Justin,Alimento infantil,Online,Medium,9158,486.93,14.03,4459304.94,128486.74
E6253,Danielle,Bebida,Online,Medium,1940,913.85,300.12,1772869,582232.8
E6254,Patrick,Domestico,Offline,Low,890,807.16,437.64,718372.4,389499.6
E6255,Kristin,Cosmeticos,Offline,Low,5655,478.58,204.4,2706369.9,1155882
E6256,Monica,Frutas,Online,High,6271,786.78,256.11,4933897.38,1606065.81
E6257,Carla,Bebida,Online,Low,3726,885.24,308.35,3298404.24,1148912.1
E6258,Eric,Snacks,Offline,High,5691,875.58,241.55,4982925.78,1374661.05
E6259,Rebecca,Cereales,Offline,Medium,8590,904,338.54,7765360,2908058.6
E6260,Benjamin,Snacks,Offline,Critical,7179,514.89,246.03,3696395.31,1766249.37
E6261,Keith,Snacks,Online,Low,9788,707.42,30.63,6924226.96,299806.44
E6262,Andrew,Snacks,Online,High,9771,800.22,364.93,7818949.62,3565731.03
E6263,Marc,Ropa,Offline,High,723,923.45,363.42,667654.35,262752.66
E6264,Samuel,Domestico,Offline,Medium,3120,808.8,356.11,2523456,1111063.2
E6265,Andrew,Bebida,Online,High,1831,416.93,50.57,763398.83,92593.67
E6266,Andrew,Frutas,Online,Low,3965,539.31,346.53,2138364.15,1373991.45
E6267,Joseph,Alimento infantil,Offline,Medium,1222,665.81,427.73,813619.82,522686.06
E6268,Crystal,Cuidado personal,Offline,Low,1692,462.27,203.26,782160.84,343915.92
E6269,Donald,Alimento infantil,Online,Critical,6832,595.67,150.4,4069617.44,1027532.8
E6270,Joshua,Verduras,Online,Critical,6896,418.72,406.05,2887493.12,2800120.8
E6271,Jennifer,Carnes,Online,High,9412,505.82,255.59,4760777.84,2405613.08
E6272,Taylor,Cosmeticos,Online,High,5071,955.94,473.64,4847571.74,2401828.44
E6273,Emily,Cereales,Offline,High,6948,723.73,470.64,5028476.04,3270006.72
E6274,Michael,Alimento infantil,Offline,Critical,461,836.52,289.17,385635.72,133307.37
E6275,Mark,Cuidado personal,Online,High,2346,595.83,145.73,1397817.18,341882.58
E6276,Kayla,Bebida,Online,High,1330,703.16,20.51,935202.8,27278.3
E6277,Randall,Bebida,Offline,Medium,2733,523.27,329.81,1430096.91,901370.73
E6278,Sara,Alimento infantil,Offline,Critical,4861,500.81,406.84,2434437.41,1977649.24
E6279,Keith,Carnes,Offline,Medium,7147,460.57,11.65,3291693.79,83262.55
E6280,Jessica,Carnes,Online,Low,7440,578.75,299.25,4305900,2226420
E6281,David,Ropa,Online,Low,7014,524.16,364.83,3676458.24,2558917.62
E6282,Courtney,Snacks,Online,Low,4331,972.63,274.04,4212460.53,1186867.24
E6283,Deborah,Ropa,Offline,Critical,2462,452.46,276.45,1113956.52,680619.9
E6284,Brady,Material de oficina,Offline,High,8385,530.34,65.17,4446900.9,546450.45
E6285,Julie,Cereales,Offline,Medium,1980,789.46,394.3,1563130.8,780714
E6286,Brittany,Bebida,Online,Critical,2541,838.39,236.73,2130348.99,601530.93
E6287,Crystal,Bebida,Online,Medium,5780,989.84,30.88,5721275.2,178486.4
E6288,Walter,Domestico,Online,Critical,9373,824.67,152.35,7729631.91,1427976.55
E6289,Whitney,Bebida,Online,Medium,8680,996.74,30.36,8651703.2,263524.8
E6290,Angela,Domestico,Offline,Critical,3215,439.2,48.99,1412028,157502.85
E6291,Nicole,Verduras,Online,High,6596,663.26,53.17,4374862.96,350709.32
E6292,Keith,Material de oficina,Online,Critical,2700,446.63,330.13,1205901,891351
E6293,Alisha,Verduras,Offline,Medium,944,803.55,127.7,758551.2,120548.8
E6294,Sabrina,Bebida,Offline,Critical,7588,779.04,270.67,5911355.52,2053843.96
E6295,Bruce,Frutas,Offline,Low,4482,438.64,307.58,1965984.48,1378573.56
E6296,Curtis,Ropa,Online,Low,8443,999,438.42,8434557,3701580.06
E6297,Kyle,Alimento infantil,Offline,Low,9275,537.91,193.11,4989115.25,1791095.25
E6298,Mark,Frutas,Offline,Critical,4416,883.04,266.73,3899504.64,1177879.68
E6299,Michael,Verduras,Online,Critical,9681,855.06,264.39,8277835.86,2559559.59
E6300,Alicia,Cosmeticos,Offline,High,5359,556.45,257.86,2982015.55,1381871.74
E6301,John,Carnes,Online,High,9911,776.3,269.92,7693909.3,2675177.12
E6302,Stephen,Carnes,Online,High,1326,820.24,13.81,1087638.24,18312.06
E6303,Melanie,Cereales,Online,Low,2920,922.11,299.8,2692561.2,875416
E6304,Robert,Ropa,Offline,Medium,6469,918.35,71.98,5940806.15,465638.62
E6305,Tiffany,Domestico,Online,Medium,173,526.5,401.31,91084.5,69426.63
E6306,Joseph,Verduras,Offline,Low,9581,961.14,398.21,9208682.34,3815250.01
E6307,Jacob,Carnes,Online,Critical,2535,779.62,242.49,1976336.7,614712.15
E6308,Vincent,Snacks,Offline,Low,107,966.06,394.09,103368.42,42167.63
E6309,Pamela,Verduras,Online,High,4109,499.66,168.84,2053102.94,693763.56
E6310,Patrick,Ropa,Online,Low,3771,581.31,480.86,2192120.01,1813323.06
E6311,Matthew,Frutas,Offline,Critical,1394,690.37,271.15,962375.78,377983.1
E6312,Philip,Frutas,Offline,Medium,4355,645.69,250.29,2811979.95,1090012.95
E6313,Evan,Domestico,Offline,High,7189,742.29,38.85,5336322.81,279292.65
E6314,Gabriel,Cuidado personal,Offline,Low,6152,484.3,346.62,2979413.6,2132406.24
E6315,Lindsay,Carnes,Offline,Low,6936,803.75,347.51,5574810,2410329.36
E6316,Annette,Carnes,Offline,Medium,5899,419.53,312.13,2474807.47,1841254.87
E6317,Hunter,Material de oficina,Online,Medium,8217,952.9,106.92,7829979.3,878561.64
E6318,Whitney,Verduras,Online,Medium,2065,479.64,380.57,990456.6,785877.05
E6319,John,Bebida,Offline,Medium,6974,967.01,480.45,6743927.74,3350658.3
E6320,Bruce,Alimento infantil,Offline,High,6501,754.53,494.95,4905199.53,3217669.95
E6321,Bobby,Domestico,Offline,Critical,5906,834.77,289.17,4930151.62,1707838.02
E6322,Deborah,Cuidado personal,Offline,High,8144,604.25,321.05,4921012,2614631.2
E6323,Jane,Frutas,Offline,High,8493,730.08,27.86,6200569.44,236614.98
E6324,Ashley,Material de oficina,Online,Medium,1681,424.89,284.62,714240.09,478446.22
E6325,Sean,Domestico,Offline,High,3558,956.62,451.13,3403653.96,1605120.54
E6326,Jessica,Cereales,Online,Medium,471,957.78,366.25,451114.38,172503.75
E6327,Tabitha,Snacks,Offline,Low,4776,607.6,392.85,2901897.6,1876251.6
E6328,Diana,Cereales,Offline,High,9515,470.98,102.33,4481374.7,973669.95
E6329,Michael,Frutas,Online,Critical,5758,733.44,471.57,4223147.52,2715300.06
E6330,Nathan,Cosmeticos,Online,High,1039,743.17,2.6,772153.63,2701.4
E6331,Brian,Material de oficina,Offline,Low,5067,811.33,16.23,4111009.11,82237.41
E6332,Jonathan,Domestico,Offline,High,3952,459.89,452.48,1817485.28,1788200.96
E6333,Zachary,Alimento infantil,Offline,Low,8313,737.95,128.84,6134578.35,1071046.92
E6334,Lisa,Material de oficina,Offline,Critical,9435,786,477.06,7415910,4501061.1
E6335,Sabrina,Bebida,Offline,Medium,6589,982.14,97.66,6471320.46,643481.74
E6336,Monica,Bebida,Online,Medium,4862,655.9,326.82,3188985.8,1588998.84
E6337,David,Cuidado personal,Online,Critical,1745,505.42,450.55,881957.9,786209.75
E6338,Samuel,Ropa,Online,High,6619,963.92,347.07,6380186.48,2297256.33
E6339,Christina,Domestico,Offline,Critical,4534,757.56,364.69,3434777.04,1653504.46
E6340,James,Carnes,Offline,Critical,5862,517.09,322.87,3031181.58,1892663.94
E6341,Adam,Cosmeticos,Offline,Critical,746,951.25,305.6,709632.5,227977.6
E6342,Troy,Carnes,Online,High,8756,593.02,156.9,5192483.12,1373816.4
E6343,Michael,Cuidado personal,Online,Low,6417,837.06,151.1,5371414.02,969608.7
E6344,Chris,Cosmeticos,Online,Low,2462,602.89,392.79,1484315.18,967048.98
E6345,James,Material de oficina,Online,Critical,9333,519.98,411.4,4852973.34,3839596.2
E6346,George,Material de oficina,Online,Medium,5391,951.47,383.06,5129374.77,2065076.46
E6347,David,Snacks,Online,Critical,3213,978.84,471.61,3145012.92,1515282.93
E6348,Samuel,Cereales,Offline,High,2232,466.48,407.22,1041183.36,908915.04
E6349,David,Verduras,Offline,Low,2182,533.6,465.95,1164315.2,1016702.9
E6350,Jacob,Alimento infantil,Offline,Critical,3804,679.1,17.75,2583296.4,67521
E6351,James,Domestico,Online,Low,476,574.18,484.65,273309.68,230693.4
E6352,Joseph,Cereales,Online,Critical,7829,631.23,435.56,4941899.67,3409999.24
E6353,Juan,Alimento infantil,Offline,Critical,2520,658.21,276.24,1658689.2,696124.8
E6354,Nicole,Snacks,Online,Medium,4543,657.18,193.98,2985568.74,881251.14
E6355,Alexis,Verduras,Offline,Low,9153,406.5,273.65,3720694.5,2504718.45
E6356,Annette,Snacks,Offline,Critical,8115,563.35,87.86,4571585.25,712983.9
E6357,Nicole,Domestico,Offline,Critical,6416,535.68,454.11,3436922.88,2913569.76
E6358,Courtney,Frutas,Online,Critical,4272,808.49,95.8,3453869.28,409257.6
E6359,Timothy,Domestico,Offline,High,1640,689.98,112.38,1131567.2,184303.2
E6360,Courtney,Cosmeticos,Offline,Medium,3153,800.25,281.34,2523188.25,887065.02
E6361,Heather,Cuidado personal,Offline,Low,6870,815.91,262.42,5605301.7,1802825.4
E6362,David,Ropa,Online,High,1717,541.92,308.13,930476.64,529059.21
E6363,Valerie,Material de oficina,Online,Medium,3664,681.3,149.89,2496283.2,549196.96
E6364,Chad,Material de oficina,Online,Low,9414,476.11,84.44,4482099.54,794918.16
E6365,Jacqueline,Carnes,Offline,Low,6064,819.78,47.54,4971145.92,288282.56
E6366,Adam,Cereales,Offline,High,6048,689.85,449.69,4172212.8,2719725.12
E6367,Amanda,Cuidado personal,Online,Medium,8128,650.14,219.54,5284337.92,1784421.12
E6368,Scott,Material de oficina,Online,Critical,4217,850.98,142.05,3588582.66,599024.85
E6369,Nathan,Cosmeticos,Online,Critical,5352,911.8,234.89,4879953.6,1257131.28
E6370,Eric,Material de oficina,Offline,High,9014,976.99,429.22,8806587.86,3868989.08
E6371,Christopher,Cosmeticos,Offline,Medium,6602,881.95,243.68,5822633.9,1608775.36
E6372,Jessica,Cosmeticos,Offline,Critical,2042,504.27,85.32,1029719.34,174223.44
E6373,David,Verduras,Online,Medium,8357,671.6,159.03,5612561.2,1329013.71
E6374,Eric,Alimento infantil,Offline,Critical,318,716.66,354.43,227897.88,112708.74
E6375,Jared,Frutas,Offline,High,5390,858.77,125.91,4628770.3,678654.9
E6376,Jessica,Cereales,Online,Critical,8357,581.24,167.35,4857422.68,1398543.95
E6377,Theresa,Snacks,Offline,Critical,3378,400.24,210.46,1352010.72,710933.88
E6378,Nancy,Cereales,Offline,Critical,9547,811.79,228.74,7750159.13,2183780.78
E6379,Kevin,Verduras,Offline,Critical,4120,772.45,95.75,3182494,394490
E6380,Patricia,Frutas,Offline,Medium,5216,670.18,44.01,3495658.88,229556.16
E6381,Julian,Verduras,Offline,Critical,692,991.38,140.63,686034.96,97315.96
E6382,Mary,Domestico,Online,Medium,8588,655.28,75.67,5627544.64,649853.96
E6383,Zachary,Snacks,Offline,Critical,3692,990.59,364.91,3657258.28,1347247.72
E6384,Elizabeth,Material de oficina,Offline,High,6145,911.57,229.63,5601597.65,1411076.35
E6385,Dorothy,Cuidado personal,Offline,High,4544,563.44,477.8,2560271.36,2171123.2
E6386,Duane,Material de oficina,Offline,Medium,4675,732.21,127.09,3423081.75,594145.75
E6387,Wayne,Domestico,Online,Critical,2406,501.65,237.38,1206969.9,571136.28
E6388,Alicia,Domestico,Offline,Low,7863,517.03,348.1,4065406.89,2737110.3
E6389,Brandi,Material de oficina,Online,Critical,8537,768.9,199.85,6564099.3,1706119.45
E6390,Jose,Alimento infantil,Offline,Medium,8790,985.66,57.96,8663951.4,509468.4
E6391,Duane,Alimento infantil,Online,Medium,5881,786.27,137.66,4624053.87,809578.46
E6392,Jacob,Frutas,Offline,Low,9350,932.43,114.98,8718220.5,1075063
E6393,Steve,Alimento infantil,Online,Critical,9041,730.62,318.69,6605535.42,2881276.29
E6394,Alexis,Domestico,Offline,Medium,8454,930.31,102.94,7864840.74,870254.76
E6395,Autumn,Alimento infantil,Offline,Low,2147,670.91,19.68,1440443.77,42252.96
E6396,Rita,Material de oficina,Online,Critical,9758,845.29,384.71,8248339.82,3754000.18
E6397,Sara,Carnes,Offline,Medium,2917,960.67,455.03,2802274.39,1327322.51
E6398,Crystal,Cereales,Online,Critical,348,630.69,260.84,219480.12,90772.32
E6399,Nicholas,Frutas,Online,Low,7200,554.45,136.18,3992040,980496
E6400,Andrea,Snacks,Offline,Low,6376,977.78,428.07,6234325.28,2729374.32
E6401,Brian,Material de oficina,Online,Critical,6209,408.55,78.87,2536686.95,489703.83
E6402,Brandi,Frutas,Online,Medium,6340,866.7,105.95,5494878,671723
E6403,Kaitlyn,Alimento infantil,Online,Low,3313,470.1,28.83,1557441.3,95513.79
E6404,Timothy,Snacks,Offline,High,3012,891.58,282.92,2685438.96,852155.04
E6405,Steven,Ropa,Offline,Critical,6169,782.27,452.69,4825823.63,2792644.61
E6406,Philip,Cereales,Online,Critical,9896,606.37,405.2,6000637.52,4009859.2
E6407,Morgan,Alimento infantil,Offline,High,6895,925.34,132.09,6380219.3,910760.55
E6408,Tammy,Cereales,Offline,Critical,2427,671.38,114.36,1629439.26,277551.72
E6409,Gina,Alimento infantil,Online,Medium,7611,600.59,386.99,4571090.49,2945380.89
E6410,Jonathan,Snacks,Offline,Medium,7236,878.75,192.56,6358635,1393364.16
E6411,Ryan,Ropa,Online,Low,2774,556.04,359.48,1542454.96,997197.52
E6412,George,Frutas,Offline,Medium,2375,901.92,3.79,2142060,9001.25
E6413,Kaitlin,Frutas,Offline,Medium,4032,660.24,427.08,2662087.68,1721986.56
E6414,Kyle,Material de oficina,Online,Low,6888,576.68,334.33,3972171.84,2302865.04
E6415,Brian,Carnes,Offline,High,8928,540.15,52.3,4822459.2,466934.4
E6416,Eric,Snacks,Online,High,3965,906.56,394.9,3594510.4,1565778.5
E6417,Pamela,Ropa,Offline,Low,1458,940.64,160.64,1371453.12,234213.12
E6418,Jill,Bebida,Online,Medium,2951,562.84,28.35,1660940.84,83660.85
E6419,Harry,Ropa,Online,Low,7800,535.79,496.57,4179162,3873246
E6420,Andrew,Verduras,Online,Medium,5678,922.95,473.54,5240510.1,2688760.12
E6421,Antonio,Bebida,Offline,Critical,3879,475.29,377.08,1843649.91,1462693.32
E6422,Julie,Bebida,Offline,Low,4266,626.8,66.78,2673928.8,284883.48
E6423,Tiffany,Carnes,Offline,Medium,2111,601.44,307.05,1269639.84,648182.55
E6424,Benjamin,Domestico,Offline,Critical,8823,607.07,101.87,5356178.61,898799.01
E6425,Jesse,Material de oficina,Online,High,3472,650.48,295.64,2258466.56,1026462.08
E6426,Wayne,Alimento infantil,Offline,High,5742,752.78,73.15,4322462.76,420027.3
E6427,James,Domestico,Offline,Low,5657,434.39,382.6,2457344.23,2164368.2
E6428,Colin,Cereales,Offline,Medium,7805,576.27,104.23,4497787.35,813515.15
E6429,Alexis,Cosmeticos,Offline,Medium,9291,554.54,232.86,5152231.14,2163502.26
E6430,Sydney,Verduras,Offline,Low,636,613.11,127.27,389937.96,80943.72
E6431,Thomas,Alimento infantil,Online,Critical,2737,795.39,161.63,2176982.43,442381.31
E6432,Brenda,Bebida,Offline,High,2298,437.02,350.36,1004271.96,805127.28
E6433,Pamela,Snacks,Offline,High,8520,611.23,109.07,5207679.6,929276.4
E6434,Timothy,Ropa,Offline,Critical,390,517.78,498.98,201934.2,194602.2
E6435,Mary,Snacks,Offline,High,1540,805.66,205.42,1240716.4,316346.8
E6436,Cory,Bebida,Offline,Low,7544,433.68,9.02,3271681.92,68046.88
E6437,Zachary,Frutas,Online,Medium,8245,705.16,83.02,5814044.2,684499.9
E6438,Kimberly,Domestico,Offline,Critical,1421,787.15,150.07,1118540.15,213249.47
E6439,Laura,Alimento infantil,Online,High,538,496.12,18.4,266912.56,9899.2
E6440,Karen,Cereales,Online,Low,6989,852.69,70.62,5959450.41,493563.18
E6441,Adam,Alimento infantil,Online,Medium,2229,511.44,229.28,1139999.76,511065.12
E6442,Jill,Snacks,Online,Critical,9341,469.42,386,4384852.22,3605626
E6443,Brenda,Material de oficina,Offline,Critical,4952,525.86,168.15,2604058.72,832678.8
E6444,Raymond,Ropa,Offline,Low,6045,770.03,69.97,4654831.35,422968.65
E6445,Megan,Verduras,Offline,Critical,390,994.04,185.21,387675.6,72231.9
E6446,David,Carnes,Offline,High,2287,691.23,59.3,1580843.01,135619.1
E6447,Amber,Domestico,Online,High,6433,529.5,221.37,3406273.5,1424073.21
E6448,Kayla,Domestico,Online,Low,9461,892.96,342.38,8448294.56,3239257.18
E6449,Lisa,Domestico,Offline,Low,4790,584.9,73.8,2801671,353502
E6450,John,Cosmeticos,Offline,Medium,4482,959.15,366.02,4298910.3,1640501.64
E6451,Zachary,Ropa,Offline,High,7551,720.93,167.24,5443742.43,1262829.24
E6452,Anthony,Alimento infantil,Offline,Critical,3757,809.19,192.44,3040126.83,722997.08
E6453,Amber,Ropa,Offline,Critical,6076,618.49,312.6,3757945.24,1899357.6
E6454,Tabitha,Ropa,Offline,Medium,3598,746.79,121.76,2686950.42,438092.48
E6455,Brenda,Verduras,Offline,Low,4647,922,190.33,4284534,884463.51
E6456,Samantha,Material de oficina,Offline,Low,1664,677.48,437.58,1127326.72,728133.12
E6457,Evan,Frutas,Online,High,4718,864.36,323.04,4078050.48,1524102.72
E6458,Alyssa,Cuidado personal,Offline,Critical,4142,645.17,78.06,2672294.14,323324.52
E6459,Darryl,Frutas,Offline,Critical,1299,706.84,257.04,918185.16,333894.96
E6460,Benjamin,Bebida,Offline,Critical,602,706.58,98.91,425361.16,59543.82
E6461,Amber,Alimento infantil,Offline,Critical,3654,634.69,365.17,2319157.26,1334331.18
E6462,Michael,Frutas,Online,Low,3151,879.71,148.67,2771966.21,468459.17
E6463,Laura,Verduras,Online,Medium,4004,744.77,463.24,2982059.08,1854812.96
E6464,Zachary,Ropa,Online,Medium,2126,484.91,407.77,1030918.66,866919.02
E6465,David,Cosmeticos,Offline,Low,8760,826.86,389.31,7243293.6,3410355.6
E6466,Daniel,Cereales,Offline,Critical,7164,817.89,181.43,5859363.96,1299764.52
E6467,Jennifer,Cuidado personal,Offline,High,7095,561.59,196.62,3984481.05,1395018.9
E6468,Evan,Frutas,Online,Medium,7778,692.16,457.49,5383620.48,3558357.22
E6469,Hector,Domestico,Offline,High,9489,643.78,48.7,6108828.42,462114.3
E6470,Andrew,Domestico,Offline,Low,918,652.14,265.42,598664.52,243655.56
E6471,Robert,Cosmeticos,Offline,Critical,7055,505.8,28.62,3568419,201914.1
E6472,Stacy,Bebida,Offline,Low,7014,697.9,493.81,4895070.6,3463583.34
E6473,Michael,Cereales,Online,Medium,8068,446.02,204.71,3598489.36,1651600.28
E6474,Mitchell,Cuidado personal,Online,Critical,4310,886.62,419.91,3821332.2,1809812.1
E6475,Jacob,Carnes,Offline,Critical,7811,978.08,174.95,7639782.88,1366534.45
E6476,Amanda,Cuidado personal,Online,Medium,7998,661.89,159.66,5293796.22,1276960.68
E6477,Mark,Cereales,Online,Low,2324,915.87,387.16,2128481.88,899759.84
E6478,Jaime,Cuidado personal,Online,Medium,947,978.16,441.54,926317.52,418138.38
E6479,Crystal,Cereales,Offline,Low,1698,605.15,53.6,1027544.7,91012.8
E6480,Kristen,Cereales,Offline,Low,1402,853.67,348.6,1196845.34,488737.2
E6481,David,Frutas,Offline,Medium,1107,607.91,298.75,672956.37,330716.25
E6482,Zachary,Verduras,Online,Low,4937,516.97,166.21,2552280.89,820578.77
E6483,Joseph,Cuidado personal,Offline,Medium,125,561.34,40.46,70167.5,5057.5
E6484,Hector,Domestico,Online,Medium,9132,621.21,428.46,5672889.72,3912696.72
E6485,Alexis,Cereales,Online,Critical,3875,428.55,167.76,1660631.25,650070
E6486,Melanie,Ropa,Online,Low,8444,798.62,404.84,6743547.28,3418468.96
E6487,Katherine,Alimento infantil,Online,Critical,4201,712.3,236.5,2992372.3,993536.5
E6488,Tammy,Snacks,Online,High,4145,601.79,277.23,2494419.55,1149118.35
E6489,Lisa,Alimento infantil,Offline,Low,7772,866.29,169.38,6732805.88,1316421.36
E6490,Christian,Cereales,Offline,Critical,9239,476.95,222.37,4406541.05,2054476.43
E6491,Brenda,Cereales,Offline,Critical,2941,557.94,53.17,1640901.54,156372.97
E6492,Nicole,Cosmeticos,Offline,Critical,6559,647.39,134.82,4246231.01,884284.38
E6493,Joshua,Ropa,Offline,Low,392,868.3,57.61,340373.6,22583.12
E6494,Colin,Verduras,Offline,Low,1491,436.62,473.1,651000.42,705392.1
E6495,Eric,Frutas,Offline,Critical,9049,743.67,66.08,6729469.83,597957.92
E6496,Joshua,Carnes,Online,Critical,7423,676.57,74.56,5022179.11,553458.88
E6497,Veronica,Cereales,Offline,Low,7780,490.13,268.66,3813211.4,2090174.8
E6498,Laura,Carnes,Online,Low,7893,599.78,421.13,4734063.54,3323979.09
E6499,Laurie,Cosmeticos,Online,High,5765,815.99,34.49,4704182.35,198834.85
E6500,Bryan,Frutas,Online,Low,3732,565.75,135.74,2111379,506581.68
E6501,Laura,Cuidado personal,Offline,Medium,3186,667.56,425.71,2126846.16,1356312.06
E6502,Alan,Ropa,Offline,Medium,4728,522.42,275.93,2470001.76,1304597.04
E6503,Kevin,Cosmeticos,Offline,High,2434,898.84,335.5,2187776.56,816607
E6504,Karla,Carnes,Offline,High,2283,769.13,313.7,1755923.79,716177.1
E6505,Melanie,Domestico,Offline,Critical,5416,946.51,127.5,5126298.16,690540
E6506,George,Material de oficina,Online,Low,3569,451.01,310.38,1609654.69,1107746.22
E6507,Jacob,Cereales,Offline,Critical,9790,937.36,160.44,9176754.4,1570707.6
E6508,Crystal,Domestico,Online,Critical,3802,822.18,417.19,3125928.36,1586156.38
E6509,Bruce,Snacks,Offline,Critical,2224,557.72,145.71,1240369.28,324059.04
E6510,Alexander,Verduras,Online,Low,2294,945.49,178.37,2168954.06,409180.78
E6511,Tony,Carnes,Online,Critical,4420,613.38,403.22,2711139.6,1782232.4
E6512,Mandy,Cosmeticos,Offline,Low,2199,585.7,162.44,1287954.3,357205.56
E6513,David,Cosmeticos,Offline,Critical,5999,923.04,131.35,5537316.96,787968.65
E6514,Antonio,Snacks,Offline,Critical,8169,923.64,259.31,7545215.16,2118303.39
E6515,Mary,Carnes,Offline,Medium,7913,747.3,168.62,5913384.9,1334290.06
E6516,David,Snacks,Offline,Critical,7489,677.1,257.62,5070801.9,1929316.18
E6517,Tami,Ropa,Online,High,3073,633.24,410.59,1945946.52,1261743.07
E6518,Jesse,Snacks,Online,Critical,7570,586.46,474.89,4439502.2,3594917.3
E6519,Christina,Cereales,Offline,Medium,7574,485.42,316.45,3676571.08,2396792.3
E6520,Brenda,Frutas,Offline,Medium,4232,971.43,347.58,4111091.76,1470958.56
E6521,Ashley,Carnes,Online,Medium,6032,616.08,22.9,3716194.56,138132.8
E6522,Philip,Alimento infantil,Online,Critical,7405,556.76,287.29,4122807.8,2127382.45
E6523,Stacy,Cereales,Online,Medium,5655,585.23,153.66,3309475.65,868947.3
E6524,Adam,Ropa,Online,Medium,884,968.14,290.18,855835.76,256519.12
E6525,Robert,Verduras,Online,Low,2800,621.66,274.78,1740648,769384
E6526,Joshua,Snacks,Online,Low,1847,846.01,258.01,1562580.47,476544.47
E6527,Jonathan,Snacks,Offline,Medium,8638,814.37,270.4,7034528.06,2335715.2
E6528,Christina,Carnes,Online,High,8710,781.33,303.43,6805384.3,2642875.3
E6529,Kevin,Material de oficina,Offline,High,5740,678.68,289.42,3895623.2,1661270.8
E6530,Mary,Domestico,Online,High,3158,956.19,311.16,3019648.02,982643.28
E6531,Margaret,Bebida,Offline,Medium,1627,411.82,416.51,670031.14,677661.77
E6532,John,Domestico,Offline,Low,1735,620.54,433.29,1076636.9,751758.15
E6533,Jill,Carnes,Online,Medium,4719,951.62,152.96,4490694.78,721818.24
E6534,Amber,Frutas,Online,Medium,8723,658.17,140.7,5741216.91,1227326.1
E6535,Robert,Cereales,Online,High,5162,959.42,1.55,4952526.04,8001.1
E6536,Christina,Cuidado personal,Offline,High,7177,879.13,20.35,6309516.01,146051.95
E6537,Eric,Verduras,Online,Critical,670,538.65,394.4,360895.5,264248
E6538,Joshua,Cuidado personal,Online,Low,3823,977.87,290.31,3738397.01,1109855.13
E6539,Steven,Cereales,Online,Critical,6300,872.82,465.61,5498766,2933343
E6540,Nancy,Alimento infantil,Online,High,3206,794.68,285.97,2547744.08,916819.82
E6541,Craig,Bebida,Offline,High,8803,664.5,183.53,5849593.5,1615614.59
E6542,Rita,Cuidado personal,Online,Medium,3873,886.35,154.43,3432833.55,598107.39
E6543,Kevin,Cereales,Online,High,9642,692.61,173.34,6678145.62,1671344.28
E6544,Ashley,Frutas,Online,Critical,6591,446.07,322.24,2940047.37,2123883.84
E6545,Leah,Snacks,Offline,Critical,8852,786.21,53.54,6959530.92,473936.08
E6546,Nancy,Material de oficina,Online,Medium,8114,749.08,283.27,6078035.12,2298452.78
E6547,Courtney,Domestico,Offline,High,8980,636.74,287.34,5717925.2,2580313.2
E6548,Mandy,Alimento infantil,Offline,Low,8382,792.7,10.22,6644411.4,85664.04
E6549,Kevin,Ropa,Online,Low,4978,859.17,457.47,4276948.26,2277285.66
E6550,Joseph,Material de oficina,Online,Medium,2989,978.76,397.79,2925513.64,1188994.31
E6551,Jacob,Carnes,Offline,High,359,458.98,249.03,164773.82,89401.77
E6552,Brenda,Snacks,Online,Low,4775,909.65,249.89,4343578.75,1193224.75
E6553,Hunter,Snacks,Online,Critical,7671,413.85,26.49,3174643.35,203204.79
E6554,Kenneth,Carnes,Offline,Low,5526,501.58,477.85,2771731.08,2640599.1
E6555,Joshua,Material de oficina,Online,Low,9731,879.2,251.98,8555495.2,2452017.38
E6556,Christina,Alimento infantil,Offline,High,9282,536.85,46.12,4983041.7,428085.84
E6557,Christopher,Carnes,Offline,Critical,4140,969.42,115.69,4013398.8,478956.6
E6558,Taylor,Material de oficina,Offline,Low,6137,644.48,82.23,3955173.76,504645.51
E6559,Lisa,Cosmeticos,Online,High,8340,617.17,290.37,5147197.8,2421685.8
E6560,Kristin,Cereales,Offline,Medium,9833,425.01,104.19,4179123.33,1024500.27
E6561,Veronica,Snacks,Online,Low,5196,470.89,476.78,2446744.44,2477348.88
E6562,Matthew,Frutas,Offline,High,7424,843.52,398.97,6262292.48,2961953.28
E6563,Julie,Snacks,Offline,Medium,7879,698.92,233,5506790.68,1835807
E6564,George,Frutas,Online,Low,1017,707.51,31.24,719537.67,31771.08
E6565,Patricia,Cosmeticos,Offline,High,6380,737.59,71.4,4705824.2,455532
E6566,Joseph,Cosmeticos,Online,High,9540,483.36,247.1,4611254.4,2357334
E6567,Sarah,Cereales,Offline,Medium,4104,751.93,69.22,3085920.72,284078.88
E6568,William,Bebida,Online,Low,9762,892.93,117.8,8716782.66,1149963.6
E6569,Teresa,Ropa,Offline,Medium,3010,452.74,154.48,1362747.4,464984.8
E6570,Todd,Alimento infantil,Online,High,8721,819.3,352.94,7145115.3,3077989.74
E6571,Autumn,Frutas,Online,High,5676,770.29,72.96,4372166.04,414120.96
E6572,Richard,Ropa,Online,Low,4054,402.62,419.27,1632221.48,1699720.58
E6573,Laura,Cosmeticos,Offline,Low,2243,750.5,224.99,1683371.5,504652.57
E6574,Walter,Ropa,Offline,Low,994,613.18,316.42,609500.92,314521.48
E6575,Katherine,Domestico,Offline,Critical,2561,438.35,393.92,1122614.35,1008829.12
E6576,Rebecca,Carnes,Online,Medium,5297,840.91,72.58,4454300.27,384456.26
E6577,Daniel,Cuidado personal,Offline,Critical,5187,582.01,110.96,3018885.87,575549.52
E6578,Willie,Cereales,Online,High,6773,553.77,125.04,3750684.21,846895.92
E6579,Courtney,Carnes,Offline,Medium,1430,803.99,351.67,1149705.7,502888.1
E6580,Willie,Frutas,Offline,High,6976,906.66,260.51,6324860.16,1817317.76
E6581,James,Carnes,Online,Critical,7869,505.71,280.74,3979431.99,2209143.06
E6582,Benjamin,Alimento infantil,Offline,Low,9800,742.74,391,7278852,3831800
E6583,Allison,Bebida,Online,Low,4848,824.27,385.48,3996060.96,1868807.04
E6584,George,Carnes,Online,Low,6842,998.53,390.43,6831942.26,2671322.06
E6585,Karla,Verduras,Offline,Critical,7392,592.88,345.28,4382568.96,2552309.76
E6586,Mason,Bebida,Offline,Low,7509,544.14,152.61,4085947.26,1145948.49
E6587,Antonio,Carnes,Online,Critical,8707,701.91,40.41,6111530.37,351849.87
E6588,Lisa,Bebida,Offline,Medium,1218,815.84,87.23,993693.12,106246.14
E6589,Autumn,Carnes,Offline,Medium,8616,416.72,138.36,3590459.52,1192109.76
E6590,Brittany,Snacks,Online,Critical,9430,767.31,69.43,7235733.3,654724.9
E6591,Zachary,Verduras,Online,Low,8566,948.24,65.22,8122623.84,558674.52
E6592,Alicia,Cereales,Offline,High,7219,606.61,413.58,4379117.59,2985634.02
E6593,Christina,Cereales,Online,Medium,3626,820.65,45.07,2975676.9,163423.82
E6594,Sarah,Cosmeticos,Offline,Low,6887,575.48,420.23,3963330.76,2894124.01
E6595,Laura,Material de oficina,Online,High,1384,625.67,417.84,865927.28,578290.56
E6596,Laura,Bebida,Offline,Critical,3783,725.97,163.7,2746344.51,619277.1
E6597,William,Verduras,Offline,Critical,9507,569.85,326.04,5417563.95,3099662.28
E6598,Melanie,Cereales,Offline,Low,5434,893.99,155.71,4857941.66,846128.14
E6599,Adam,Ropa,Online,High,4860,538.9,460.34,2619054,2237252.4
E6600,Brenda,Cosmeticos,Offline,Medium,5474,526.23,376.54,2880583.02,2061179.96
E6601,Cindy,Cereales,Offline,Critical,9697,965.17,8.68,9359253.49,84169.96
E6602,Alexander,Ropa,Offline,Low,2312,865.33,338.96,2000642.96,783675.52
E6603,Daniel,Ropa,Offline,High,1159,909.68,378.48,1054319.12,438658.32
E6604,Matthew,Alimento infantil,Offline,Medium,1980,734.3,349.37,1453914,691752.6
E6605,Matthew,Verduras,Online,Medium,9279,934.08,10.13,8667328.32,93996.27
E6606,Kyle,Alimento infantil,Online,Low,5593,929.7,345.95,5199812.1,1934898.35
E6607,Darryl,Bebida,Online,Medium,7279,919.04,195.05,6689692.16,1419768.95
E6608,Mason,Carnes,Offline,Low,2933,605.25,267.49,1775198.25,784548.17
E6609,Cindy,Alimento infantil,Online,High,3862,741.87,440.17,2865101.94,1699936.54
E6610,Matthew,Cuidado personal,Online,Low,5542,425.18,247.88,2356347.56,1373750.96
E6611,Leslie,Ropa,Online,Critical,946,827.05,124.15,782389.3,117445.9
E6612,Dawn,Bebida,Online,Critical,1531,736.31,241.53,1127290.61,369782.43
E6613,Curtis,Alimento infantil,Online,Medium,4700,874.4,339.49,4109680,1595603
E6614,Rebekah,Domestico,Online,Medium,7646,734.93,423.16,5619274.78,3235481.36
E6615,Gabriel,Carnes,Online,Medium,3602,576.46,245.37,2076408.92,883822.74
E6616,Stephen,Snacks,Online,Low,8199,524.86,8.38,4303327.14,68707.62
E6617,Logan,Cereales,Online,Critical,8085,470.39,310.3,3803103.15,2508775.5
E6618,Vincent,Ropa,Online,High,9454,875.99,315.74,8281609.46,2985005.96
E6619,Vincent,Cereales,Online,High,7022,642.95,470.1,4514794.9,3301042.2
E6620,Christine,Bebida,Online,Medium,2355,861.8,353.07,2029539,831479.85
E6621,Jacob,Cereales,Offline,High,6670,552.55,317.51,3685508.5,2117791.7
E6622,Amanda,Cosmeticos,Online,Low,3322,913.76,394.52,3035510.72,1310595.44
E6623,Jeffrey,Cuidado personal,Offline,Critical,8376,557.5,6.19,4669620,51847.44
E6624,Veronica,Domestico,Online,Low,9658,748.41,95.96,7228143.78,926781.68
E6625,Steven,Cuidado personal,Online,Low,6310,520.61,247.21,3285049.1,1559895.1
E6626,Chad,Carnes,Online,High,5884,782.66,29.45,4605171.44,173283.8
E6627,Andrea,Carnes,Online,Medium,4885,739.02,20.82,3610112.7,101705.7
E6628,Autumn,Verduras,Online,Medium,9319,923.78,317.78,8608705.82,2961391.82
E6629,Jennifer,Cosmeticos,Online,High,8184,574.1,470.45,4698434.4,3850162.8
E6630,Nancy,Domestico,Online,Critical,7714,958.66,394.55,7395103.24,3043558.7
E6631,Brady,Alimento infantil,Offline,Medium,9442,978.15,5.51,9235692.3,52025.42
E6632,Duane,Cereales,Online,Critical,1507,809.03,152.39,1219208.21,229651.73
E6633,Darryl,Carnes,Offline,High,7942,842.83,11.23,6693755.86,89188.66
E6634,Rachel,Bebida,Online,Low,9176,774.53,79.94,7107087.28,733529.44
E6635,Kayla,Cereales,Offline,Critical,2618,516.48,223.04,1352144.64,583918.72
E6636,Adam,Cereales,Offline,Critical,2314,570.54,171.87,1320229.56,397707.18
E6637,Tammy,Cosmeticos,Offline,Critical,433,811.67,212.95,351453.11,92207.35
E6638,Emily,Bebida,Online,Critical,820,540,354.15,442800,290403
E6639,Sean,Bebida,Online,Critical,9113,849.81,320.36,7744318.53,2919440.68
E6640,Joseph,Cuidado personal,Online,Critical,2120,777.66,436.31,1648639.2,924977.2
E6641,Nancy,Cosmeticos,Offline,Critical,480,973.31,450.11,467188.8,216052.8
E6642,Cameron,Cuidado personal,Offline,Medium,594,821.42,378.46,487923.48,224805.24
E6643,Jose,Domestico,Online,Low,1696,949.02,100.79,1609537.92,170939.84
E6644,Paul,Cosmeticos,Online,Critical,4286,671.88,35.61,2879677.68,152624.46
E6645,Phillip,Verduras,Offline,Low,3014,727.68,169.22,2193227.52,510029.08
E6646,Kimberly,Ropa,Online,Critical,8367,889.87,412.26,7445542.29,3449379.42
E6647,Margaret,Bebida,Offline,Low,6781,898.35,43.31,6091711.35,293685.11
E6648,Julian,Cereales,Online,High,6919,459.82,300.44,3181494.58,2078744.36
E6649,Rebecca,Ropa,Offline,Medium,9867,909.54,126.38,8974431.18,1246991.46
E6650,Nicole,Frutas,Online,Medium,1045,495.6,42.38,517902,44287.1
E6651,Kimberly,Cosmeticos,Online,Critical,6573,879.7,80.57,5782268.1,529586.61
E6652,Jeffrey,Cosmeticos,Online,High,3085,801.65,488.39,2473090.25,1506683.15
E6653,Craig,Material de oficina,Online,Critical,5338,929.86,268.54,4963592.68,1433466.52
E6654,Ashley,Cuidado personal,Online,High,1505,798.43,213,1201637.15,320565
E6655,Laura,Material de oficina,Online,Critical,5372,740.82,229.15,3979685.04,1230993.8
E6656,Logan,Material de oficina,Offline,Critical,8102,975.99,173.27,7907470.98,1403833.54
E6657,Joseph,Cuidado personal,Offline,High,5397,440.15,147.44,2375489.55,795733.68
E6658,Tammy,Material de oficina,Offline,High,9703,956.24,447.76,9278396.72,4344615.28
E6659,Eric,Material de oficina,Offline,Medium,5673,676.32,483.55,3836763.36,2743179.15
E6660,Brian,Frutas,Online,Low,1864,780.23,408.22,1454348.72,760922.08
E6661,Patricia,Cosmeticos,Online,Critical,4251,712.1,386,3027137.1,1640886
E6662,Melanie,Carnes,Offline,Low,9646,804.42,101.42,7759435.32,978297.32
E6663,Wayne,Verduras,Offline,Low,800,796.19,121.8,636952,97440
E6664,Harry,Domestico,Online,High,9357,893.6,382.05,8361415.2,3574841.85
E6665,Kimberly,Cosmeticos,Offline,High,6613,725.87,76.2,4800178.31,503910.6
E6666,Timothy,Material de oficina,Online,High,7395,967.96,284.74,7158064.2,2105652.3
E6667,Julian,Verduras,Offline,Critical,1708,436.39,261.94,745354.12,447393.52
E6668,Angela,Domestico,Online,Critical,329,954.34,48.21,313977.86,15861.09
E6669,Darryl,Domestico,Offline,Medium,8476,541.09,254.2,4586278.84,2154599.2
E6670,Curtis,Frutas,Online,Medium,229,724.46,177.98,165901.34,40757.42
E6671,David,Domestico,Offline,Critical,125,544.36,43.61,68045,5451.25
E6672,Melissa,Carnes,Online,Low,4444,639.07,291.59,2840027.08,1295825.96
E6673,Jacob,Frutas,Offline,Low,5884,745.74,289.75,4387934.16,1704889
E6674,Timothy,Bebida,Offline,High,8535,687.31,298.66,5866190.85,2549063.1
E6675,Austin,Snacks,Offline,Low,8025,403.76,344.21,3240174,2762285.25
E6676,Kimberly,Frutas,Online,Medium,3104,804.77,236.59,2498006.08,734375.36
E6677,Andrew,Snacks,Offline,Medium,4571,877.85,494.48,4012652.35,2260268.08
E6678,Adam,Bebida,Online,Low,2666,801.41,17.58,2136559.06,46868.28
E6679,Steve,Material de oficina,Online,Critical,2958,613.17,378.33,1813756.86,1119100.14
E6680,Adam,Cuidado personal,Online,High,8026,764.28,190.82,6134111.28,1531521.32
E6681,Kimberly,Cereales,Offline,High,4900,589.56,464.09,2888844,2274041
E6682,Eric,Carnes,Offline,Critical,9752,868.62,235.34,8470782.24,2295035.68
E6683,Richard,Snacks,Online,High,6556,653.43,481.65,4283887.08,3157697.4
E6684,Nancy,Bebida,Online,High,7039,561.99,392.23,3955847.61,2760906.97
E6685,George,Bebida,Offline,Critical,5827,438.24,353.03,2553624.48,2057105.81
E6686,Amy,Cereales,Online,Low,2205,441.64,238.71,973816.2,526355.55
E6687,James,Alimento infantil,Offline,High,4972,792.64,411.04,3941006.08,2043690.88
E6688,Amanda,Cuidado personal,Offline,Critical,8558,513.36,445.11,4393334.88,3809251.38
E6689,Lori,Cereales,Offline,Low,3350,574.9,65.57,1925915,219659.5
E6690,Joshua,Material de oficina,Offline,Medium,835,867.39,399.8,724270.65,333833
E6691,Brandi,Cosmeticos,Offline,Critical,5757,815.68,231.32,4695869.76,1331709.24
E6692,Katie,Frutas,Online,Low,1983,713.5,390.43,1414870.5,774222.69
E6693,Hector,Frutas,Online,Low,7581,549.16,45.49,4163181.96,344859.69
E6694,Rebecca,Frutas,Offline,Critical,2136,986.87,484.54,2107954.32,1034977.44
E6695,Adam,Snacks,Offline,High,9706,820.14,391.64,7960278.84,3801257.84
E6696,Mark,Domestico,Offline,Critical,7714,497.36,140.81,3836635.04,1086208.34
E6697,Jeffrey,Cereales,Offline,High,2644,883.54,167.59,2336079.76,443107.96
E6698,Travis,Carnes,Online,High,5537,797.47,15.38,4415591.39,85159.06
E6699,William,Domestico,Online,Low,1147,538.69,405,617877.43,464535
E6700,Katie,Domestico,Offline,Medium,3049,820.73,367.25,2502405.77,1119745.25
E6701,Jessica,Cereales,Online,Critical,3657,979.74,119.64,3582909.18,437523.48
E6702,Courtney,Cosmeticos,Online,Low,4294,486.19,387.14,2087699.86,1662379.16
E6703,Margaret,Domestico,Offline,High,3469,535.06,316.56,1856123.14,1098146.64
E6704,Rebecca,Snacks,Offline,Low,3950,684.46,312.49,2703617,1234335.5
E6705,Raymond,Domestico,Online,High,5466,606.66,417.29,3316003.56,2280907.14
E6706,Timothy,Cosmeticos,Online,Medium,3901,445.11,216.5,1736374.11,844566.5
E6707,Jesse,Bebida,Offline,Critical,7178,592.15,313.75,4250452.7,2252097.5
E6708,Melinda,Snacks,Online,Low,7690,763.72,153.27,5873006.8,1178646.3
E6709,Maxwell,Domestico,Online,Low,6213,760.3,359.59,4723743.9,2234132.67
E6710,Melanie,Carnes,Online,Low,7431,414.12,224.45,3077325.72,1667887.95
E6711,Pamela,Ropa,Online,Medium,8030,514.56,410.89,4131916.8,3299446.7
E6712,Brenda,Verduras,Online,Critical,8254,804.26,107.27,6638362.04,885406.58
E6713,Brian,Carnes,Offline,High,7379,859.5,75.11,6342250.5,554236.69
E6714,Maria,Cuidado personal,Offline,High,3584,482.93,246.55,1730821.12,883635.2
E6715,Todd,Verduras,Online,High,4207,936.09,128.6,3938130.63,541020.2
E6716,Duane,Cereales,Offline,Critical,2231,768.81,441.9,1715215.11,985878.9
E6717,Amber,Snacks,Offline,High,6457,768.31,356.97,4960977.67,2304955.29
E6718,Joseph,Cereales,Offline,High,5585,541.1,83.18,3022043.5,464560.3
E6719,Kevin,Bebida,Online,Medium,8816,969.51,83.68,8547200.16,737722.88
E6720,Jacob,Cereales,Online,High,7998,868.54,44.28,6946582.92,354151.44
E6721,Margaret,Carnes,Offline,High,5386,925.67,116.03,4985658.62,624937.58
E6722,Steve,Frutas,Offline,Low,887,453.69,153.58,402423.03,136225.46
E6723,Nathan,Carnes,Online,Low,3488,629.38,3.65,2195277.44,12731.2
E6724,Mary,Snacks,Online,Critical,1240,830.04,197.32,1029249.6,244676.8
E6725,Ashley,Verduras,Online,High,248,535.66,258.99,132843.68,64229.52
E6726,William,Cosmeticos,Offline,Low,5007,527.63,342.91,2641843.41,1716950.37
E6727,Cindy,Cereales,Online,High,9771,711.3,323.2,6950112.3,3157987.2
E6728,Julie,Cereales,Online,Low,7269,666.34,202.7,4843625.46,1473426.3
E6729,Nicole,Cuidado personal,Online,Medium,9918,981.15,179.43,9731045.7,1779586.74
E6730,Amanda,Domestico,Online,Medium,1609,591.66,294.66,951980.94,474107.94
E6731,Gail,Cereales,Offline,High,4306,529.62,455.68,2280543.72,1962158.08
E6732,Jacob,Domestico,Offline,High,116,855.85,455.82,99278.6,52875.12
E6733,Joseph,Material de oficina,Online,Medium,7805,723.6,126.89,5647698,990376.45
E6734,Tiffany,Domestico,Offline,High,7921,431.43,186.09,3417357.03,1474018.89
E6735,Lisa,Alimento infantil,Offline,Low,1329,506.63,462.06,673311.27,614077.74
E6736,Kevin,Cuidado personal,Online,Medium,3087,579.67,360.98,1789441.29,1114345.26
E6737,Sean,Cosmeticos,Offline,Medium,8455,633.13,203.93,5353114.15,1724228.15
E6738,Tyler,Domestico,Offline,Medium,588,712.16,179.9,418750.08,105781.2
E6739,Susan,Bebida,Online,Medium,6865,744.32,262.4,5109756.8,1801376
E6740,Todd,Cuidado personal,Offline,High,1498,502.59,191.8,752879.82,287316.4
E6741,Megan,Ropa,Online,Low,9544,976.74,453.32,9322006.56,4326486.08
E6742,Jeffrey,Domestico,Offline,Low,9870,616.95,442.61,6089296.5,4368560.7
E6743,Andrew,Snacks,Offline,Critical,677,606.71,368.63,410742.67,249562.51
E6744,Ryan,Alimento infantil,Online,Critical,7986,598.39,48.29,4778742.54,385643.94
E6745,Kimberly,Carnes,Online,Critical,4428,509.27,138.99,2255047.56,615447.72
E6746,Jennifer,Cereales,Offline,Medium,6560,443.98,112,2912508.8,734720
E6747,Kimberly,Snacks,Offline,High,6539,807.38,380.05,5279457.82,2485146.95
E6748,Joshua,Ropa,Offline,High,6855,467.03,337.93,3201490.65,2316510.15
E6749,Nicole,Snacks,Offline,Critical,9999,780.04,36.24,7799619.96,362363.76
E6750,Melinda,Verduras,Online,Low,8251,969.53,382.66,7999592.03,3157327.66
E6751,Darin,Cereales,Offline,Medium,4572,814.86,280.63,3725539.92,1283040.36
E6752,Kimberly,Material de oficina,Offline,Critical,7875,886.31,24.47,6979691.25,192701.25
E6753,Joshua,Cereales,Offline,Critical,2583,618.12,160.7,1596603.96,415088.1
E6754,Cody,Snacks,Online,Medium,1576,585.75,196.57,923142,309794.32
E6755,Katherine,Cosmeticos,Offline,Low,7627,863.5,42.6,6585914.5,324910.2
E6756,Andre,Cosmeticos,Online,Low,2061,729.79,221.78,1504097.19,457088.58
E6757,Christopher,Ropa,Online,Critical,2889,585.72,238.19,1692145.08,688130.91
E6758,Bruce,Cuidado personal,Offline,Medium,4848,756.19,24.72,3666009.12,119842.56
E6759,George,Material de oficina,Offline,Medium,3872,402.34,366.59,1557860.48,1419436.48
E6760,Rebecca,Domestico,Online,Medium,6133,562.34,30.09,3448831.22,184541.97
E6761,Lori,Alimento infantil,Offline,Critical,6490,619.5,74.42,4020555,482985.8
E6762,Tammy,Verduras,Online,Low,7033,878.32,55.17,6177224.56,388010.61
E6763,John,Material de oficina,Offline,High,8299,893.35,74.09,7413911.65,614872.91
E6764,Michael,Alimento infantil,Offline,Low,4113,729.07,338.97,2998664.91,1394183.61
E6765,Melanie,Domestico,Offline,Low,926,981.38,158.24,908757.88,146530.24
E6766,Phillip,Frutas,Online,Critical,3672,408.34,78.33,1499424.48,287627.76
E6767,Joshua,Cosmeticos,Offline,High,2617,513.08,36.1,1342730.36,94473.7
E6768,Scott,Cereales,Online,Medium,5805,480.67,198.17,2790289.35,1150376.85
E6769,Zachary,Alimento infantil,Offline,Critical,3331,461.5,128.94,1537256.5,429499.14
E6770,Alexis,Carnes,Offline,High,6438,790.38,149.15,5088466.44,960227.7
E6771,Jake,Material de oficina,Offline,Critical,9485,673.3,14.29,6386250.5,135540.65
E6772,Kimberly,Cosmeticos,Offline,Medium,6190,768.59,359.86,4757572.1,2227533.4
E6773,Craig,Cereales,Offline,Low,2465,432.74,219.9,1066704.1,542053.5
E6774,Melanie,Domestico,Online,High,6037,606.29,153.48,3660172.73,926558.76
E6775,Michael,Frutas,Online,Low,5439,550.43,449.99,2993788.77,2447495.61
E6776,Jessica,Cosmeticos,Online,High,8816,937.23,446.69,8262619.68,3938019.04
E6777,Kimberly,Verduras,Offline,Critical,7398,757.6,485.93,5604724.8,3594910.14
E6778,Veronica,Snacks,Online,Low,6321,996.75,6.1,6300456.75,38558.1
E6779,Kimberly,Frutas,Offline,High,8121,544.42,458.72,4421234.82,3725265.12
E6780,Joshua,Cosmeticos,Offline,Low,3489,444.59,387.92,1551174.51,1353452.88
E6781,Justin,Cereales,Offline,Low,5345,975.74,109.73,5215330.3,586506.85
E6782,Alexis,Domestico,Online,Critical,272,525.07,420.35,142819.04,114335.2
E6783,Amber,Material de oficina,Offline,High,7875,403.74,308.75,3179452.5,2431406.25
E6784,Tyler,Verduras,Online,High,9278,564.31,240.85,5235668.18,2234606.3
E6785,Andrew,Carnes,Offline,High,1633,833.14,264.93,1360517.62,432630.69
E6786,Tina,Domestico,Online,Medium,1007,537.5,231.64,541262.5,233261.48
E6787,Elizabeth,Cuidado personal,Online,Medium,8279,691.58,239.39,5725590.82,1981909.81
E6788,Mark,Cuidado personal,Offline,Critical,2981,704.41,190.54,2099846.21,567999.74
E6789,Kimberly,Bebida,Offline,Critical,8662,440.47,361.17,3815351.14,3128454.54
E6790,Crystal,Ropa,Offline,High,3769,991.37,391.31,3736473.53,1474847.39
E6791,Nancy,Ropa,Offline,Medium,9854,944.55,246.99,9307595.7,2433839.46
E6792,Katherine,Cosmeticos,Offline,Medium,4974,927.92,364.2,4615474.08,1811530.8
E6793,Edward,Cosmeticos,Online,Low,7657,671.88,455.59,5144585.16,3488452.63
E6794,Tami,Cereales,Offline,Low,6424,756.67,93.53,4860848.08,600836.72
E6795,Joshua,Snacks,Offline,High,4491,889.71,386.15,3995687.61,1734199.65
E6796,Rebekah,Bebida,Offline,Low,6902,668.38,88.94,4613158.76,613863.88
E6797,Elizabeth,Ropa,Offline,High,1279,995.14,129.21,1272784.06,165259.59
E6798,John,Cosmeticos,Online,Medium,3105,929.89,241.86,2887308.45,750975.3
E6799,Kristin,Frutas,Online,Low,6307,468.54,156.64,2955081.78,987928.48
E6800,Steve,Alimento infantil,Online,Medium,1544,658.36,346.21,1016507.84,534548.24
E6801,Courtney,Carnes,Offline,Medium,4364,677.52,88.91,2956697.28,388003.24
E6802,Joseph,Carnes,Online,Critical,3452,785.51,269.87,2711580.52,931591.24
E6803,Patrick,Carnes,Offline,High,6733,695.83,246.29,4685023.39,1658270.57
E6804,Wayne,Bebida,Offline,Medium,3975,763.74,206.7,3035866.5,821632.5
E6805,Scott,Verduras,Offline,Low,1858,861.3,459.75,1600295.4,854215.5
E6806,Jacob,Bebida,Online,Medium,9489,958.2,392.7,9092359.8,3726330.3
E6807,Marc,Snacks,Online,Critical,6569,846.06,67.68,5557768.14,444589.92
E6808,Nathan,Frutas,Offline,Critical,2984,524.5,368.3,1565108,1099007.2
E6809,Joseph,Alimento infantil,Online,Critical,7331,413.83,73.17,3033787.73,536409.27
E6810,Benjamin,Cereales,Offline,Low,5568,508.23,487.62,2829824.64,2715068.16
E6811,Hannah,Material de oficina,Online,High,6562,609.02,80.57,3996389.24,528700.34
E6812,Christopher,Carnes,Online,Low,4984,679.71,417.43,3387674.64,2080471.12
E6813,Cody,Carnes,Offline,Low,4288,657.22,292.03,2818159.36,1252224.64
E6814,Cathy,Frutas,Offline,Critical,3753,900.58,433.45,3379876.74,1626737.85
E6815,Joshua,Verduras,Online,High,9604,773.17,277.3,7425524.68,2663189.2
E6816,Michael,Snacks,Offline,Low,726,504.4,224.7,366194.4,163132.2
E6817,Joseph,Alimento infantil,Offline,High,9652,942.75,284.05,9099423,2741650.6
E6818,Jared,Frutas,Online,Medium,5316,692.97,422.08,3683828.52,2243777.28
E6819,Richard,Material de oficina,Online,Low,1142,650.32,329.7,742665.44,376517.4
E6820,Angela,Frutas,Offline,Low,5619,459.09,415.73,2579626.71,2335986.87
E6821,Daniel,Ropa,Offline,Low,6542,524.53,253,3431475.26,1655126
E6822,Thomas,Snacks,Offline,Critical,6668,581.43,291.83,3876975.24,1945922.44
E6823,Melanie,Frutas,Online,Critical,3666,745.69,346.82,2733699.54,1271442.12
E6824,Barbara,Alimento infantil,Offline,High,370,829.5,19.55,306915,7233.5
E6825,Jacob,Carnes,Offline,Medium,1110,736.47,353.71,817481.7,392618.1
E6826,Kyle,Verduras,Offline,Medium,6553,782.75,61.77,5129360.75,404778.81
E6827,James,Verduras,Online,High,3390,967.23,423.6,3278909.7,1436004
E6828,Lori,Snacks,Offline,High,6490,976.21,174.15,6335602.9,1130233.5
E6829,Lisa,Verduras,Offline,High,2477,961.1,481.91,2380644.7,1193691.07
E6830,Joseph,Cuidado personal,Online,Critical,2035,638.26,361.95,1298859.1,736568.25
E6831,Jessica,Snacks,Offline,Critical,981,438.3,147.85,429972.3,145040.85
E6832,Michael,Snacks,Online,Critical,5976,971.68,19.37,5806759.68,115755.12
E6833,Michael,Bebida,Offline,Medium,1365,758.16,213.27,1034888.4,291113.55
E6834,John,Carnes,Offline,Low,6470,834.5,416.8,5399215,2696696
E6835,Alexis,Alimento infantil,Offline,High,4343,906.14,94.63,3935366.02,410978.09
E6836,Alicia,Snacks,Online,Critical,1025,419.69,162.49,430182.25,166552.25
E6837,Amy,Bebida,Online,High,7396,936.81,261.08,6928646.76,1930947.68
E6838,Marc,Alimento infantil,Online,High,8462,739.53,196.99,6257902.86,1666929.38
E6839,Laura,Cosmeticos,Online,Medium,7674,924.01,480.74,7090852.74,3689198.76
E6840,Kaitlyn,Material de oficina,Online,High,1008,444.98,260.8,448539.84,262886.4
E6841,James,Frutas,Online,Low,5022,578.83,16.07,2906884.26,80703.54
E6842,George,Bebida,Offline,High,8315,618.32,425.55,5141330.8,3538448.25
E6843,Scott,Cosmeticos,Online,High,1871,524.62,138.68,981564.02,259470.28
E6844,Kyle,Domestico,Online,Critical,1581,662.96,38.04,1048139.76,60141.24
E6845,Nicole,Bebida,Online,Critical,3450,906.74,470,3128253,1621500
E6846,Kevin,Cereales,Offline,Low,6062,852.42,174.36,5167370.04,1056970.32
E6847,Sean,Domestico,Offline,High,3301,855.75,196.43,2824830.75,648415.43
E6848,Leah,Ropa,Offline,Critical,7905,943.36,97.92,7457260.8,774057.6
E6849,Mason,Carnes,Offline,High,4136,986.47,427.83,4080039.92,1769504.88
E6850,Thomas,Bebida,Offline,Low,6909,505.05,349.57,3489390.45,2415179.13
E6851,Vicki,Cosmeticos,Offline,High,6078,975.83,391.57,5931094.74,2379962.46
E6852,Justin,Domestico,Offline,Low,2722,960.18,369.84,2613609.96,1006704.48
E6853,Susan,Material de oficina,Offline,Medium,8009,861.02,446.39,6895909.18,3575137.51
E6854,Theresa,Carnes,Offline,Medium,2773,611.98,35.71,1697020.54,99023.83
E6855,Stacy,Material de oficina,Online,Medium,9859,656.62,92,6473616.58,907028
E6856,Anthony,Cereales,Online,High,5292,586.73,168.81,3104975.16,893342.52
E6857,Julie,Snacks,Offline,High,9614,698.13,56.31,6711821.82,541364.34
E6858,Laura,Verduras,Online,Critical,9014,650.2,395.97,5860902.8,3569273.58
E6859,Amanda,Cosmeticos,Offline,Low,6531,614.5,251.66,4013299.5,1643591.46
E6860,Stephanie,Cuidado personal,Offline,High,7319,797.76,364.89,5838805.44,2670629.91
E6861,Ashley,Verduras,Offline,Critical,7649,805.51,251.08,6161345.99,1920510.92
E6862,Katherine,Snacks,Online,Critical,7781,691.17,440.34,5377993.77,3426285.54
E6863,Kimberly,Alimento infantil,Online,Low,1102,402.68,150.39,443753.36,165729.78
E6864,Travis,Cereales,Offline,Critical,5582,470.45,383.36,2626051.9,2139915.52
E6865,Jacob,Cereales,Online,Medium,6007,643.69,4.87,3866645.83,29254.09
E6866,Colin,Ropa,Offline,High,4985,618.85,210.74,3084967.25,1050538.9
E6867,Laura,Cuidado personal,Online,Low,8567,898.15,291.05,7694451.05,2493425.35
E6868,Elizabeth,Carnes,Offline,Medium,9811,637.39,499.44,6253433.29,4900005.84
E6869,Amanda,Ropa,Online,Critical,9680,758.85,459.77,7345668,4450573.6
E6870,Lisa,Carnes,Offline,Low,705,863.69,442.59,608901.45,312025.95
E6871,Madison,Domestico,Online,High,7869,647.72,76.33,5096908.68,600640.77
E6872,Nicholas,Frutas,Offline,Low,1560,567.75,120.46,885690,187917.6
E6873,Kevin,Frutas,Online,Low,3084,601.93,190.77,1856352.12,588334.68
E6874,Charles,Ropa,Offline,High,9730,459.56,246.3,4471518.8,2396499
E6875,Ryan,Ropa,Offline,Low,6394,750.95,16.12,4801574.3,103071.28
E6876,Jill,Cereales,Offline,Medium,9952,403.14,186.22,4012049.28,1853261.44
E6877,Nicholas,Domestico,Offline,Critical,1674,769.13,122.81,1287523.62,205583.94
E6878,Joseph,Cereales,Online,High,5435,923.23,280.34,5017755.05,1523647.9
E6879,Andrea,Material de oficina,Online,Medium,4891,905.14,105,4427039.74,513555
E6880,Rita,Material de oficina,Online,Medium,9096,647.29,236.64,5887749.84,2152477.44
E6881,Nicholas,Domestico,Online,Medium,3099,673.36,296.86,2086742.64,919969.14
E6882,Donald,Verduras,Offline,Critical,7935,585.93,472.68,4649354.55,3750715.8
E6883,Rebecca,Ropa,Offline,Critical,255,499.25,345.09,127308.75,87997.95
E6884,Donald,Material de oficina,Offline,Critical,913,557.14,468.68,508668.82,427904.84
E6885,Dustin,Bebida,Online,Medium,2185,973.5,164.55,2127097.5,359541.75
E6886,Jacob,Cuidado personal,Online,Critical,9502,699.21,431.48,6643893.42,4099922.96
E6887,Veronica,Cereales,Offline,Critical,4151,613.91,183.35,2548340.41,761085.85
E6888,Larry,Bebida,Online,Critical,3653,908,465.63,3316924,1700946.39
E6889,Joseph,Alimento infantil,Offline,Medium,1818,726.73,82.18,1321195.14,149403.24
E6890,David,Bebida,Online,Medium,3575,870.31,490.93,3111358.25,1755074.75
E6891,Anthony,Verduras,Offline,High,2208,579.34,156.4,1279182.72,345331.2
E6892,Chad,Cosmeticos,Offline,High,6507,638.06,272.93,4151856.42,1775955.51
E6893,Bruce,Snacks,Offline,Low,8444,902.72,283.37,7622567.68,2392776.28
E6894,Julie,Domestico,Offline,High,9470,814.88,208.38,7716913.6,1973358.6
E6895,Andrew,Ropa,Online,High,3295,776.21,354.24,2557611.95,1167220.8
E6896,Antonio,Cosmeticos,Offline,Critical,7816,532,177.66,4158112,1388590.56
E6897,Sean,Frutas,Online,Critical,4389,821.77,301.92,3606748.53,1325126.88
E6898,Courtney,Frutas,Offline,High,6992,890.52,182.58,6226515.84,1276599.36
E6899,Dorothy,Verduras,Online,Low,422,509.94,145.77,215194.68,61514.94
E6900,Tammy,Verduras,Online,Critical,2665,622.4,429.62,1658696,1144937.3
E6901,Kenneth,Carnes,Offline,Low,1154,828.9,170.43,956550.6,196676.22
E6902,Chad,Cereales,Online,High,4191,461.22,20.51,1932973.02,85957.41
E6903,Amanda,Verduras,Online,High,7219,485.19,139.5,3502586.61,1007050.5
E6904,Sabrina,Ropa,Online,High,9029,678.35,158.69,6124822.15,1432812.01
E6905,Johnny,Cuidado personal,Offline,Medium,8877,400.03,44.74,3551066.31,397156.98
E6906,Kenneth,Carnes,Online,Critical,4804,878.38,397.46,4219737.52,1909397.84
E6907,Michael,Snacks,Online,High,1340,782.89,11.94,1049072.6,15999.6
E6908,Frank,Cereales,Online,High,5993,416.53,200.18,2496264.29,1199678.74
E6909,Daniel,Alimento infantil,Offline,Critical,8287,768.11,191.24,6365327.57,1584805.88
E6910,Dawn,Material de oficina,Online,High,7997,508.13,204.31,4063515.61,1633867.07
E6911,Michael,Carnes,Online,Medium,1469,504.69,187.33,741389.61,275187.77
E6912,Ethan,Cuidado personal,Online,High,2318,510.48,257.24,1183292.64,596282.32
E6913,Wayne,Carnes,Offline,Medium,1204,864.47,289.75,1040821.88,348859
E6914,Matthew,Cuidado personal,Offline,High,8722,534.3,284.82,4660164.6,2484200.04
E6915,Brenda,Bebida,Offline,Low,4456,407.49,321.02,1815775.44,1430465.12
E6916,Pamela,Cereales,Online,Medium,2930,747.93,106.36,2191434.9,311634.8
E6917,Matthew,Alimento infantil,Offline,High,6234,802.52,320.21,5002909.68,1996189.14
E6918,Karla,Cereales,Online,Critical,1134,568.74,326.82,644951.16,370613.88
E6919,Stuart,Carnes,Online,Low,9773,819.26,43.53,8006627.98,425418.69
E6920,Brandi,Alimento infantil,Offline,High,5886,628.97,497.24,3702117.42,2926754.64
E6921,Brandon,Verduras,Offline,Critical,6877,991.34,313.38,6817445.18,2155114.26
E6922,Antonio,Bebida,Online,Critical,1492,904.3,123.84,1349215.6,184769.28
E6923,Eric,Bebida,Online,Low,7848,937.92,78.48,7360796.16,615911.04
E6924,Randall,Carnes,Online,Low,7239,626.44,187.95,4534799.16,1360570.05
E6925,George,Carnes,Online,High,6073,594.18,245.07,3608455.14,1488310.11
E6926,Lisa,Cereales,Offline,Critical,5604,830.64,85.11,4654906.56,476956.44
E6927,Kimberly,Domestico,Offline,Low,9241,931.23,54.55,8605496.43,504096.55
E6928,Brenda,Cuidado personal,Online,Low,9930,575.89,271.91,5718587.7,2700066.3
E6929,Dawn,Alimento infantil,Offline,Low,2664,677.96,195.85,1806085.44,521744.4
E6930,Jessica,Cuidado personal,Online,Low,2641,753.48,485.47,1989940.68,1282126.27
E6931,Miguel,Alimento infantil,Online,Medium,3706,682.3,409.27,2528603.8,1516754.62
E6932,Mason,Cuidado personal,Online,Critical,6139,454.87,81.19,2792446.93,498425.41
E6933,Christina,Ropa,Online,High,6023,801.55,269.94,4827735.65,1625848.62
E6934,Matthew,Cereales,Offline,High,2224,478.8,333.92,1064851.2,742638.08
E6935,Christine,Carnes,Offline,Critical,9058,757.83,350.57,6864424.14,3175463.06
E6936,Dorothy,Verduras,Online,Medium,5394,596.95,262.81,3219948.3,1417597.14
E6937,Madison,Cuidado personal,Offline,Medium,9215,621.45,426.24,5726661.75,3927801.6
E6938,Brian,Snacks,Offline,Medium,8132,882.48,129.4,7176327.36,1052280.8
E6939,James,Bebida,Offline,Medium,523,758.38,253.44,396632.74,132549.12
E6940,Nicholas,Alimento infantil,Online,Critical,7262,837.35,197.53,6080835.7,1434462.86
E6941,Judith,Cosmeticos,Offline,Critical,3294,727.17,175.58,2395297.98,578360.52
E6942,Brian,Cosmeticos,Online,Low,194,533.94,217.82,103584.36,42257.08
E6943,Emily,Verduras,Offline,Critical,2579,778.61,328.9,2008035.19,848233.1
E6944,Zachary,Ropa,Offline,Low,2522,918.55,331.27,2316583.1,835462.94
E6945,Troy,Cereales,Offline,Low,9061,598.57,48.15,5423642.77,436287.15
E6946,Melanie,Cuidado personal,Online,Medium,3005,917.35,357.15,2756636.75,1073235.75
E6947,Brady,Bebida,Offline,Low,3750,575.68,276.41,2158800,1036537.5
E6948,Gregory,Material de oficina,Offline,Critical,3959,764.85,477.38,3028041.15,1889947.42
E6949,Steven,Verduras,Offline,Critical,5946,900.76,467.55,5355918.96,2780052.3
E6950,Dawn,Bebida,Offline,Medium,2454,808.82,460.85,1984844.28,1130925.9
E6951,Daniel,Bebida,Online,Medium,8999,905.16,495.59,8145534.84,4459814.41
E6952,Hector,Carnes,Offline,Medium,7289,439.86,338.2,3206139.54,2465139.8
E6953,Charles,Ropa,Offline,Critical,8736,753.64,276.63,6583799.04,2416639.68
E6954,Cindy,Cosmeticos,Offline,Critical,8256,533.48,94.83,4404410.88,782916.48
E6955,Logan,Material de oficina,Online,Medium,1801,608.56,192.58,1096016.56,346836.58
E6956,Ricky,Cuidado personal,Online,Critical,6236,856.32,44.27,5340011.52,276067.72
E6957,Jeffrey,Alimento infantil,Online,Low,3276,788,390.74,2581488,1280064.24
E6958,Joseph,Ropa,Online,Low,5846,826.67,158.65,4832712.82,927467.9
E6959,Matthew,Snacks,Online,Medium,9907,485.75,279.3,4812325.25,2767025.1
E6960,Jeffrey,Verduras,Offline,High,6816,729.52,112.06,4972408.32,763800.96
E6961,Teresa,Ropa,Online,Low,5020,683.62,189.55,3431772.4,951541
E6962,Richard,Snacks,Offline,High,8036,807.05,381.16,6485453.8,3063001.76
E6963,Sara,Domestico,Offline,Critical,2666,447.42,424.37,1192821.72,1131370.42
E6964,Holly,Frutas,Offline,High,6826,993.87,153.5,6784156.62,1047791
E6965,Jennifer,Domestico,Online,Medium,8722,742.23,295.56,6473730.06,2577874.32
E6966,Tabitha,Material de oficina,Online,Critical,5175,426.45,142.09,2206878.75,735315.75
E6967,Holly,Snacks,Online,Critical,8272,728.38,350.76,6025159.36,2901486.72
E6968,Anthony,Cereales,Offline,Medium,4459,697.43,115.13,3109840.37,513364.67
E6969,Richard,Carnes,Offline,Critical,6856,580.86,117.16,3982376.16,803248.96
E6970,Michael,Alimento infantil,Offline,Medium,4638,744.52,321.84,3453083.76,1492693.92
E6971,Adam,Cosmeticos,Offline,Critical,5997,549.41,215.68,3294811.77,1293432.96
E6972,Antonio,Cereales,Online,Low,5358,437.9,471.48,2346268.2,2526189.84
E6973,Heather,Verduras,Online,Low,654,447.66,274.08,292769.64,179248.32
E6974,Misty,Cosmeticos,Offline,Critical,7552,935.32,388.41,7063536.64,2933272.32
E6975,Amanda,Carnes,Online,High,2572,653.54,406.32,1680904.88,1045055.04
E6976,Brett,Frutas,Online,Critical,8618,525.76,400.86,4530999.68,3454611.48
E6977,Matthew,Cosmeticos,Online,Medium,4120,909.52,217.69,3747222.4,896882.8
E6978,Jonathan,Cuidado personal,Online,High,1782,738.15,483.97,1315383.3,862434.54
E6979,Richard,Ropa,Online,Medium,260,765.49,33.2,199027.4,8632
E6980,Dawn,Carnes,Offline,Medium,2113,457.68,383.96,967077.84,811307.48
E6981,Robert,Bebida,Offline,High,9121,921.35,466.8,8403633.35,4257682.8
E6982,Amanda,Cuidado personal,Online,High,5890,588.39,200.08,3465617.1,1178471.2
E6983,Kaitlyn,Cuidado personal,Offline,High,907,401.75,322.93,364387.25,292897.51
E6984,Jacob,Ropa,Offline,High,8723,802.86,447.1,7003347.78,3900053.3
E6985,Michelle,Material de oficina,Offline,Critical,9051,850.06,460.09,7693893.06,4164274.59
E6986,Melanie,Cuidado personal,Online,Medium,904,762.49,298.53,689290.96,269871.12
E6987,Michael,Carnes,Online,High,8944,633.32,192.06,5664414.08,1717784.64
E6988,Sabrina,Carnes,Online,Low,7967,908.91,336.21,7241285.97,2678585.07
E6989,Antonio,Cereales,Offline,Low,5278,770.45,185.66,4066435.1,979913.48
E6990,Stuart,Domestico,Offline,Medium,6704,670.92,256.18,4497847.68,1717430.72
E6991,Logan,Carnes,Online,High,5187,788.65,424.81,4090727.55,2203489.47
E6992,Eric,Cosmeticos,Offline,Medium,5844,561.25,209.34,3279945,1223382.96
E6993,Julie,Cosmeticos,Offline,Medium,518,416.77,381.45,215886.86,197591.1
E6994,Alicia,Frutas,Offline,Critical,5644,822.21,366.29,4640553.24,2067340.76
E6995,Tyler,Cosmeticos,Offline,Medium,8995,769.59,38.99,6922462.05,350715.05
E6996,Alyssa,Bebida,Offline,Low,1920,619.85,466.37,1190112,895430.4
E6997,Stacy,Carnes,Offline,Low,296,711.37,79.63,210565.52,23570.48
E6998,Diana,Bebida,Offline,High,5343,556.77,475.14,2974822.11,2538673.02
E6999,John,Bebida,Offline,Medium,8779,802.76,191.05,7047430.04,1677227.95
E7000,Desiree,Verduras,Online,High,272,574.22,48.87,156187.84,13292.64
E7001,Joshua,Cuidado personal,Offline,Medium,1883,759.66,428.48,1430439.78,806827.84
E7002,George,Frutas,Online,Critical,124,563.26,374.75,69844.24,46469
E7003,Thomas,Domestico,Online,Critical,9308,453.32,236.06,4219502.56,2197246.48
E7004,Desiree,Domestico,Online,Critical,9210,828.94,9.51,7634537.4,87587.1
E7005,Joshua,Cuidado personal,Online,Critical,6988,497.58,146.89,3477089.04,1026467.32
E7006,William,Carnes,Online,Medium,8070,804.87,271.07,6495300.9,2187534.9
E7007,Lisa,Alimento infantil,Online,High,9840,942,15.21,9269280,149666.4
E7008,Eric,Cuidado personal,Online,Medium,8158,887.37,228.74,7239164.46,1866060.92
E7009,Bryan,Snacks,Online,Medium,4359,924.97,249.51,4031944.23,1087614.09
E7010,Kyle,Material de oficina,Offline,Low,4255,511.99,356.6,2178517.45,1517333
E7011,Katherine,Cereales,Offline,High,8284,775.68,67.79,6425733.12,561572.36
E7012,Gabriel,Cuidado personal,Offline,Low,7231,968.59,480.88,7003874.29,3477243.28
E7013,Matthew,Cereales,Offline,Low,1400,592,248.61,828800,348054
E7014,Annette,Ropa,Online,High,9738,741.59,7.25,7221603.42,70600.5
E7015,Bobby,Frutas,Online,Low,3575,899.06,412.07,3214139.5,1473150.25
E7016,Stephanie,Bebida,Online,Critical,7416,727.77,448.94,5397142.32,3329339.04
E7017,Matthew,Verduras,Online,High,8806,504.27,214.24,4440601.62,1886597.44
E7018,Nicole,Snacks,Online,Critical,9079,597.04,395.21,5420526.16,3588111.59
E7019,Daniel,Verduras,Online,Low,7092,822.95,292.76,5836361.4,2076253.92
E7020,Joseph,Cosmeticos,Online,Medium,6275,586.19,198.24,3678342.25,1243956
E7021,Evan,Snacks,Online,Critical,3276,600.42,187.11,1966975.92,612972.36
E7022,Eric,Bebida,Online,High,6393,931.24,391.36,5953417.32,2501964.48
E7023,Michelle,Cosmeticos,Online,Critical,4944,763.12,77.1,3772865.28,381182.4
E7024,Donna,Cuidado personal,Online,Medium,6467,743.69,238.13,4809443.23,1539986.71
E7025,Patricia,Frutas,Online,Medium,5514,674.35,437.5,3718365.9,2412375
E7026,Kimberly,Snacks,Offline,Critical,4068,900.11,326.55,3661647.48,1328405.4
E7027,Marc,Frutas,Online,Low,3692,854.72,157.84,3155626.24,582745.28
E7028,Jacob,Snacks,Offline,Critical,3933,987.85,291.43,3885214.05,1146194.19
E7029,Gregory,Ropa,Online,Low,5020,988.4,346.66,4961768,1740233.2
E7030,Robert,Cosmeticos,Online,Critical,7377,912.06,268.26,6728266.62,1978954.02
E7031,Katherine,Alimento infantil,Online,Medium,7352,896.21,98.47,6588935.92,723951.44
E7032,Angela,Alimento infantil,Offline,High,4630,746.98,276.94,3458517.4,1282232.2
E7033,Kevin,Ropa,Online,High,9505,627.07,281.46,5960300.35,2675277.3
E7034,Amanda,Cereales,Online,High,6791,940.71,413.58,6388361.61,2808621.78
E7035,William,Carnes,Offline,Medium,3849,991.18,421.44,3815051.82,1622122.56
E7036,Julie,Cereales,Offline,Medium,3354,808.38,344.61,2711306.52,1155821.94
E7037,Julie,Carnes,Online,Medium,7956,455.51,12.25,3624037.56,97461
E7038,Raymond,Alimento infantil,Offline,Medium,9556,801.58,196.49,7659898.48,1877658.44
E7039,Brenda,Cosmeticos,Online,High,2523,751.59,261.73,1896261.57,660344.79
E7040,Danielle,Carnes,Online,Critical,2659,467.53,54.07,1243162.27,143772.13
E7041,Joseph,Alimento infantil,Offline,Medium,7151,855.5,152.53,6117680.5,1090742.03
E7042,Kristen,Domestico,Online,Medium,2889,888.95,233.66,2568176.55,675043.74
E7043,Donald,Cuidado personal,Offline,Low,8324,502.93,288.18,4186389.32,2398810.32
E7044,Mary,Cosmeticos,Offline,Low,1975,724.64,499.27,1431164,986058.25
E7045,Jacob,Material de oficina,Online,Medium,1316,872.12,473.71,1147709.92,623402.36
E7046,Andrew,Frutas,Online,Low,5751,733.41,406.27,4217840.91,2336458.77
E7047,Mary,Ropa,Online,Low,108,627.55,361.14,67775.4,39003.12
E7048,Tiffany,Alimento infantil,Offline,Critical,3070,759.97,397.64,2333107.9,1220754.8
E7049,Robert,Cereales,Online,Critical,3681,985.98,99.31,3629392.38,365560.11
E7050,Jacob,Snacks,Online,High,8044,870.11,432.48,6999164.84,3478869.12
E7051,Lisa,Carnes,Offline,Low,4854,752.19,171.82,3651130.26,834014.28
E7052,Logan,Cosmeticos,Offline,High,3487,618.33,212.64,2156116.71,741475.68
E7053,Alan,Bebida,Online,Critical,9101,980.67,226.54,8925077.67,2061740.54
E7054,Melanie,Alimento infantil,Offline,Medium,8271,690.14,469.71,5708147.94,3884971.41
E7055,Amanda,Cereales,Online,Medium,4112,841.5,494.97,3460248,2035316.64
E7056,Ashley,Frutas,Offline,Low,4823,815.21,321.95,3931757.83,1552764.85
E7057,David,Bebida,Online,Low,5231,749.23,265.18,3919222.13,1387156.58
E7058,Bianca,Cosmeticos,Offline,High,923,907.08,172.54,837234.84,159254.42
E7059,Brandi,Cuidado personal,Offline,Low,5394,930.83,212.77,5020897.02,1147681.38
E7060,Morgan,Cuidado personal,Online,Medium,2796,649.1,94.87,1814883.6,265256.52
E7061,Margaret,Material de oficina,Online,Medium,1989,902.44,11.65,1794953.16,23171.85
E7062,Erin,Domestico,Offline,Critical,9935,466.14,494.53,4631100.9,4913155.55
E7063,David,Cereales,Offline,Critical,4847,624.38,313.93,3026369.86,1521618.71
E7064,Lori,Domestico,Online,Low,242,737.45,428.48,178462.9,103692.16
E7065,Timothy,Cosmeticos,Online,Critical,5334,802.16,391.82,4278721.44,2089967.88
E7066,Kayla,Bebida,Offline,Medium,163,550.84,436.47,89786.92,71144.61
E7067,Kevin,Domestico,Offline,Low,4236,417.15,201.95,1767047.4,855460.2
E7068,Julie,Verduras,Offline,Critical,7853,930.96,297.82,7310828.88,2338780.46
E7069,Matthew,Cosmeticos,Online,Critical,2239,909.7,46.05,2036818.3,103105.95
E7070,Alicia,Snacks,Online,Medium,6927,786.36,355.9,5447115.72,2465319.3
E7071,Robert,Material de oficina,Offline,High,532,697.9,388.61,371282.8,206740.52
E7072,Frank,Verduras,Online,High,7934,474.53,142.75,3764921.02,1132578.5
E7073,Walter,Frutas,Online,Critical,9335,406.45,301.49,3794210.75,2814409.15
E7074,Joseph,Carnes,Offline,High,7097,826.27,103.87,5864038.19,737165.39
E7075,Andrew,Domestico,Offline,High,2784,612.12,385.83,1704142.08,1074150.72
E7076,Melanie,Ropa,Online,Low,9851,446.1,289.34,4394531.1,2850288.34
E7077,Christina,Verduras,Online,Low,1345,482.37,197.24,648787.65,265287.8
E7078,Theresa,Verduras,Online,Critical,4518,952.81,232.45,4304795.58,1050209.1
E7079,Benjamin,Cereales,Online,Critical,5922,856.92,347.48,5074680.24,2057776.56
E7080,Natasha,Bebida,Online,High,9725,555.03,183.87,5397666.75,1788135.75
E7081,Sean,Ropa,Online,Medium,8075,994.62,453.82,8031556.5,3664596.5
E7082,Kenneth,Domestico,Online,Low,7487,824.37,148.45,6172058.19,1111445.15
E7083,Zachary,Domestico,Online,Low,3970,629.86,429.57,2500544.2,1705392.9
E7084,Adam,Domestico,Offline,Critical,6812,465.7,55.57,3172348.4,378542.84
E7085,David,Domestico,Online,High,6287,969.94,395.35,6098012.78,2485565.45
E7086,Sean,Bebida,Online,High,363,681.13,41.01,247250.19,14886.63
E7087,Lori,Snacks,Online,Critical,9473,821.64,467.39,7783395.72,4427585.47
E7088,Kimberly,Cereales,Online,Low,8826,759.94,178.84,6707230.44,1578441.84
E7089,Maria,Cuidado personal,Offline,Medium,5295,927.61,114.26,4911694.95,605006.7
E7090,Alyssa,Cereales,Online,Low,9612,736.92,20.44,7083275.04,196469.28
E7091,Robert,Cuidado personal,Online,Critical,1981,955.45,216.7,1892746.45,429282.7
E7092,Dawn,Bebida,Offline,Critical,9220,795.61,492.77,7335524.2,4543339.4
E7093,Jessica,Carnes,Online,High,1625,520.06,287.56,845097.5,467285
E7094,Allison,Ropa,Offline,Low,7293,685.52,319.77,4999497.36,2332082.61
E7095,Daniel,Cosmeticos,Online,High,4983,739.69,221.15,3685875.27,1101990.45
E7096,Brittany,Alimento infantil,Offline,Low,8041,706.64,315.74,5682092.24,2538865.34
E7097,Michael,Material de oficina,Offline,Critical,3898,831.97,172.76,3243019.06,673418.48
E7098,Leslie,Domestico,Online,Medium,6471,754.76,44.43,4884051.96,287506.53
E7099,Matthew,Snacks,Online,Low,7240,450.93,243.24,3264733.2,1761057.6
E7100,Jacob,Cuidado personal,Online,Critical,6077,838.7,210.17,5096779.9,1277203.09
E7101,Judith,Cereales,Online,High,3458,840.55,109.86,2906621.9,379895.88
E7102,Katie,Ropa,Offline,High,7328,933.47,400.53,6840468.16,2935083.84
E7103,Patricia,Cuidado personal,Online,Low,8762,716.72,410.7,6279900.64,3598553.4
E7104,Bianca,Ropa,Online,Medium,8736,921.55,30.17,8050660.8,263565.12
E7105,Danny,Verduras,Online,High,5835,467.69,25.88,2728971.15,151009.8
E7106,Dana,Carnes,Offline,Medium,8684,709,59.83,6156956,519563.72
E7107,Randy,Snacks,Offline,Low,7479,777.3,294.57,5813426.7,2203089.03
E7108,Jacob,Frutas,Offline,Critical,5006,796.73,443.3,3988430.38,2219159.8
E7109,Ryan,Domestico,Offline,Medium,8389,912.19,406.91,7652361.91,3413567.99
E7110,Christopher,Frutas,Offline,High,9858,807.78,433.25,7963095.24,4270978.5
E7111,Ashley,Cosmeticos,Online,Low,5774,471.87,217.22,2724577.38,1254228.28
E7112,Katie,Domestico,Online,Low,6034,538.06,208.24,3246654.04,1256520.16
E7113,Lisa,Material de oficina,Offline,High,7516,877.03,480.74,6591757.48,3613241.84
E7114,Bruce,Cereales,Online,Critical,2008,765.45,461.81,1537023.6,927314.48
E7115,Robert,Verduras,Offline,Critical,4109,925.57,82.12,3803167.13,337431.08
E7116,Courtney,Cosmeticos,Online,Critical,1955,960.8,388.04,1878364,758618.2
E7117,Kayla,Frutas,Offline,Low,8869,524.87,394.29,4655072.03,3496958.01
E7118,Wayne,Bebida,Offline,High,4247,456.16,252.66,1937311.52,1073047.02
E7119,Brenda,Frutas,Offline,Low,4399,540.84,417.28,2379155.16,1835614.72
E7120,Joseph,Frutas,Offline,Medium,4424,565.02,490.06,2499648.48,2168025.44
E7121,Desiree,Ropa,Offline,Medium,9945,777.07,108.13,7727961.15,1075352.85
E7122,Crystal,Verduras,Online,Medium,6494,664.86,405.01,4317600.84,2630134.94
E7123,Michael,Snacks,Offline,Medium,1157,800.83,89.69,926560.31,103771.33
E7124,Andrea,Bebida,Offline,Low,7229,926.1,461.3,6694776.9,3334737.7
E7125,Philip,Bebida,Offline,Medium,4083,856.47,487.59,3496967.01,1990829.97
E7126,Travis,Snacks,Offline,Medium,9348,486.59,100.53,4548643.32,939754.44
E7127,Tyler,Alimento infantil,Online,Medium,5345,701.43,282.68,3749143.35,1510924.6
E7128,Christina,Alimento infantil,Offline,Critical,3066,862.36,398.54,2643995.76,1221923.64
E7129,Alexander,Material de oficina,Online,Critical,5653,649.34,87.99,3670719.02,497407.47
E7130,Michael,Carnes,Online,Low,7946,547.17,97.54,4347812.82,775052.84
E7131,Jonathan,Domestico,Online,Low,4211,705.42,291.21,2970523.62,1226285.31
E7132,Autumn,Cuidado personal,Online,High,7922,854.92,472.91,6772676.24,3746393.02
E7133,Dylan,Ropa,Offline,Low,7910,769.15,377.43,6083976.5,2985471.3
E7134,Brandi,Cuidado personal,Online,High,8019,424.52,443.9,3404225.88,3559634.1
E7135,Keith,Cosmeticos,Online,Low,4649,707.09,23.3,3287261.41,108321.7
E7136,Amanda,Cosmeticos,Online,Medium,3983,441.09,236.89,1756861.47,943532.87
E7137,Michelle,Bebida,Online,Medium,7285,804.36,344.5,5859762.6,2509682.5
E7138,Thomas,Bebida,Online,High,2685,503.13,224.92,1350904.05,603910.2
E7139,Jacob,Material de oficina,Offline,Medium,1400,841.08,211.63,1177512,296282
E7140,Maria,Cosmeticos,Offline,Low,2420,897.49,61.18,2171925.8,148055.6
E7141,Michael,Material de oficina,Offline,Medium,3741,962,185.86,3598842,695302.26
E7142,Kyle,Bebida,Offline,Critical,8416,508.45,211.57,4279115.2,1780573.12
E7143,Joshua,Carnes,Offline,Low,4591,432.45,44.05,1985377.95,202233.55
E7144,Tammy,Cereales,Offline,Critical,8541,568.87,151.56,4858718.67,1294473.96
E7145,William,Cuidado personal,Online,Medium,7556,575.95,357.05,4351878.2,2697869.8
E7146,Michael,Cosmeticos,Online,High,7380,887.66,403.08,6550930.8,2974730.4
E7147,Nathan,Bebida,Online,Medium,6148,543.29,8.42,3340146.92,51766.16
E7148,Pamela,Cereales,Online,High,6383,590.52,79.68,3769289.16,508597.44
E7149,Stephen,Material de oficina,Online,Medium,1291,761.63,413.48,983264.33,533802.68
E7150,Michael,Verduras,Offline,Critical,1433,708.43,271.97,1015180.19,389733.01
E7151,Michael,Cereales,Offline,Low,9083,925.18,476.07,8403409.94,4324143.81
E7152,Robert,Material de oficina,Offline,Low,9320,736.51,384.11,6864273.2,3579905.2
E7153,Emily,Cosmeticos,Offline,Medium,8605,648.81,374.36,5583010.05,3221367.8
E7154,Joshua,Cosmeticos,Offline,Medium,7785,552.99,128.51,4305027.15,1000450.35
E7155,Hannah,Alimento infantil,Offline,Low,5541,611.6,179.03,3388875.6,992005.23
E7156,Eric,Ropa,Online,High,6216,466.73,40.21,2901193.68,249945.36
E7157,Michael,Domestico,Offline,Low,8173,854.57,391.6,6984400.61,3200546.8
E7158,Gregory,Ropa,Offline,Medium,9809,879.93,138.57,8631233.37,1359233.13
E7159,Curtis,Cosmeticos,Offline,Low,8912,982.46,14.6,8755683.52,130115.2
E7160,Brenda,Ropa,Offline,Critical,3719,800.5,343.23,2977059.5,1276472.37
E7161,Samantha,Alimento infantil,Online,Low,2178,604.09,176.25,1315708.02,383872.5
E7162,Mark,Domestico,Online,Low,3170,772.67,1.58,2449363.9,5008.6
E7163,Leslie,Verduras,Online,Medium,9842,410.22,320.31,4037385.24,3152491.02
E7164,Theresa,Carnes,Online,High,763,821.28,339.24,626636.64,258840.12
E7165,Bobby,Carnes,Online,Medium,566,918.49,174.28,519865.34,98642.48
E7166,Maria,Carnes,Offline,Critical,1078,511.64,83.76,551547.92,90293.28
E7167,Gail,Carnes,Online,Low,5403,576.5,166.48,3114829.5,899491.44
E7168,Christopher,Ropa,Online,High,9753,479.73,100.9,4678806.69,984077.7
E7169,Rebecca,Snacks,Online,Critical,301,858.15,16.75,258303.15,5041.75
E7170,Emma,Verduras,Offline,Low,5337,698.64,164.56,3728641.68,878256.72
E7171,Kimberly,Cosmeticos,Online,Critical,4796,823.19,235.25,3948019.24,1128259
E7172,Emily,Carnes,Offline,Low,5845,722.97,327.14,4225759.65,1912133.3
E7173,Robert,Cuidado personal,Offline,Low,1956,867.93,442.15,1697671.08,864845.4
E7174,Jonathan,Domestico,Offline,Low,7278,896.67,267.45,6525964.26,1946501.1
E7175,Tyrone,Verduras,Online,Critical,3870,989.73,400.41,3830255.1,1549586.7
E7176,Daniel,Material de oficina,Online,High,6322,910.26,309.66,5754663.72,1957670.52
E7177,Danny,Carnes,Online,Medium,5377,870.37,75.87,4679979.49,407952.99
E7178,Megan,Ropa,Offline,Critical,9119,542.9,431.29,4950705.1,3932933.51
E7179,David,Cuidado personal,Online,Critical,6069,694.82,432.99,4216862.58,2627816.31
E7180,Alexis,Material de oficina,Online,Low,4759,565.19,488.23,2689739.21,2323486.57
E7181,Jennifer,Verduras,Online,High,631,554.21,10.2,349706.51,6436.2
E7182,Robert,Snacks,Online,Low,5384,534.27,193.05,2876509.68,1039381.2
E7183,Jacqueline,Ropa,Offline,High,9394,932.94,397.4,8764038.36,3733175.6
E7184,Melissa,Alimento infantil,Offline,High,1200,435.51,360.8,522612,432960
E7185,Patricia,Cosmeticos,Offline,High,9465,604.49,312.36,5721497.85,2956487.4
E7186,Katherine,Frutas,Offline,High,3771,799.87,239.68,3016309.77,903833.28
E7187,Erica,Frutas,Online,Medium,4642,743.81,226.44,3452766.02,1051134.48
E7188,Nicholas,Cuidado personal,Offline,Medium,5062,598.92,321.21,3031733.04,1625965.02
E7189,Christina,Material de oficina,Offline,Critical,3129,883.3,149.15,2763845.7,466690.35
E7190,Richard,Cosmeticos,Online,High,4858,454.44,68.63,2207669.52,333404.54
E7191,Jennifer,Carnes,Offline,High,6796,533.72,29.05,3627161.12,197423.8
E7192,Melanie,Frutas,Offline,Low,2159,547.31,254.29,1181642.29,549012.11
E7193,Tina,Cuidado personal,Online,Medium,7789,608.11,470.3,4736568.79,3663166.7
E7194,Monica,Carnes,Offline,High,1789,469.02,106.23,839076.78,190045.47
E7195,Brenda,Bebida,Offline,Medium,2307,644.69,143.33,1487299.83,330662.31
E7196,Pamela,Cuidado personal,Offline,Critical,3187,497.81,72.82,1586520.47,232077.34
E7197,Eric,Cosmeticos,Offline,High,3938,497.19,358.98,1957934.22,1413663.24
E7198,Jacob,Ropa,Offline,High,4146,448.94,499.79,1861305.24,2072129.34
E7199,Christina,Domestico,Online,Critical,1006,926.27,465.1,931827.62,467890.6
E7200,Todd,Domestico,Online,High,6758,913.15,234.14,6171067.7,1582318.12
E7201,Samuel,Cosmeticos,Online,Low,5608,767.31,461.33,4303074.48,2587138.64
E7202,Brenda,Snacks,Offline,Medium,3978,955.53,34.77,3801098.34,138315.06
E7203,David,Bebida,Online,High,3412,691.42,250.29,2359125.04,853989.48
E7204,Kaitlin,Frutas,Online,High,6192,650.66,141.01,4028886.72,873133.92
E7205,Melanie,Material de oficina,Offline,Low,3290,620.44,362.49,2041247.6,1192592.1
E7206,Nathan,Alimento infantil,Offline,High,6136,572.36,209.46,3512000.96,1285246.56
E7207,Brian,Alimento infantil,Offline,Medium,7838,505.24,497.17,3960071.12,3896818.46
E7208,Ryan,Ropa,Online,Medium,5240,455.36,321.37,2386086.4,1683978.8
E7209,Ryan,Alimento infantil,Offline,Critical,9689,970.89,14.73,9406953.21,142718.97
E7210,Veronica,Alimento infantil,Online,Medium,8975,405.21,331.31,3636759.75,2973507.25
E7211,Cameron,Cosmeticos,Online,Low,429,432.07,359.04,185358.03,154028.16
E7212,Philip,Ropa,Online,High,9444,498.31,335.61,4706039.64,3169500.84
E7213,Gregory,Frutas,Offline,Medium,6587,707.98,61.31,4663464.26,403848.97
E7214,Donald,Snacks,Offline,Critical,2662,966.06,244.98,2571651.72,652136.76
E7215,Richard,Cosmeticos,Online,High,8353,893.24,194.51,7461233.72,1624742.03
E7216,Melanie,Snacks,Offline,High,3145,560.43,63.06,1762552.35,198323.7
E7217,Nicole,Snacks,Online,High,2066,673.78,477.86,1392029.48,987258.76
E7218,Alex,Snacks,Online,High,9838,864.25,242.22,8502491.5,2382960.36
E7219,Judith,Cereales,Offline,Medium,6708,626.12,74.27,4200012.96,498203.16
E7220,Kevin,Bebida,Offline,Low,101,570.4,21.32,57610.4,2153.32
E7221,Amanda,Material de oficina,Offline,Low,8707,781.39,195.4,6803562.73,1701347.8
E7222,Kyle,Domestico,Online,Critical,8129,602.37,172.14,4896665.73,1399326.06
E7223,Dawn,Verduras,Online,Medium,9277,889.49,113.75,8251798.73,1055258.75
E7224,Julie,Bebida,Online,Low,8108,632.94,441.28,5131877.52,3577898.24
E7225,Richard,Bebida,Offline,Medium,5428,896.05,403.47,4863759.4,2190035.16
E7226,Donald,Cereales,Online,Critical,7811,476.59,302.33,3722644.49,2361499.63
E7227,Mary,Verduras,Online,High,8361,853.06,270.15,7132434.66,2258724.15
E7228,Kevin,Cosmeticos,Offline,Medium,9144,546.9,374.13,5000853.6,3421044.72
E7229,Mary,Frutas,Offline,Medium,2496,833.53,337.5,2080490.88,842400
E7230,Jake,Material de oficina,Online,Medium,7900,426.25,361.16,3367375,2853164
E7231,Hector,Cosmeticos,Offline,Medium,3218,911.35,203.78,2932724.3,655764.04
E7232,Johnathan,Frutas,Online,Low,7719,462.82,208.15,3572507.58,1606709.85
E7233,Melissa,Verduras,Offline,Critical,7061,562.25,273.36,3970047.25,1930194.96
E7234,Michael,Ropa,Offline,High,4155,953.49,342.23,3961750.95,1421965.65
E7235,Brenda,Cosmeticos,Offline,Critical,876,625.81,416.02,548209.56,364433.52
E7236,Julie,Snacks,Online,Critical,9733,950.52,211.54,9251411.16,2058918.82
E7237,Bryan,Verduras,Offline,Low,7781,986.31,204.45,7674478.11,1590825.45
E7238,Matthew,Cosmeticos,Offline,Critical,7565,928.26,82.68,7022286.9,625474.2
E7239,David,Cereales,Offline,Low,3696,747.4,380.98,2762390.4,1408102.08
E7240,Tyler,Ropa,Online,Medium,9619,416.21,77.41,4003523.99,744606.79
E7241,Sarah,Cosmeticos,Online,Critical,8545,479.42,490.42,4096643.9,4190638.9
E7242,David,Domestico,Online,High,4151,737.49,418.53,3061320.99,1737318.03
E7243,Tami,Cereales,Online,Low,7265,904.27,272.04,6569521.55,1976370.6
E7244,Willie,Cosmeticos,Offline,Medium,6404,715.46,431.96,4581805.84,2766271.84
E7245,Anthony,Bebida,Online,Medium,6848,704.73,342.74,4825991.04,2347083.52
E7246,Nicole,Material de oficina,Online,Medium,546,750.69,70.55,409876.74,38520.3
E7247,Dorothy,Cereales,Offline,Medium,9426,755.49,119.57,7121248.74,1127066.82
E7248,Michael,Cosmeticos,Offline,Low,8284,613.23,11.44,5079997.32,94768.96
E7249,Susan,Frutas,Offline,Low,9428,800.49,349.38,7547019.72,3293954.64
E7250,Chad,Carnes,Offline,Critical,8268,832.16,13.22,6880298.88,109302.96
E7251,Christian,Domestico,Offline,High,8345,566.53,285.86,4727692.85,2385501.7
E7252,Travis,Cereales,Offline,Critical,5439,755.69,191.09,4110197.91,1039338.51
E7253,Vicki,Material de oficina,Offline,High,5588,484.34,118.88,2706491.92,664301.44
E7254,David,Carnes,Offline,Critical,282,576.55,287.24,162587.1,81001.68
E7255,Katherine,Ropa,Offline,High,1005,904.74,242.95,909263.7,244164.75
E7256,Rachel,Verduras,Offline,Low,4889,794.57,97.89,3884652.73,478584.21
E7257,Julie,Cosmeticos,Online,Critical,4645,857.37,148.03,3982483.65,687599.35
E7258,David,Ropa,Online,Low,6060,573.02,273.99,3472501.2,1660379.4
E7259,Judith,Alimento infantil,Offline,Medium,859,550.17,347.83,472596.03,298785.97
E7260,Andrew,Material de oficina,Offline,Critical,7369,899.79,198.87,6630552.51,1465473.03
E7261,Jessica,Cereales,Offline,Low,2401,993.99,378.85,2386569.99,909618.85
E7262,Willie,Bebida,Offline,Low,9940,806.65,492.15,8018101,4891971
E7263,Patricia,Frutas,Offline,Critical,6649,668.21,279.7,4442928.29,1859725.3
E7264,Miguel,Carnes,Offline,High,2673,616.07,130.77,1646755.11,349548.21
E7265,Brenda,Carnes,Offline,High,545,538.33,222.52,293389.85,121273.4
E7266,David,Snacks,Offline,High,1438,554.02,8.74,796680.76,12568.12
E7267,John,Cosmeticos,Online,High,382,401.14,370.59,153235.48,141565.38
E7268,Sonia,Snacks,Online,Critical,7332,557.47,283.64,4087370.04,2079648.48
E7269,Jacob,Ropa,Online,Medium,3889,630.18,428.44,2450770.02,1666203.16
E7270,Timothy,Verduras,Online,Low,3081,460.43,462.81,1418584.83,1425917.61
E7271,Joseph,Cereales,Offline,Medium,2517,569.82,156.06,1434236.94,392803.02
E7272,James,Snacks,Offline,Medium,6731,554.9,143.27,3735031.9,964350.37
E7273,Alexis,Verduras,Online,Low,5927,651.97,57.34,3864226.19,339854.18
E7274,Katherine,Domestico,Online,Medium,2520,879.78,485.55,2217045.6,1223586
E7275,Tyrone,Material de oficina,Online,High,7450,690.51,411.53,5144299.5,3065898.5
E7276,Sarah,Carnes,Offline,Critical,8567,709.57,188.93,6078886.19,1618563.31
E7277,Todd,Verduras,Online,Medium,2694,878.13,424.05,2365682.22,1142390.7
E7278,Amanda,Cosmeticos,Online,Medium,5762,842.81,45.58,4856271.22,262631.96
E7279,Steven,Snacks,Offline,Medium,4845,495.87,481.03,2402490.15,2330590.35
E7280,Kevin,Domestico,Online,Medium,6421,480.64,199.82,3086189.44,1283044.22
E7281,Jennifer,Domestico,Online,Medium,3992,931.54,44.69,3718707.68,178402.48
E7282,Douglas,Cereales,Online,Medium,357,852.97,85.95,304510.29,30684.15
E7283,Jessica,Cuidado personal,Offline,Critical,5548,719.95,488.75,3994282.6,2711585
E7284,Sonia,Ropa,Offline,High,5085,877.53,292.26,4462240.05,1486142.1
E7285,Gregory,Ropa,Offline,Low,1384,578.5,91.11,800644,126096.24
E7286,Tabitha,Bebida,Online,High,5854,590.48,187.38,3456669.92,1096922.52
E7287,Susan,Cereales,Online,Medium,7069,410.29,58.15,2900340.01,411062.35
E7288,Nicole,Frutas,Offline,Low,8289,735.6,338.18,6097388.4,2803174.02
E7289,Brandi,Ropa,Offline,Critical,2083,537.37,425.36,1119341.71,886024.88
E7290,Pamela,Frutas,Offline,Low,1208,414.91,242.16,501211.28,292529.28
E7291,Kayla,Alimento infantil,Offline,Low,7617,542.7,192.9,4133745.9,1469319.3
E7292,Melanie,Frutas,Offline,Low,7342,449.25,20.89,3298393.5,153374.38
E7293,Kayla,Material de oficina,Online,Medium,5334,956.13,97.96,5099997.42,522518.64
E7294,Crystal,Frutas,Online,High,3430,575.95,401.66,1975508.5,1377693.8
E7295,David,Domestico,Offline,High,9669,445.79,196.64,4310343.51,1901312.16
E7296,Carla,Cosmeticos,Offline,High,9129,962.54,425.77,8787027.66,3886854.33
E7297,Tiffany,Alimento infantil,Offline,Low,7346,458.65,251.64,3369242.9,1848547.44
E7298,Tyler,Ropa,Offline,Low,2796,865.34,3.29,2419490.64,9198.84
E7299,Dylan,Snacks,Online,High,4654,821.04,278.55,3821120.16,1296371.7
E7300,Eric,Alimento infantil,Offline,Critical,5272,769.86,75.87,4058701.92,399986.64
E7301,Gail,Carnes,Offline,Medium,9170,699.05,334.79,6410288.5,3070024.3
E7302,Andre,Cereales,Offline,Low,1583,556.12,339.65,880337.96,537665.95
E7303,Willie,Ropa,Online,Critical,9771,531.05,436.46,5188889.55,4264650.66
E7304,Donald,Snacks,Online,Critical,9161,528.58,166.66,4842321.38,1526772.26
E7305,Jacob,Ropa,Offline,High,7642,690.45,38.77,5276418.9,296280.34
E7306,Michael,Verduras,Offline,High,661,936.38,58.13,618947.18,38423.93
E7307,Ethan,Carnes,Offline,Low,8390,479.37,112.96,4021914.3,947734.4
E7308,Michelle,Carnes,Online,Low,8305,865.54,262.56,7188309.7,2180560.8
E7309,Lisa,Cuidado personal,Offline,High,5083,664.34,107.77,3376840.22,547794.91
E7310,Kenneth,Verduras,Offline,Low,217,473.07,340.08,102656.19,73797.36
E7311,William,Carnes,Offline,Critical,8207,616.87,301.75,5062652.09,2476462.25
E7312,Tyler,Carnes,Online,High,5495,900.67,136.02,4949181.65,747429.9
E7313,Bianca,Cereales,Offline,High,5267,497.77,313.72,2621754.59,1652363.24
E7314,Joshua,Alimento infantil,Online,High,3384,469.24,44.67,1587908.16,151163.28
E7315,Ashley,Alimento infantil,Offline,Critical,9121,996.32,333.04,9087434.72,3037657.84
E7316,Jessica,Cereales,Online,Low,136,981.44,235.59,133475.84,32040.24
E7317,Bianca,Carnes,Online,Medium,6073,992.01,94.13,6024476.73,571651.49
E7318,Colin,Carnes,Online,Medium,3307,400.9,430.09,1325776.3,1422307.63
E7319,Michael,Cuidado personal,Online,Critical,6520,521.93,300.77,3402983.6,1961020.4
E7320,Alexis,Bebida,Offline,Low,5649,715.71,122.29,4043045.79,690816.21
E7321,Laura,Frutas,Online,Critical,7918,526.13,136.26,4165897.34,1078906.68
E7322,Amanda,Cosmeticos,Online,Low,2425,853.6,390.02,2069980,945798.5
E7323,Susan,Carnes,Online,Critical,7266,511.44,17.52,3716123.04,127300.32
E7324,Ethan,Cuidado personal,Online,Low,8645,684.41,479.46,5916724.45,4144931.7
E7325,Eric,Snacks,Online,Low,3654,508.08,183.46,1856524.32,670362.84
E7326,Walter,Cosmeticos,Offline,Critical,6177,983.82,31.65,6077056.14,195502.05
E7327,Bobby,Carnes,Offline,Critical,644,912.43,175.55,587604.92,113054.2
E7328,Nicole,Cuidado personal,Online,Medium,7529,947.34,239.59,7132522.86,1803873.11
E7329,Cameron,Ropa,Offline,Critical,493,426.1,56.42,210067.3,27815.06
E7330,Melissa,Carnes,Online,High,5821,578.22,382.73,3365818.62,2227871.33
E7331,Jennifer,Frutas,Online,Critical,1444,441.23,219.82,637136.12,317420.08
E7332,Timothy,Ropa,Offline,Critical,3211,689.33,197.39,2213438.63,633819.29
E7333,David,Cosmeticos,Online,High,844,529.7,434.63,447066.8,366827.72
E7334,Brenda,Cosmeticos,Offline,High,6796,686.03,246.15,4662259.88,1672835.4
E7335,Nancy,Bebida,Online,Medium,6906,964.84,93.66,6663185.04,646815.96
E7336,Miguel,Ropa,Offline,Medium,7447,431.12,138.03,3210550.64,1027909.41
E7337,Danny,Cuidado personal,Online,Critical,3076,657.33,79.15,2021947.08,243465.4
E7338,Dawn,Cereales,Offline,Low,1162,496.56,195.4,577002.72,227054.8
E7339,Jacob,Cereales,Offline,Low,2205,756.86,168.34,1668876.3,371189.7
E7340,Ryan,Alimento infantil,Offline,Low,8861,953.88,12.81,8452330.68,113509.41
E7341,Tony,Snacks,Online,High,1849,733.67,124.94,1356555.83,231014.06
E7342,Johnny,Cereales,Offline,Critical,5303,775.58,423.29,4112900.74,2244706.87
E7343,Christine,Ropa,Online,Low,6459,940.69,156.81,6075916.71,1012835.79
E7344,Michael,Verduras,Online,High,9070,961.87,28.25,8724160.9,256227.5
E7345,Kristin,Ropa,Online,Critical,4070,525.63,469.69,2139314.1,1911638.3
E7346,James,Verduras,Online,High,9156,972.67,283.92,8905766.52,2599571.52
E7347,Mary,Snacks,Online,High,7471,495.42,402.73,3701282.82,3008795.83
E7348,Jeff,Carnes,Offline,High,560,994.35,290.91,556836,162909.6
E7349,Alicia,Bebida,Offline,Critical,3100,718.06,302.62,2225986,938122
E7350,Laurie,Bebida,Online,High,8021,948.72,356,7609683.12,2855476
E7351,Logan,Cuidado personal,Offline,Low,8631,513.32,80.65,4430464.92,696090.15
E7352,Julian,Verduras,Offline,High,5565,783.46,133.03,4359954.9,740311.95
E7353,Alisha,Verduras,Online,Critical,3776,619.06,89.9,2337570.56,339462.4
E7354,Christina,Material de oficina,Offline,Critical,7469,808.75,437.83,6040553.75,3270152.27
E7355,Cody,Snacks,Offline,Medium,9425,727.1,128.15,6852917.5,1207813.75
E7356,Matthew,Cereales,Offline,High,9221,870.42,428.62,8026142.82,3952305.02
E7357,Phillip,Material de oficina,Offline,Critical,2649,507.36,14.66,1343996.64,38834.34
E7358,Kenneth,Domestico,Offline,Low,1929,648.62,371.41,1251187.98,716449.89
E7359,Lisa,Alimento infantil,Offline,Critical,4831,535.59,216.63,2587435.29,1046539.53
E7360,John,Carnes,Offline,High,9496,967.55,452.3,9187854.8,4295040.8
E7361,Kyle,Frutas,Offline,High,2895,715.94,43.78,2072646.3,126743.1
E7362,Tami,Verduras,Online,Low,5181,568.41,173.45,2944932.21,898644.45
E7363,Stacy,Snacks,Offline,Critical,1483,991.7,315.14,1470691.1,467352.62
E7364,Paul,Material de oficina,Offline,Critical,3748,858.76,347.02,3218632.48,1300630.96
E7365,Brian,Snacks,Online,High,7851,926.53,68,7274187.03,533868
E7366,Troy,Material de oficina,Online,High,1794,835.63,437.97,1499120.22,785718.18
E7367,Desiree,Material de oficina,Offline,High,7955,733.51,245.86,5835072.05,1955816.3
E7368,Jeff,Cereales,Offline,Low,4054,607.65,193.09,2463413.1,782786.86
E7369,Natasha,Frutas,Online,Low,141,703.93,337.96,99254.13,47652.36
E7370,Cathy,Bebida,Offline,Medium,7081,822.79,409.77,5826175.99,2901581.37
E7371,Darryl,Carnes,Online,High,3249,746.48,193.94,2425313.52,630111.06
E7372,Daniel,Frutas,Online,Low,9379,982.97,276.32,9219275.63,2591605.28
E7373,Joshua,Snacks,Offline,Critical,679,800.14,374.6,543295.06,254353.4
E7374,Brian,Bebida,Offline,Medium,8770,716.13,280.85,6280460.1,2463054.5
E7375,Madison,Cereales,Offline,Medium,6194,946.24,174.89,5861010.56,1083268.66
E7376,Stuart,Frutas,Online,Medium,8794,878.61,440.29,7726496.34,3871910.26
E7377,Nancy,Carnes,Offline,Low,3634,760.38,344.64,2763220.92,1252421.76
E7378,Erica,Domestico,Online,Low,646,561.89,60.29,362980.94,38947.34
E7379,Stephanie,Domestico,Online,High,6784,736.26,110.47,4994787.84,749428.48
E7380,Vincent,Cereales,Offline,High,9263,697.65,402.75,6462331.95,3730673.25
E7381,Kimberly,Alimento infantil,Online,Critical,4373,932.4,397.86,4077385.2,1739841.78
E7382,Matthew,Alimento infantil,Offline,Low,8322,735.61,354.47,6121746.42,2949899.34
E7383,Brady,Cuidado personal,Online,High,3445,570.9,86.06,1966750.5,296476.7
E7384,Craig,Frutas,Offline,High,7064,867.24,175.68,6126183.36,1241003.52
E7385,Mark,Carnes,Offline,High,8552,401.24,368.25,3431404.48,3149274
E7386,Mary,Bebida,Offline,Critical,2125,552.87,390.17,1174848.75,829111.25
E7387,John,Domestico,Offline,Critical,7036,520.08,39.46,3659282.88,277640.56
E7388,Robert,Material de oficina,Online,High,7358,950.02,88.27,6990247.16,649490.66
E7389,Sonya,Ropa,Online,Low,2752,846.38,264.06,2329237.76,726693.12
E7390,Austin,Alimento infantil,Online,Critical,3359,935.02,20.09,3140732.18,67482.31
E7391,Curtis,Cuidado personal,Offline,Medium,8877,591.18,207.54,5247904.86,1842332.58
E7392,Elizabeth,Domestico,Offline,Medium,6566,512.66,404.1,3366125.56,2653320.6
E7393,Kelly,Cuidado personal,Online,Low,7072,584.91,226.49,4136483.52,1601737.28
E7394,Ryan,Cosmeticos,Offline,Low,5604,512.36,257.15,2871265.44,1441068.6
E7395,Melissa,Material de oficina,Offline,Medium,6879,737.74,263.61,5074913.46,1813373.19
E7396,Jared,Cosmeticos,Offline,Medium,852,671.79,459.32,572365.08,391340.64
E7397,Michael,Frutas,Online,High,6638,459.18,100.66,3048036.84,668181.08
E7398,Hannah,Alimento infantil,Online,Medium,7879,756.88,112.76,5963457.52,888436.04
E7399,Tami,Cereales,Offline,Low,7976,476.44,259.62,3800085.44,2070729.12
E7400,Joseph,Frutas,Offline,Low,6184,407.54,154.16,2520227.36,953325.44
E7401,John,Ropa,Offline,Critical,5832,430.24,431.18,2509159.68,2514641.76
E7402,Joseph,Domestico,Online,Low,9342,954.43,75.63,8916285.06,706535.46
E7403,Bryan,Alimento infantil,Offline,Critical,5928,738.5,133.3,4377828,790202.4
E7404,Zachary,Cosmeticos,Online,Low,7454,965.12,453.2,7194004.48,3378152.8
E7405,Daniel,Carnes,Online,Medium,4089,510.96,444.46,2089315.44,1817396.94
E7406,Thomas,Verduras,Online,Low,5459,488.84,345.79,2668577.56,1887667.61
E7407,Nicholas,Verduras,Online,High,4861,864.33,179.63,4201508.13,873181.43
E7408,Courtney,Alimento infantil,Offline,Medium,1746,895.95,30.53,1564328.7,53305.38
E7409,Philip,Cereales,Offline,Medium,149,981.72,112.41,146276.28,16749.09
E7410,Colin,Frutas,Offline,High,5317,900.98,182.55,4790510.66,970618.35
E7411,Kayla,Domestico,Offline,Medium,7340,419.13,383.45,3076414.2,2814523
E7412,Kimberly,Cuidado personal,Offline,Low,7987,414.63,290.64,3311649.81,2321341.68
E7413,David,Cosmeticos,Online,High,2243,786.48,158.65,1764074.64,355851.95
E7414,Alexis,Cuidado personal,Online,Low,5896,807.73,13.84,4762376.08,81600.64
E7415,Justin,Cosmeticos,Online,Low,295,978.51,364.14,288660.45,107421.3
E7416,Carla,Verduras,Online,Medium,4911,675.27,394.95,3316250.97,1939599.45
E7417,Antonio,Domestico,Offline,Low,740,466.84,240.26,345461.6,177792.4
E7418,Diana,Alimento infantil,Online,Low,3030,515.44,327.41,1561783.2,992052.3
E7419,Kim,Bebida,Online,Medium,5477,480.13,288.06,2629672.01,1577704.62
E7420,Christina,Verduras,Online,Critical,8835,788.12,301.08,6963040.2,2660041.8
E7421,Ryan,Carnes,Offline,Low,8327,402.28,350.16,3349785.56,2915782.32
E7422,Brenda,Verduras,Online,Critical,9080,708.95,354.49,6437266,3218769.2
E7423,Daniel,Cosmeticos,Online,Medium,1159,877.01,373.2,1016454.59,432538.8
E7424,Mark,Cosmeticos,Offline,Low,522,698.27,476.61,364496.94,248790.42
E7425,Brady,Frutas,Offline,Medium,8956,975.48,308.05,8736398.88,2758895.8
E7426,Bruce,Verduras,Offline,Low,5345,583.16,378.4,3116990.2,2022548
E7427,Edward,Bebida,Online,Low,5430,687.59,404.72,3733613.7,2197629.6
E7428,Richard,Bebida,Online,Low,8760,543.23,36.91,4758694.8,323331.6
E7429,Evan,Ropa,Online,Critical,7432,743.13,442.9,5522942.16,3291632.8
E7430,Maria,Carnes,Offline,Low,2578,417.01,416.03,1075051.78,1072525.34
E7431,Ryan,Cuidado personal,Online,Critical,3560,691.08,364.52,2460244.8,1297691.2
E7432,Matthew,Cereales,Offline,High,5713,936.46,72.55,5349995.98,414478.15
E7433,Duane,Snacks,Online,Low,8036,450.05,43.87,3616601.8,352539.32
E7434,Ethan,Material de oficina,Online,High,8355,942.04,494.3,7870744.2,4129876.5
E7435,Kaitlyn,Alimento infantil,Online,Medium,4883,619.12,240.58,3023162.96,1174752.14
E7436,Antonio,Verduras,Offline,High,5994,771.03,91.35,4621553.82,547551.9
E7437,Alex,Cosmeticos,Online,Low,7843,723.27,216.13,5672606.61,1695107.59
E7438,Bryan,Alimento infantil,Online,Critical,2540,752.24,36.59,1910689.6,92938.6
E7439,Heather,Verduras,Offline,High,861,959.79,245.09,826379.19,211022.49
E7440,Zachary,Ropa,Offline,High,8724,989.82,193.73,8635189.68,1690100.52
E7441,Christina,Material de oficina,Online,Low,448,429.86,345.48,192577.28,154775.04
E7442,Lisa,Bebida,Online,Critical,2605,581.67,91.27,1515250.35,237758.35
E7443,Chad,Cosmeticos,Offline,Low,4820,466.78,249.27,2249879.6,1201481.4
E7444,Jacqueline,Snacks,Online,Medium,1970,992.57,76.38,1955362.9,150468.6
E7445,Donald,Carnes,Offline,Critical,368,900.8,365.58,331494.4,134533.44
E7446,Jeff,Cereales,Online,Low,4790,794.77,40.55,3806948.3,194234.5
E7447,Morgan,Bebida,Online,Critical,1503,681.98,393.1,1025015.94,590829.3
E7448,Dana,Cosmeticos,Online,Critical,6159,497.54,209.49,3064348.86,1290248.91
E7449,Sydney,Cereales,Online,Medium,1071,568.31,49.67,608660.01,53196.57
E7450,Jessica,Bebida,Offline,High,7749,790.22,267.72,6123414.78,2074562.28
E7451,Jose,Frutas,Offline,Low,5063,615.61,7.62,3116833.43,38580.06
E7452,Vincent,Carnes,Online,Critical,9600,998.75,104.04,9588000,998784
E7453,Andrea,Frutas,Offline,Low,4109,663.95,94.14,2728170.55,386821.26
E7454,Nicholas,Ropa,Offline,Critical,2015,741.75,382.35,1494626.25,770435.25
E7455,Melinda,Bebida,Online,Medium,6753,776.48,482.15,5243569.44,3255958.95
E7456,Michael,Bebida,Offline,Low,6309,446.18,289.77,2814949.62,1828158.93
E7457,Paula,Cereales,Online,Low,325,485.86,152.61,157904.5,49598.25
E7458,Melanie,Bebida,Online,Critical,8668,942.7,113.96,8171323.6,987805.28
E7459,Brenda,Carnes,Offline,High,2047,526.09,61.93,1076906.23,126770.71
E7460,Kim,Snacks,Offline,Critical,7114,453.92,289.01,3229186.88,2056017.14
E7461,Jennifer,Bebida,Offline,Low,1977,863.76,268.42,1707653.52,530666.34
E7462,David,Domestico,Offline,Low,1508,677.64,416.1,1021881.12,627478.8
E7463,Laura,Snacks,Online,Medium,5724,703.53,128.35,4027005.72,734675.4
E7464,Todd,Domestico,Offline,Low,6108,613.75,34.18,3748785,208771.44
E7465,Thomas,Bebida,Offline,Medium,6365,655.31,165.43,4171048.15,1052961.95
E7466,Courtney,Frutas,Online,Critical,7255,614.61,421.44,4458995.55,3057547.2
E7467,Nathan,Cuidado personal,Offline,High,1563,947.57,494.65,1481051.91,773137.95
E7468,Hunter,Verduras,Offline,Low,3884,957.8,338.98,3720095.2,1316598.32
E7469,Justin,Bebida,Online,High,4761,926.66,353.69,4411828.26,1683918.09
E7470,Nicole,Frutas,Online,Critical,372,428.94,258.55,159565.68,96180.6
E7471,Emily,Material de oficina,Offline,High,4613,623.09,84.59,2874314.17,390213.67
E7472,Gregory,Carnes,Offline,Medium,7316,577.76,27.8,4226892.16,203384.8
E7473,Lori,Cosmeticos,Offline,High,5937,412.48,411.2,2448893.76,2441294.4
E7474,Austin,Alimento infantil,Online,Medium,837,486.21,40.76,406957.77,34116.12
E7475,David,Verduras,Online,High,789,662.11,294.47,522404.79,232336.83
E7476,Hannah,Frutas,Online,Medium,778,435.4,72.19,338741.2,56163.82
E7477,Jesse,Material de oficina,Offline,Medium,5209,798.56,270.94,4159699.04,1411326.46
E7478,Rebecca,Frutas,Online,Critical,5600,475.75,236.47,2664200,1324232
E7479,Julie,Carnes,Offline,Low,9143,458.29,90.61,4190145.47,828447.23
E7480,Kim,Material de oficina,Online,Critical,5029,482.43,225.76,2426140.47,1135347.04
E7481,Jeffrey,Alimento infantil,Offline,Critical,655,905.32,231.2,592984.6,151436
E7482,Danny,Domestico,Online,Critical,9172,620.37,105.98,5690033.64,972048.56
E7483,Jeffrey,Verduras,Offline,Medium,9720,414.68,471.27,4030689.6,4580744.4
E7484,Tyler,Ropa,Online,Critical,2357,420.14,374.35,990269.98,882342.95
E7485,Katie,Carnes,Offline,Low,2231,529.15,152.02,1180533.65,339156.62
E7486,Brittany,Verduras,Offline,Critical,7924,915.3,426.85,7252837.2,3382359.4
E7487,David,Ropa,Online,Critical,478,849.49,254.23,406056.22,121521.94
E7488,Katie,Cosmeticos,Online,Low,6754,608.94,335.62,4112780.76,2266777.48
E7489,Paul,Ropa,Offline,Critical,9450,915.7,252.66,8653365,2387637
E7490,Christina,Cosmeticos,Online,Low,708,543.25,12.23,384621,8658.84
E7491,Ryan,Bebida,Online,Low,6398,866.46,294.16,5543611.08,1882035.68
E7492,Gail,Bebida,Offline,Critical,5181,990.51,8.01,5131832.31,41499.81
E7493,Eric,Frutas,Online,Medium,5142,995.24,469.31,5117524.08,2413192.02
E7494,Gabriel,Frutas,Offline,High,4064,541.83,406.88,2201997.12,1653560.32
E7495,Amanda,Snacks,Offline,Critical,5540,561.81,369.43,3112427.4,2046642.2
E7496,Stephen,Cuidado personal,Offline,Low,7261,877.98,308.69,6375012.78,2241398.09
E7497,Michelle,Cuidado personal,Offline,Low,5806,981.95,141.58,5701201.7,822013.48
E7498,Nicholas,Snacks,Offline,Critical,8393,889.41,359.29,7464818.13,3015520.97
E7499,Duane,Alimento infantil,Offline,Critical,767,454.56,438.23,348647.52,336122.41
E7500,Kenneth,Cosmeticos,Offline,Low,3790,815.21,368.83,3089645.9,1397865.7
E7501,Daniel,Carnes,Online,Medium,6551,561.42,303.55,3677862.42,1988556.05
E7502,Nicole,Carnes,Offline,Critical,3559,944.96,231.8,3363112.64,824976.2
E7503,David,Cuidado personal,Offline,Medium,9314,701.25,391.69,6531442.5,3648200.66
E7504,Jessica,Cereales,Offline,High,3664,918.6,75.44,3365750.4,276412.16
E7505,Alexis,Verduras,Offline,High,6710,535.9,123.68,3595889,829892.8
E7506,Melanie,Bebida,Offline,Low,4898,428.43,483.88,2098450.14,2370044.24
E7507,Anthony,Verduras,Offline,Medium,8082,505.64,293.9,4086582.48,2375299.8
E7508,Christopher,Cosmeticos,Offline,Low,2395,504.25,493.6,1207678.75,1182172
E7509,Jessica,Frutas,Offline,Low,2799,882.15,94.92,2469137.85,265681.08
E7510,Dawn,Verduras,Offline,Low,5087,721.04,262.21,3667930.48,1333862.27
E7511,Jonathan,Snacks,Online,High,6044,515.01,425.93,3112720.44,2574320.92
E7512,Jesse,Alimento infantil,Online,Medium,5428,516.02,474.32,2800956.56,2574608.96
E7513,Crystal,Snacks,Offline,Low,8455,911.11,113.67,7703435.05,961079.85
E7514,Brittany,Ropa,Online,Critical,1693,982.3,430.95,1663033.9,729598.35
E7515,Gabriel,Verduras,Offline,Critical,8038,597.79,230.82,4805036.02,1855331.16
E7516,Melanie,Snacks,Online,Medium,728,467.81,324.69,340565.68,236374.32
E7517,James,Cuidado personal,Online,Critical,8684,483.47,125.88,4198453.48,1093141.92
E7518,Marc,Alimento infantil,Online,Critical,3719,797.6,336.64,2966274.4,1251964.16
E7519,Robert,Cereales,Online,Critical,3961,959.6,168.23,3800975.6,666359.03
E7520,Brenda,Cosmeticos,Online,Critical,5825,845.62,349.62,4925736.5,2036536.5
E7521,Deborah,Snacks,Offline,Critical,1158,523.14,397.78,605796.12,460629.24
E7522,Ethan,Material de oficina,Offline,Low,4962,852.01,179.96,4227673.62,892961.52
E7523,Kimberly,Material de oficina,Offline,Critical,3114,451.77,141.32,1406811.78,440070.48
E7524,Sean,Snacks,Online,Critical,4370,492.38,86.05,2151700.6,376038.5
E7525,Monica,Bebida,Online,Low,4558,491.58,112.24,2240621.64,511589.92
E7526,Mary,Ropa,Offline,Medium,6767,663.96,130.84,4493017.32,885394.28
E7527,Brandi,Snacks,Online,Critical,6676,617.39,21.68,4121695.64,144735.68
E7528,Amanda,Carnes,Online,High,4159,629.77,187.13,2619213.43,778273.67
E7529,Jennifer,Cuidado personal,Online,Critical,677,672.16,278.65,455052.32,188646.05
E7530,Tyler,Carnes,Offline,Medium,765,576.6,253.63,441099,194026.95
E7531,Julie,Cosmeticos,Offline,Critical,671,832.9,181.92,558875.9,122068.32
E7532,Nicholas,Domestico,Offline,High,4357,504.47,166.32,2197975.79,724656.24
E7533,Stacy,Alimento infantil,Online,Medium,5948,609.91,32.72,3627744.68,194618.56
E7534,Kyle,Alimento infantil,Offline,Medium,3568,917.4,263.23,3273283.2,939204.64
E7535,Lisa,Bebida,Online,Low,9794,491.29,303.55,4811694.26,2972968.7
E7536,Annette,Bebida,Online,High,9091,495.68,317.07,4506226.88,2882483.37
E7537,Gregory,Cosmeticos,Online,High,397,568.53,52.61,225706.41,20886.17
E7538,Darryl,Carnes,Offline,High,4576,933.05,48.91,4269636.8,223812.16
E7539,Tracey,Material de oficina,Online,Critical,9113,635.6,1.7,5792222.8,15492.1
E7540,Eric,Bebida,Online,Critical,9008,971.28,262.11,8749290.24,2361086.88
E7541,Anthony,Cuidado personal,Online,Critical,6934,852.51,227.11,5911304.34,1574780.74
E7542,Kimberly,Verduras,Online,High,8223,802.77,268.18,6601177.71,2205244.14
E7543,Jeff,Snacks,Online,Low,2815,696.09,122.45,1959493.35,344696.75
E7544,Pamela,Cosmeticos,Online,Medium,5280,533.3,170.44,2815824,899923.2
E7545,Chad,Alimento infantil,Online,Low,1811,446.05,417.72,807796.55,756490.92
E7546,Danny,Domestico,Offline,Medium,5041,760.54,393.22,3833882.14,1982222.02
E7547,Daniel,Cuidado personal,Online,Low,267,577.84,433.69,154283.28,115795.23
E7548,Michael,Cuidado personal,Offline,Medium,9526,611.99,298.09,5829816.74,2839605.34
E7549,John,Ropa,Offline,High,6268,756.51,144.42,4741804.68,905224.56
E7550,Mary,Carnes,Online,Low,1893,904.58,412.14,1712369.94,780181.02
E7551,Jessica,Bebida,Offline,Medium,7268,523.58,349.32,3805379.44,2538857.76
E7552,Gregory,Verduras,Offline,Low,934,602.66,280,562884.44,261520
E7553,Alexis,Carnes,Offline,Medium,9350,612.64,224.83,5728184,2102160.5
E7554,Amber,Snacks,Online,Medium,9595,847.98,68.23,8136368.1,654666.85
E7555,Melanie,Frutas,Offline,High,8324,911.08,410.15,7583829.92,3414088.6
E7556,Kaitlin,Snacks,Offline,Medium,7437,569,126.2,4231653,938549.4
E7557,Hunter,Snacks,Offline,High,3553,898.97,432.2,3194040.41,1535606.6
E7558,Ryan,Cereales,Offline,Low,1304,522.21,486.67,680961.84,634617.68
E7559,Sara,Carnes,Offline,Medium,8256,495.37,165.97,4089774.72,1370248.32
E7560,Alexis,Bebida,Offline,High,327,985.53,473.04,322268.31,154684.08
E7561,Susan,Domestico,Online,Critical,9766,661.76,379.52,6462748.16,3706392.32
E7562,Kimberly,Domestico,Offline,Medium,8309,670.69,273.95,5572763.21,2276250.55
E7563,Katie,Cosmeticos,Offline,Critical,1995,630,372.59,1256850,743317.05
E7564,Kevin,Frutas,Online,Low,6620,906.16,397.16,5998779.2,2629199.2
E7565,Erica,Cereales,Offline,Medium,6756,500.25,268.92,3379689,1816823.52
E7566,Joshua,Carnes,Online,Critical,8837,946,184.92,8359802,1634138.04
E7567,Andrew,Frutas,Offline,Medium,9290,688.62,65.56,6397279.8,609052.4
E7568,Amber,Domestico,Offline,High,1781,444.25,236.31,791209.25,420868.11
E7569,Paul,Bebida,Online,Low,3751,582.18,40.77,2183757.18,152928.27
E7570,Kayla,Material de oficina,Online,Medium,391,663.69,422,259502.79,165002
E7571,Michael,Snacks,Offline,Critical,3865,407.11,56.87,1573480.15,219802.55
E7572,Donald,Domestico,Offline,Medium,9038,882.04,423.72,7971877.52,3829581.36
E7573,Michael,Snacks,Online,Critical,4917,996.03,332.15,4897479.51,1633181.55
E7574,Dawn,Alimento infantil,Online,High,6321,600.87,60.07,3798099.27,379702.47
E7575,Lisa,Snacks,Offline,High,9975,499.51,214.13,4982612.25,2135946.75
E7576,David,Carnes,Online,Low,1879,485.55,57.98,912348.45,108944.42
E7577,Richard,Snacks,Online,High,3059,833.71,304.17,2550318.89,930456.03
E7578,Travis,Alimento infantil,Offline,Low,9103,502.25,285,4571981.75,2594355
E7579,Michael,Carnes,Offline,Low,1671,425.9,395.1,711678.9,660212.1
E7580,Kayla,Alimento infantil,Offline,Low,6077,757.83,128.47,4605332.91,780712.19
E7581,Emily,Bebida,Offline,Low,995,655.64,499.13,652361.8,496634.35
E7582,Robert,Domestico,Offline,Low,1757,981.08,211.28,1723757.56,371218.96
E7583,Steven,Verduras,Offline,Critical,6342,488.24,384.35,3096418.08,2437547.7
E7584,Melissa,Cosmeticos,Offline,Low,4235,573.1,101.56,2427078.5,430106.6
E7585,Ryan,Alimento infantil,Online,Critical,5433,669.49,210.09,3637339.17,1141418.97
E7586,Nicholas,Domestico,Online,Medium,4378,431.51,346.52,1889150.78,1517064.56
E7587,Sonia,Cereales,Online,Medium,6798,562.82,403.44,3826050.36,2742585.12
E7588,Judith,Cereales,Offline,Low,6408,688.89,436,4414407.12,2793888
E7589,Veronica,Verduras,Offline,Critical,2614,769.81,417.96,2012283.34,1092547.44
E7590,Brandon,Cuidado personal,Offline,Low,6157,964.66,173.13,5939411.62,1065961.41
E7591,Dorothy,Carnes,Offline,Medium,7295,792.34,337.76,5780120.3,2463959.2
E7592,Christopher,Cereales,Offline,Critical,3895,638.5,194.78,2486957.5,758668.1
E7593,Stacy,Bebida,Online,Medium,1930,816.07,308.32,1575015.1,595057.6
E7594,Adam,Cereales,Offline,Medium,2636,513.24,356.94,1352900.64,940893.84
E7595,David,Verduras,Offline,Low,5820,909.43,10.43,5292882.6,60702.6
E7596,Susan,Cosmeticos,Online,Critical,3688,881.36,24.53,3250455.68,90466.64
E7597,Daniel,Ropa,Offline,Medium,7009,772.8,136.19,5416555.2,954555.71
E7598,Dawn,Cuidado personal,Online,Medium,1869,946.61,139.8,1769214.09,261286.2
E7599,Sean,Ropa,Offline,Critical,2184,533.05,58.88,1164181.2,128593.92
E7600,Tiffany,Carnes,Offline,Critical,7331,465.01,345.82,3408988.31,2535206.42
E7601,Brandi,Material de oficina,Offline,High,6693,427.79,145.01,2863198.47,970551.93
E7602,Vincent,Material de oficina,Online,Medium,9823,608.44,288.39,5976706.12,2832854.97
E7603,James,Frutas,Offline,Low,8301,906.68,91.22,7526350.68,757217.22
E7604,Chad,Verduras,Online,High,7512,540.5,375.07,4060236,2817525.84
E7605,Timothy,Cuidado personal,Offline,Medium,6566,929.59,190.82,6103687.94,1252924.12
E7606,Zachary,Ropa,Online,Critical,2921,761.19,477.6,2223435.99,1395069.6
E7607,Alicia,Cuidado personal,Offline,Medium,2750,510.89,33.54,1404947.5,92235
E7608,Mary,Alimento infantil,Offline,Low,9668,455.06,401.59,4399520.08,3882572.12
E7609,Melissa,Bebida,Offline,Medium,5910,862.57,308.77,5097788.7,1824830.7
E7610,Elizabeth,Domestico,Online,Medium,8262,782.87,58.18,6468071.94,480683.16
E7611,Carla,Cuidado personal,Offline,Medium,9674,968.06,326.96,9365012.44,3163011.04
E7612,Joseph,Frutas,Online,Critical,5163,590.45,391.1,3048493.35,2019249.3
E7613,Randy,Carnes,Offline,Low,8100,886.25,479.11,7178625,3880791
E7614,Justin,Alimento infantil,Offline,High,4689,552.79,433.6,2592032.31,2033150.4
E7615,Michael,Alimento infantil,Offline,High,6061,455.94,147.4,2763452.34,893391.4
E7616,Audrey,Domestico,Online,Medium,708,413.73,485.18,292920.84,343507.44
E7617,Troy,Carnes,Online,Medium,9199,844.06,81.54,7764507.94,750086.46
E7618,Zachary,Bebida,Online,High,1081,527.99,429.31,570757.19,464084.11
E7619,Kristin,Material de oficina,Offline,Medium,9341,782.96,421.81,7313629.36,3940127.21
E7620,Christina,Frutas,Online,High,8383,766.03,461.26,6421629.49,3866742.58
E7621,Jacob,Ropa,Online,Low,7494,872.58,60.55,6539114.52,453761.7
E7622,Christina,Ropa,Offline,Critical,2061,821.54,109.79,1693193.94,226277.19
E7623,Andrea,Domestico,Offline,Critical,7738,649.12,191.98,5022890.56,1485541.24
E7624,Holly,Frutas,Offline,Critical,3893,728.29,456.85,2835232.97,1778517.05
E7625,Mary,Domestico,Offline,Critical,3712,718.2,325.7,2665958.4,1208998.4
E7626,Julie,Carnes,Online,Critical,1567,706.52,148.92,1107116.84,233357.64
E7627,Tammy,Carnes,Offline,Medium,5618,602.7,499.23,3385968.6,2804674.14
E7628,Raymond,Cuidado personal,Offline,Critical,8227,830.25,456.27,6830466.75,3753733.29
E7629,Darryl,Snacks,Online,Medium,1640,621.17,344.08,1018718.8,564291.2
E7630,Jacob,Frutas,Online,Low,7051,611.02,13.21,4308302.02,93143.71
E7631,Chad,Snacks,Offline,Low,703,701.09,264.99,492866.27,186287.97
E7632,James,Ropa,Online,Medium,4650,967.48,177,4498782,823050
E7633,Charles,Frutas,Offline,High,2926,534.42,170.75,1563712.92,499614.5
E7634,Jaime,Cuidado personal,Online,High,6369,556.26,327.31,3542819.94,2084637.39
E7635,Nicholas,Cosmeticos,Offline,Critical,1451,557.48,280.42,808903.48,406889.42
E7636,Kristin,Frutas,Online,High,4442,736.54,81.78,3271710.68,363266.76
E7637,Andrew,Cuidado personal,Online,Medium,4236,623.46,137.35,2640976.56,581814.6
E7638,Michael,Carnes,Offline,Low,7436,767.14,105.04,5704453.04,781077.44
E7639,Jake,Bebida,Offline,Critical,1534,744.1,333.77,1141449.4,512003.18
E7640,Valerie,Frutas,Online,High,6938,862.4,463.97,5983331.2,3219023.86
E7641,Kenneth,Verduras,Online,Critical,5555,826.08,361.91,4588874.4,2010410.05
E7642,Courtney,Material de oficina,Offline,Low,704,555.7,499.78,391212.8,351845.12
E7643,Thomas,Material de oficina,Offline,High,4440,609.32,457.94,2705380.8,2033253.6
E7644,Randall,Bebida,Offline,Medium,4400,575.18,487.75,2530792,2146100
E7645,David,Alimento infantil,Offline,Critical,1816,497.05,57.61,902642.8,104619.76
E7646,Cathy,Domestico,Offline,Critical,6161,747.96,96.2,4608181.56,592688.2
E7647,Hannah,Cuidado personal,Offline,High,3136,989.12,35.52,3101880.32,111390.72
E7648,Jeff,Ropa,Offline,High,7147,838,358.06,5989186,2559054.82
E7649,Mary,Cereales,Offline,Low,4380,908.04,204.83,3977215.2,897155.4
E7650,Kristen,Material de oficina,Offline,Medium,4751,527.58,299.21,2506532.58,1421546.71
E7651,Joshua,Carnes,Offline,High,5752,717.59,453.75,4127577.68,2609970
E7652,Richard,Cereales,Offline,Medium,8295,877.56,98.99,7279360.2,821122.05
E7653,James,Frutas,Online,Low,2450,595.64,123.1,1459318,301595
E7654,Walter,Bebida,Offline,High,9923,708.56,138.65,7031040.88,1375823.95
E7655,Eric,Cosmeticos,Online,Critical,6884,750.53,283.91,5166648.52,1954436.44
E7656,Hector,Cuidado personal,Offline,Medium,9865,696.35,176.02,6869492.75,1736437.3
E7657,David,Verduras,Online,Medium,4782,802.46,62.53,3837363.72,299018.46
E7658,Carla,Material de oficina,Online,Medium,6147,596.35,308.95,3665763.45,1899115.65
E7659,Jill,Frutas,Offline,High,4309,883.27,276.26,3806010.43,1190404.34
E7660,Taylor,Cosmeticos,Online,Low,1514,933.01,396.23,1412577.14,599892.22
E7661,Taylor,Frutas,Online,Critical,9493,671.42,328.81,6373790.06,3121393.33
E7662,Sean,Carnes,Online,High,1976,916.25,248.89,1810510,491806.64
E7663,Kevin,Alimento infantil,Online,Critical,3691,923.53,412.07,3408749.23,1520950.37
E7664,James,Cosmeticos,Offline,Medium,7684,943.53,241.47,7250084.52,1855455.48
E7665,Sarah,Cereales,Offline,Low,9237,688.24,79.78,6357272.88,736927.86
E7666,Nicholas,Ropa,Online,Medium,829,508.61,27.72,421637.69,22979.88
E7667,Monica,Alimento infantil,Online,Medium,4266,590.14,115.76,2517537.24,493832.16
E7668,James,Verduras,Offline,Low,9847,433.98,281.76,4273401.06,2774490.72
E7669,Daniel,Ropa,Offline,Medium,8390,706.44,249.36,5927031.6,2092130.4
E7670,David,Carnes,Offline,Low,8047,599.8,61.25,4826590.6,492878.75
E7671,Brenda,Cereales,Online,Critical,7121,403.42,256.89,2872753.82,1829313.69
E7672,Sean,Cuidado personal,Offline,Medium,2312,914.26,339.84,2113769.12,785710.08
E7673,John,Carnes,Offline,High,442,977.09,71.72,431873.78,31700.24
E7674,Joshua,Domestico,Offline,High,9978,712.94,423.04,7113715.32,4221093.12
E7675,Erin,Carnes,Online,Low,3202,865.86,368.92,2772483.72,1181281.84
E7676,Jaime,Frutas,Online,Critical,9071,930.82,362.45,8443468.22,3287783.95
E7677,Jennifer,Snacks,Online,Low,3251,556.66,213.31,1809701.66,693470.81
E7678,Sean,Cuidado personal,Offline,Medium,7378,464.88,208.71,3429884.64,1539862.38
E7679,Eric,Cereales,Online,Low,4139,906.82,464.67,3753327.98,1923269.13
E7680,Brenda,Alimento infantil,Offline,High,9835,936.24,180.33,9207920.4,1773545.55
E7681,Nicole,Snacks,Online,Critical,6525,940.89,109.76,6139307.25,716184
E7682,Brenda,Cuidado personal,Online,Medium,5429,806.92,299.96,4380768.68,1628482.84
E7683,George,Ropa,Offline,Low,2799,912.95,497.58,2555347.05,1392726.42
E7684,Chris,Material de oficina,Online,Critical,5219,881.27,260.96,4599348.13,1361950.24
E7685,Emily,Cuidado personal,Online,Low,2944,647.22,10.23,1905415.68,30117.12
E7686,George,Bebida,Online,High,7886,442.55,102.39,3489949.3,807447.54
E7687,Alexis,Alimento infantil,Offline,Low,6930,827.62,133.9,5735406.6,927927
E7688,Theresa,Carnes,Offline,Medium,139,737.05,216.86,102449.95,30143.54
E7689,Bruce,Material de oficina,Offline,Critical,8060,755.45,299.29,6088927,2412277.4
E7690,Deborah,Carnes,Online,Medium,4709,678.03,150.59,3192843.27,709128.31
E7691,David,Bebida,Online,Medium,2083,502.48,186.11,1046665.84,387667.13
E7692,Jennifer,Cosmeticos,Online,High,5195,663.02,133.92,3444388.9,695714.4
E7693,Zachary,Frutas,Online,High,7252,463.2,421.79,3359126.4,3058821.08
E7694,Tiffany,Cereales,Online,Low,4384,925.33,1.22,4056646.72,5348.48
E7695,Willie,Cosmeticos,Offline,Low,4527,833.59,197.14,3773661.93,892452.78
E7696,Madison,Material de oficina,Online,Low,155,836.18,477.71,129607.9,74045.05
E7697,Jill,Cosmeticos,Offline,Low,2891,772.99,296.21,2234714.09,856343.11
E7698,Darryl,Material de oficina,Offline,Low,7232,874.4,150.61,6323660.8,1089211.52
E7699,Donald,Bebida,Online,Low,2131,920.21,170.69,1960967.51,363740.39
E7700,John,Snacks,Online,Medium,3218,783.74,81.6,2522075.32,262588.8
E7701,Dawn,Cuidado personal,Offline,Medium,5872,514.13,95.22,3018971.36,559131.84
E7702,James,Alimento infantil,Online,Medium,3233,444.17,291.35,1436001.61,941934.55
E7703,Michael,Bebida,Offline,Medium,4727,859.06,3.72,4060776.62,17584.44
E7704,Jessica,Carnes,Online,Medium,2638,907.51,313.29,2394011.38,826459.02
E7705,Alexis,Snacks,Online,Low,5433,610.17,277.11,3315053.61,1505538.63
E7706,Rita,Ropa,Offline,Medium,5887,433.3,37.65,2550837.1,221645.55
E7707,Philip,Cosmeticos,Online,Critical,5694,522.14,324.17,2973065.16,1845823.98
E7708,Phillip,Domestico,Online,High,6414,508.5,418.03,3261519,2681244.42
E7709,Lisa,Cosmeticos,Offline,Medium,1514,737.07,245.19,1115923.98,371217.66
E7710,Elizabeth,Frutas,Online,Critical,9225,547.17,57.58,5047643.25,531175.5
E7711,Audrey,Alimento infantil,Online,Critical,3335,445.71,95.71,1486442.85,319192.85
E7712,Ashley,Frutas,Offline,High,2449,809.72,272.22,1983004.28,666666.78
E7713,Troy,Cosmeticos,Offline,High,7149,412.06,95.36,2945816.94,681728.64
E7714,Jose,Cereales,Online,Low,2597,572.82,9.53,1487613.54,24749.41
E7715,Monica,Verduras,Online,Critical,1546,883.39,83.05,1365720.94,128395.3
E7716,Karen,Alimento infantil,Online,Medium,3504,563.88,347.69,1975835.52,1218305.76
E7717,Kristen,Material de oficina,Offline,Low,8838,978.12,405.34,8644624.56,3582394.92
E7718,Michael,Verduras,Online,High,4291,772.45,483.18,3314582.95,2073325.38
E7719,Kayla,Cuidado personal,Online,Low,2113,688.95,313.93,1455751.35,663334.09
E7720,Alexis,Material de oficina,Online,Medium,5999,825.32,171.38,4951094.68,1028108.62
E7721,Katie,Cosmeticos,Offline,Critical,5747,897.93,443.2,5160403.71,2547070.4
E7722,Stephanie,Carnes,Online,High,1286,793.25,83.02,1020119.5,106763.72
E7723,Daniel,Ropa,Online,Medium,245,442.52,102.27,108417.4,25056.15
E7724,Darin,Snacks,Online,Low,9531,434.35,214.98,4139789.85,2048974.38
E7725,Joseph,Ropa,Offline,High,5860,655.99,62.42,3844101.4,365781.2
E7726,Laura,Frutas,Offline,Critical,4575,596.54,367.1,2729170.5,1679482.5
E7727,Marc,Carnes,Online,Critical,2271,970.82,39.03,2204732.22,88637.13
E7728,Robert,Frutas,Online,High,6031,632.18,410.91,3812677.58,2478198.21
E7729,Jessica,Carnes,Online,Medium,2416,867.61,35.86,2096145.76,86637.76
E7730,Amanda,Snacks,Online,Medium,7984,533.06,54.91,4255951.04,438401.44
E7731,John,Snacks,Online,Medium,5658,824.79,426.33,4666661.82,2412175.14
E7732,Duane,Verduras,Online,Low,208,862.44,471.26,179387.52,98022.08
E7733,Joseph,Alimento infantil,Online,High,6125,833.13,384.42,5102921.25,2354572.5
E7734,Brian,Frutas,Online,Low,6685,934.58,463.47,6247667.3,3098296.95
E7735,Emily,Carnes,Offline,Medium,8966,559.43,378.12,5015849.38,3390223.92
E7736,Elizabeth,Material de oficina,Offline,Low,8346,442.44,495.89,3692604.24,4138697.94
E7737,Robert,Carnes,Online,Critical,1111,454.74,216.16,505216.14,240153.76
E7738,Andrew,Alimento infantil,Offline,Critical,8464,446.49,136.08,3779091.36,1151781.12
E7739,David,Frutas,Online,Medium,4587,513.57,30.55,2355745.59,140132.85
E7740,Dustin,Verduras,Online,Low,8711,420.28,207.14,3661059.08,1804396.54
E7741,Brenda,Domestico,Offline,Low,2916,548.81,166.98,1600329.96,486913.68
E7742,Jacqueline,Domestico,Online,High,316,823.43,270.95,260203.88,85620.2
E7743,Alyssa,Cosmeticos,Online,High,7286,416.75,391.21,3036440.5,2850356.06
E7744,John,Cosmeticos,Online,High,2661,675.48,181.26,1797452.28,482332.86
E7745,Vincent,Cosmeticos,Offline,Critical,7813,716.89,455.81,5601061.57,3561243.53
E7746,Phillip,Carnes,Online,Low,1276,646.85,256.52,825380.6,327319.52
E7747,Melissa,Frutas,Offline,Critical,2578,674.86,155.9,1739789.08,401910.2
E7748,Andrea,Domestico,Online,Low,6510,434.19,148.85,2826576.9,969013.5
E7749,Darryl,Domestico,Online,Medium,3182,678.69,247.5,2159591.58,787545
E7750,Edward,Alimento infantil,Offline,Medium,3467,879.01,244.41,3047527.67,847369.47
E7751,Melissa,Cuidado personal,Online,Critical,5127,540.24,177.74,2769810.48,911272.98
E7752,Jessica,Frutas,Online,Medium,634,529.47,118.54,335683.98,75154.36
E7753,Michelle,Cereales,Online,High,3120,781.55,61.35,2438436,191412
E7754,Robert,Frutas,Offline,Critical,3571,983.85,392.77,3513328.35,1402581.67
E7755,Eric,Bebida,Offline,Low,8107,880.37,151.69,7137159.59,1229750.83
E7756,Mary,Ropa,Online,Critical,8775,876,230.53,7686900,2022900.75
E7757,Tammy,Alimento infantil,Offline,High,1825,668.01,147.35,1219118.25,268913.75
E7758,Amanda,Domestico,Online,High,4167,765.16,194.52,3188421.72,810564.84
E7759,Jesse,Verduras,Offline,Low,2581,693.71,92.09,1790465.51,237684.29
E7760,Dustin,Alimento infantil,Offline,Medium,6763,647.85,491.58,4381409.55,3324555.54
E7761,Crystal,Domestico,Offline,High,7798,428.34,157.07,3340195.32,1224831.86
E7762,Melinda,Snacks,Offline,High,2694,425.84,203.79,1147212.96,549010.26
E7763,Robert,Carnes,Online,Critical,7494,980.72,461.69,7349515.68,3459904.86
E7764,Nicholas,Cereales,Offline,High,4154,781.72,112.56,3247264.88,467574.24
E7765,Allison,Material de oficina,Online,Low,4095,946.35,478.29,3875303.25,1958597.55
E7766,Jennifer,Domestico,Offline,High,2633,888.12,211.77,2338419.96,557590.41
E7767,Deborah,Verduras,Online,Low,6808,681.92,412.95,4642511.36,2811363.6
E7768,William,Cuidado personal,Online,Critical,2154,430.87,444.24,928093.98,956892.96
E7769,Colin,Domestico,Online,Low,7453,756.05,3.44,5634840.65,25638.32
E7770,Michael,Alimento infantil,Offline,High,7426,676.71,406.89,5025248.46,3021565.14
E7771,Brenda,Domestico,Offline,Medium,7137,437.73,92.7,3124079.01,661599.9
E7772,David,Frutas,Offline,Medium,7292,529.03,168.47,3857686.76,1228483.24
E7773,Jacob,Cereales,Online,Low,4874,621.87,435.86,3030994.38,2124381.64
E7774,Maria,Bebida,Online,Medium,7217,804.68,364.08,5807375.56,2627565.36
E7775,Alyssa,Ropa,Online,Low,5600,868.72,47.28,4864832,264768
E7776,Jennifer,Carnes,Offline,High,8400,628.39,315.69,5278476,2651796
E7777,Rachel,Cereales,Offline,Critical,8434,919.06,329.15,7751352.04,2776051.1
E7778,William,Cereales,Offline,Critical,2125,725.96,499.87,1542665,1062223.75
E7779,Justin,Bebida,Offline,High,9613,626.38,53.7,6021390.94,516218.1
E7780,Taylor,Cuidado personal,Offline,Critical,4898,401.94,426.71,1968702.12,2090025.58
E7781,Rebekah,Cereales,Online,High,6404,945.33,87.99,6053893.32,563487.96
E7782,John,Snacks,Online,Critical,8905,871.08,267.75,7756967.4,2384313.75
E7783,Dawn,Ropa,Online,Low,7412,885.65,35.63,6564437.8,264089.56
E7784,Richard,Cuidado personal,Offline,High,7600,424.57,14.65,3226732,111340
E7785,Erin,Cosmeticos,Online,Low,4920,699.28,350.54,3440457.6,1724656.8
E7786,Nicholas,Bebida,Online,Critical,9661,896.78,38.02,8663791.58,367311.22
E7787,Eric,Snacks,Offline,Low,2574,460.04,78.36,1184142.96,201698.64
E7788,Julie,Cereales,Online,Low,9523,950.61,43.85,9052659.03,417583.55
E7789,Jake,Alimento infantil,Online,Critical,4843,849.43,9.8,4113789.49,47461.4
E7790,Timothy,Carnes,Offline,Medium,4498,479.31,450.29,2155936.38,2025404.42
E7791,Randy,Cereales,Offline,Medium,3276,469.91,260.95,1539425.16,854872.2
E7792,George,Ropa,Offline,Medium,1294,820.64,133.36,1061908.16,172567.84
E7793,Christina,Snacks,Online,Medium,3397,735.2,499.17,2497474.4,1695680.49
E7794,Dawn,Verduras,Online,Low,6933,530.69,312.97,3679273.77,2169821.01
E7795,Mary,Bebida,Offline,Low,8111,986.29,210.41,7999798.19,1706635.51
E7796,Melanie,Cuidado personal,Offline,High,5778,767.81,26.59,4436406.18,153637.02
E7797,Kenneth,Verduras,Offline,Medium,8208,590.86,167.08,4849778.88,1371392.64
E7798,Scott,Snacks,Offline,Low,2672,906.08,71.15,2421045.76,190112.8
E7799,Tiffany,Cuidado personal,Offline,Medium,6707,421.42,488.49,2826463.94,3276302.43
E7800,Nicole,Frutas,Online,Medium,6798,952.7,109.25,6476454.6,742681.5
E7801,Charles,Cuidado personal,Online,Critical,8367,898.51,295.78,7517833.17,2474791.26
E7802,Michael,Carnes,Online,Critical,4370,856.06,229.89,3740982.2,1004619.3
E7803,Walter,Snacks,Offline,High,9988,935.02,370.69,9338979.76,3702451.72
E7804,Eric,Snacks,Online,High,174,944.29,354.2,164306.46,61630.8
E7805,Mitchell,Verduras,Offline,Medium,5512,839.63,225.72,4628040.56,1244168.64
E7806,Stephanie,Ropa,Offline,High,3866,739.21,474.64,2857785.86,1834958.24
E7807,Amanda,Alimento infantil,Online,Critical,6724,873.03,263.81,5870253.72,1773858.44
E7808,Edward,Frutas,Online,High,7025,835.04,363.33,5866156,2552393.25
E7809,Antonio,Material de oficina,Online,Low,7294,467.03,99.54,3406516.82,726044.76
E7810,Angela,Material de oficina,Offline,Low,8314,868.96,395.76,7224533.44,3290348.64
E7811,Sarah,Cereales,Online,Critical,3528,948.62,193.36,3346731.36,682174.08
E7812,Tammy,Cereales,Offline,Medium,3159,661.39,429.9,2089331.01,1358054.1
E7813,Andrew,Carnes,Online,Medium,620,710.38,137.63,440435.6,85330.6
E7814,Kaitlin,Carnes,Online,Low,3235,685.64,253.49,2218045.4,820040.15
E7815,Patricia,Alimento infantil,Online,Medium,1339,438.8,305.64,587553.2,409251.96
E7816,Carla,Domestico,Online,High,6601,902.44,130.09,5957006.44,858724.09
E7817,Jennifer,Bebida,Offline,High,2122,465.82,419.91,988470.04,891049.02
E7818,Susan,Cuidado personal,Online,Medium,3481,767.71,483.09,2672398.51,1681636.29
E7819,Alex,Cuidado personal,Offline,Low,1858,447.53,424.03,831510.74,787847.74
E7820,Anthony,Domestico,Offline,Critical,8024,874.1,104.67,7013778.4,839872.08
E7821,Jill,Bebida,Online,Medium,7475,963.14,110.59,7199471.5,826660.25
E7822,Tracey,Material de oficina,Offline,High,9879,994.41,5.92,9823776.39,58483.68
E7823,Brandi,Alimento infantil,Online,Critical,342,537.39,112.14,183787.38,38351.88
E7824,Stephen,Ropa,Offline,High,5695,507.5,4.44,2890212.5,25285.8
E7825,Cameron,Cuidado personal,Offline,Critical,4086,489.74,228.7,2001077.64,934468.2
E7826,Courtney,Alimento infantil,Offline,High,5054,490.93,191.19,2481160.22,966274.26
E7827,Amy,Bebida,Offline,High,775,467.13,203.11,362025.75,157410.25
E7828,Connor,Cuidado personal,Online,Low,3497,628.3,440.87,2197165.1,1541722.39
E7829,Brenda,Snacks,Online,Critical,9186,863.03,118.55,7927793.58,1089000.3
E7830,Daniel,Bebida,Offline,High,8849,946.35,498.77,8374251.15,4413615.73
E7831,John,Alimento infantil,Offline,High,3730,949.33,89.12,3541000.9,332417.6
E7832,Karla,Domestico,Offline,High,3203,961.2,124.48,3078723.6,398709.44
E7833,Sarah,Bebida,Online,Critical,3371,703.61,323.1,2371869.31,1089170.1
E7834,Scott,Material de oficina,Online,High,1768,631.3,24.31,1116138.4,42980.08
E7835,Danny,Ropa,Online,Low,5324,659.15,61.32,3509314.6,326467.68
E7836,Christina,Verduras,Online,Low,1670,487.37,63.75,813907.9,106462.5
E7837,Thomas,Cuidado personal,Offline,Low,8490,437.69,263.63,3715988.1,2238218.7
E7838,William,Carnes,Offline,Medium,357,923.73,314.92,329771.61,112426.44
E7839,Jessica,Alimento infantil,Online,High,1826,411.84,45.49,752019.84,83064.74
E7840,Steven,Ropa,Online,Low,6621,868.88,144.77,5752854.48,958522.17
E7841,Brenda,Material de oficina,Online,Low,6699,886.83,376.26,5940874.17,2520565.74
E7842,Joshua,Domestico,Online,Low,4680,551.66,55.2,2581768.8,258336
E7843,Donna,Ropa,Online,High,8956,580.55,68.89,5199405.8,616978.84
E7844,Hannah,Snacks,Online,Low,285,887.89,172.63,253048.65,49199.55
E7845,David,Cereales,Online,Medium,2680,633.89,26.73,1698825.2,71636.4
E7846,Benjamin,Cosmeticos,Offline,High,4188,595.78,332.23,2495126.64,1391379.24
E7847,Richard,Frutas,Online,Low,7036,982.26,251.84,6911181.36,1771946.24
E7848,Sydney,Ropa,Offline,High,2314,822.96,268.16,1904329.44,620522.24
E7849,Justin,Cereales,Online,Low,8910,953.21,367.16,8493101.1,3271395.6
E7850,Kristin,Bebida,Offline,Low,1055,493.85,146.73,521011.75,154800.15
E7851,Joseph,Cuidado personal,Offline,Critical,2053,828.89,152.37,1701711.17,312815.61
E7852,David,Snacks,Offline,High,9881,905.85,174.62,8950703.85,1725420.22
E7853,Daniel,Frutas,Online,High,3738,797.36,413.27,2980531.68,1544803.26
E7854,Crystal,Verduras,Online,Critical,8304,874.87,326.02,7264920.48,2707270.08
E7855,Danny,Domestico,Online,Low,8759,948.64,225.84,8309137.76,1978132.56
E7856,Kaitlyn,Domestico,Online,Low,6086,899.46,247.3,5474113.56,1505067.8
E7857,Alisha,Cosmeticos,Offline,High,3277,557.76,316.21,1827779.52,1036220.17
E7858,Stephanie,Bebida,Online,Medium,1279,714.4,383.83,913717.6,490918.57
E7859,Karla,Frutas,Online,Low,1907,598.47,118.61,1141282.29,226189.27
E7860,Jessica,Domestico,Offline,Critical,5893,679.5,330.15,4004293.5,1945573.95
E7861,Pamela,Carnes,Offline,Critical,4622,606.83,98.37,2804768.26,454666.14
E7862,Hector,Frutas,Offline,Low,4048,901.44,462.71,3649029.12,1873050.08
E7863,Kimberly,Cosmeticos,Offline,High,9330,596.88,352.23,5568890.4,3286305.9
E7864,Emily,Ropa,Offline,High,8030,988.74,41.46,7939582.2,332923.8
E7865,Benjamin,Carnes,Online,High,9015,502.21,118.77,4527423.15,1070711.55
E7866,Randy,Alimento infantil,Offline,Medium,1644,484.85,480.31,797093.4,789629.64
E7867,Brian,Ropa,Offline,Medium,5989,550.85,430.16,3299040.65,2576228.24
E7868,Michael,Ropa,Online,Medium,8041,859.64,176.41,6912365.24,1418512.81
E7869,Bruce,Material de oficina,Online,Low,4131,650.94,132.11,2689033.14,545746.41
E7870,Kayla,Cuidado personal,Offline,High,4361,546.82,370.5,2384682.02,1615750.5
E7871,Andre,Material de oficina,Online,Medium,1518,624.5,63.88,947991,96969.84
E7872,Dorothy,Cereales,Online,Low,5302,536.06,340.84,2842190.12,1807133.68
E7873,Michael,Alimento infantil,Online,High,9599,795.02,442.38,7631396.98,4246405.62
E7874,Cathy,Ropa,Online,High,1483,776.98,150.96,1152261.34,223873.68
E7875,Monica,Bebida,Online,High,452,572.2,381.71,258634.4,172532.92
E7876,Eric,Bebida,Online,Low,6286,665.14,202.87,4181070.04,1275240.82
E7877,Melinda,Cosmeticos,Online,Low,7084,964.87,18.75,6835139.08,132825
E7878,Julie,Verduras,Online,Critical,301,905.47,306.05,272546.47,92121.05
E7879,Pamela,Cosmeticos,Online,Critical,8293,976.05,154.13,8094382.65,1278200.09
E7880,Antonio,Alimento infantil,Offline,Medium,6985,492.03,453.52,3436829.55,3167837.2
E7881,Christina,Alimento infantil,Online,Medium,3104,492.59,388.29,1528999.36,1205252.16
E7882,John,Frutas,Online,High,3961,639.97,1.73,2534921.17,6852.53
E7883,Brian,Snacks,Offline,Medium,6326,813.43,474.94,5145758.18,3004470.44
E7884,Sarah,Verduras,Offline,Medium,5887,768.75,459,4525631.25,2702133
E7885,Courtney,Material de oficina,Offline,Low,1076,781.91,323.57,841335.16,348161.32
E7886,Sonya,Domestico,Offline,High,4846,408.59,190.92,1980027.14,925198.32
E7887,Rachel,Bebida,Online,Critical,6607,463.41,303.63,3061749.87,2006083.41
E7888,Daniel,Verduras,Offline,High,720,713.88,187.39,513993.6,134920.8
E7889,Miguel,Carnes,Online,Low,2412,669.32,49.98,1614399.84,120551.76
E7890,Judith,Cosmeticos,Offline,High,6823,898.19,51.51,6128350.37,351452.73
E7891,Jose,Cuidado personal,Offline,High,2960,870.72,49.19,2577331.2,145602.4
E7892,Nancy,Verduras,Online,High,2451,676.88,393.33,1659032.88,964051.83
E7893,Julie,Bebida,Online,Medium,5194,584.03,186.05,3033451.82,966343.7
E7894,Jose,Alimento infantil,Online,Low,8201,929.77,412.66,7625043.77,3384224.66
E7895,Laura,Carnes,Offline,Critical,9147,506.55,149.34,4633412.85,1366012.98
E7896,Audrey,Snacks,Offline,Medium,2259,846.59,29.79,1912446.81,67295.61
E7897,Matthew,Cuidado personal,Offline,High,2469,732.23,476.87,1807875.87,1177392.03
E7898,Theresa,Ropa,Offline,Medium,5619,698.9,498.66,3927119.1,2801970.54
E7899,Isaiah,Cereales,Offline,Critical,1816,516.99,401.66,938853.84,729414.56
E7900,Tami,Cuidado personal,Offline,High,9115,437.01,168.24,3983346.15,1533507.6
E7901,Randall,Ropa,Online,Medium,2498,951.78,4.89,2377546.44,12215.22
E7902,Melinda,Cereales,Offline,Medium,7083,938.19,125.76,6645199.77,890758.08
E7903,Joseph,Material de oficina,Offline,Medium,1726,766.67,282.03,1323272.42,486783.78
E7904,Leah,Alimento infantil,Offline,Medium,4109,538,136.15,2210642,559440.35
E7905,Kim,Verduras,Offline,Low,5627,818.08,136.8,4603336.16,769773.6
E7906,Benjamin,Material de oficina,Online,High,806,947.79,429.46,763918.74,346144.76
E7907,Stephanie,Ropa,Offline,Low,6912,650.03,453.12,4493007.36,3131965.44
E7908,James,Cereales,Offline,Low,2154,919.31,372.42,1980193.74,802192.68
E7909,Nicholas,Alimento infantil,Online,Critical,1165,853.83,452.61,994711.95,527290.65
E7910,Julie,Cuidado personal,Online,Medium,1088,661.76,412.43,719994.88,448723.84
E7911,Gail,Alimento infantil,Offline,Critical,8773,740.03,478.82,6492283.19,4200687.86
E7912,Veronica,Carnes,Online,Critical,4836,418.96,180.92,2026090.56,874929.12
E7913,Zachary,Alimento infantil,Online,Low,643,493.84,214.78,317539.12,138103.54
E7914,Deborah,Snacks,Offline,Low,1367,874.43,439.05,1195345.81,600181.35
E7915,Andrea,Cuidado personal,Online,Critical,5393,764.6,34.18,4123487.8,184332.74
E7916,Anthony,Snacks,Online,Medium,7965,660.06,123.71,5257377.9,985350.15
E7917,James,Frutas,Online,Low,9634,789.8,9.62,7608933.2,92679.08
E7918,Tony,Alimento infantil,Online,Medium,8233,905.76,491.82,7457122.08,4049154.06
E7919,Christopher,Verduras,Offline,Low,389,758.33,377.64,294990.37,146901.96
E7920,Maxwell,Carnes,Offline,Low,6566,943.25,164.6,6193379.5,1080763.6
E7921,William,Snacks,Online,High,2327,781.82,90.19,1819295.14,209872.13
E7922,Johnny,Cuidado personal,Offline,Low,8676,553.95,14.12,4806070.2,122505.12
E7923,Chad,Alimento infantil,Online,Medium,1153,828.15,147.58,954856.95,170159.74
E7924,Zachary,Snacks,Offline,Low,708,473.68,314.83,335365.44,222899.64
E7925,Andrew,Cosmeticos,Online,Critical,9346,648.6,179.3,6061815.6,1675737.8
E7926,Phillip,Bebida,Offline,Medium,7925,892.22,241.88,7070843.5,1916899
E7927,Nicole,Ropa,Online,Medium,5896,756.62,83.33,4461031.52,491313.68
E7928,Eric,Snacks,Offline,Medium,3113,918.08,359.39,2857983.04,1118781.07
E7929,Evan,Snacks,Online,Low,7024,991.47,135.89,6964085.28,954491.36
E7930,Angela,Alimento infantil,Online,Low,8799,981.09,12.6,8632610.91,110867.4
E7931,Jennifer,Cereales,Online,High,6582,782.13,74.75,5147979.66,492004.5
E7932,Pamela,Bebida,Offline,High,6955,908.37,55.5,6317713.35,386002.5
E7933,Crystal,Alimento infantil,Online,High,6230,839.01,69.21,5227032.3,431178.3
E7934,Morgan,Material de oficina,Offline,High,912,944.66,93.54,861529.92,85308.48
E7935,Pamela,Ropa,Offline,Critical,8839,606.16,296.46,5357848.24,2620409.94
E7936,Matthew,Material de oficina,Online,High,3613,676.63,112.01,2444664.19,404692.13
E7937,Kenneth,Cereales,Offline,Medium,6960,967.01,87.86,6730389.6,611505.6
E7938,Jose,Carnes,Offline,Medium,9149,546.83,13.2,5002947.67,120766.8
E7939,Nicholas,Domestico,Online,Medium,1622,888.32,462.16,1440855.04,749623.52
E7940,Lisa,Alimento infantil,Online,Low,6511,779.33,149.26,5074217.63,971831.86
E7941,Michelle,Cereales,Offline,Low,9228,466.65,432.54,4306246.2,3991479.12
E7942,Frank,Domestico,Online,Critical,2786,518.31,43.23,1444011.66,120438.78
E7943,Deborah,Frutas,Online,Critical,1963,500.22,299.86,981931.86,588625.18
E7944,Thomas,Cosmeticos,Online,Low,4866,700.69,327.38,3409557.54,1593031.08
E7945,Kim,Verduras,Online,High,787,748.63,232.15,589171.81,182702.05
E7946,Richard,Carnes,Online,High,7350,780.73,364,5738365.5,2675400
E7947,Lindsay,Alimento infantil,Online,Medium,3803,504.53,237.84,1918727.59,904505.52
E7948,Melanie,Frutas,Offline,Medium,7817,944.44,145.12,7382687.48,1134403.04
E7949,Ryan,Snacks,Online,Medium,3310,678.09,335.05,2244477.9,1109015.5
E7950,Joseph,Cuidado personal,Offline,High,983,528.77,120.49,519780.91,118441.67
E7951,Amanda,Bebida,Online,Low,8709,961.43,223.51,8373093.87,1946548.59
E7952,Amber,Frutas,Offline,Medium,7528,865.33,104.75,6514204.24,788558
E7953,Morgan,Ropa,Online,Critical,1455,882.69,359.04,1284313.95,522403.2
E7954,Isaiah,Ropa,Online,Low,4696,859.74,229.02,4037339.04,1075477.92
E7955,Melanie,Cosmeticos,Online,Low,3338,655.32,158.38,2187458.16,528672.44
E7956,Dawn,Cosmeticos,Offline,Critical,9579,591.93,50.68,5670097.47,485463.72
E7957,Kaitlin,Cosmeticos,Online,Medium,393,852.95,106.76,335209.35,41956.68
E7958,Kyle,Carnes,Offline,High,3295,720.04,368.02,2372531.8,1212625.9
E7959,Benjamin,Alimento infantil,Online,Critical,264,573.43,251.07,151385.52,66282.48
E7960,Benjamin,Alimento infantil,Online,Critical,9975,699.27,233.71,6975218.25,2331257.25
E7961,David,Verduras,Online,High,2640,582.77,289.36,1538512.8,763910.4
E7962,Duane,Alimento infantil,Offline,Critical,528,755.83,257.49,399078.24,135954.72
E7963,Cory,Cereales,Online,High,952,878.6,423.32,836427.2,403000.64
E7964,Michael,Verduras,Online,High,5691,987.49,180.55,5619805.59,1027510.05
E7965,Sabrina,Cosmeticos,Offline,Critical,6508,812.47,372.3,5287554.76,2422928.4
E7966,Tammy,Ropa,Offline,Critical,3001,605.31,434.8,1816535.31,1304834.8
E7967,Christina,Bebida,Online,High,6617,564.81,182.38,3737347.77,1206808.46
E7968,Eric,Verduras,Offline,Low,748,435.1,465.03,325454.8,347842.44
E7969,Kayla,Cereales,Online,Critical,8003,934.45,161.15,7478403.35,1289683.45
E7970,Dustin,Ropa,Offline,Low,219,418.01,160.07,91544.19,35055.33
E7971,Kenneth,Frutas,Offline,High,3004,416.72,124.18,1251826.88,373036.72
E7972,Kayla,Alimento infantil,Offline,High,4761,785.28,159.87,3738718.08,761141.07
E7973,David,Cereales,Offline,High,8168,909.02,318.07,7424875.36,2597995.76
E7974,Crystal,Cosmeticos,Offline,Medium,4776,539.97,309.57,2578896.72,1478506.32
E7975,Andrew,Material de oficina,Online,Low,8515,649.01,170.95,5526320.15,1455639.25
E7976,Melanie,Frutas,Offline,Critical,5447,853.33,158.15,4648088.51,861443.05
E7977,Barbara,Alimento infantil,Offline,Medium,7454,934.6,53.58,6966508.4,399385.32
E7978,Andrea,Alimento infantil,Offline,Critical,8675,737.51,146.46,6397899.25,1270540.5
E7979,Patricia,Carnes,Offline,Critical,8853,615.1,211.08,5445480.3,1868691.24
E7980,Ryan,Alimento infantil,Offline,Critical,8777,948.33,27.97,8323492.41,245492.69
E7981,Phillip,Verduras,Online,Critical,2914,731.92,120.71,2132814.88,351748.94
E7982,Craig,Ropa,Offline,Medium,1134,731.33,247.04,829328.22,280143.36
E7983,Elizabeth,Cuidado personal,Online,High,3885,988.96,445.06,3842109.6,1729058.1
E7984,Logan,Material de oficina,Offline,High,2856,528.83,118.41,1510338.48,338178.96
E7985,Nancy,Cereales,Offline,Low,7666,987.15,492.37,7567491.9,3774508.42
E7986,Miguel,Cosmeticos,Online,Medium,3842,583.09,256.82,2240231.78,986702.44
E7987,Chad,Cosmeticos,Offline,High,8831,972.89,279.64,8591591.59,2469500.84
E7988,George,Carnes,Online,Medium,2020,833.22,202.79,1683104.4,409635.8
E7989,Stephen,Cereales,Online,Low,5509,530.8,17.26,2924177.2,95085.34
E7990,Kaitlin,Material de oficina,Offline,Low,2952,632.17,425.7,1866165.84,1256666.4
E7991,George,Cuidado personal,Offline,Critical,2601,708.3,325.52,1842288.3,846677.52
E7992,Brittany,Domestico,Online,High,9865,496.98,464.31,4902707.7,4580418.15
E7993,Alicia,Bebida,Online,Low,3494,479.37,149.91,1674918.78,523785.54
E7994,Jacob,Material de oficina,Offline,Low,2933,856.06,369.32,2510823.98,1083215.56
E7995,Tiffany,Ropa,Online,High,2314,758.6,182.03,1755400.4,421217.42
E7996,Barbara,Domestico,Offline,Low,9519,839.83,404.32,7994341.77,3848722.08
E7997,Austin,Bebida,Online,Critical,7530,648.82,345.48,4885614.6,2601464.4
E7998,Melanie,Cuidado personal,Offline,Medium,2961,618.54,284.32,1831496.94,841871.52
E7999,Todd,Bebida,Offline,Low,5473,690.08,338.99,3776807.84,1855292.27
E8000,Melanie,Cosmeticos,Online,Medium,4293,620.78,289.92,2665008.54,1244626.56
E8001,Benjamin,Cuidado personal,Online,Low,709,762.27,124.86,540449.43,88525.74
E8002,Lisa,Cosmeticos,Online,Medium,1937,780,248.95,1510860,482216.15
E8003,Amy,Cosmeticos,Online,Low,4961,798.06,350.07,3959175.66,1736697.27
E8004,Kimberly,Cuidado personal,Offline,Medium,9810,982.94,287.41,9642641.4,2819492.1
E8005,Laura,Snacks,Online,Medium,4176,985.69,25.33,4116241.44,105778.08
E8006,Timothy,Material de oficina,Offline,Low,9122,903.92,163.87,8245558.24,1494822.14
E8007,Kyle,Snacks,Online,Medium,4945,768.23,178.38,3798897.35,882089.1
E8008,Zachary,Cosmeticos,Offline,Medium,8116,400.43,9.35,3249889.88,75884.6
E8009,Kaitlyn,Carnes,Offline,Medium,6126,520.9,273.35,3191033.4,1674542.1
E8010,Mark,Cereales,Offline,Medium,4878,884.88,434.09,4316444.64,2117491.02
E8011,Timothy,Verduras,Online,Critical,3945,679.57,101.84,2680903.65,401758.8
E8012,Joseph,Alimento infantil,Online,Medium,1497,637.63,170.54,954532.11,255298.38
E8013,Kevin,Frutas,Online,Medium,8388,874.61,144.85,7336228.68,1215001.8
E8014,Christian,Verduras,Offline,High,8898,446.72,136.5,3974914.56,1214577
E8015,Joshua,Material de oficina,Online,Low,6683,618.89,4.37,4136041.87,29204.71
E8016,Dylan,Bebida,Online,High,5200,673.7,160.99,3503240,837148
E8017,Veronica,Cereales,Online,Critical,6014,981.52,353.54,5902861.28,2126189.56
E8018,Nicholas,Verduras,Online,Low,9932,459.48,323.02,4563555.36,3208234.64
E8019,Cindy,Material de oficina,Offline,Critical,4495,586.11,484.52,2634564.45,2177917.4
E8020,Brenda,Verduras,Online,Medium,7546,453.4,301.93,3421356.4,2278363.78
E8021,Alexis,Alimento infantil,Online,Medium,9046,954.29,172.65,8632507.34,1561791.9
E8022,Julian,Snacks,Online,Medium,953,613.33,241.84,584503.49,230473.52
E8023,Tammy,Cosmeticos,Offline,Critical,1040,862.45,423.32,896948,440252.8
E8024,Sabrina,Cereales,Online,High,7891,464.67,460.31,3666710.97,3632306.21
E8025,Paula,Cosmeticos,Offline,Medium,9504,627.89,237.58,5967466.56,2257960.32
E8026,Gregory,Ropa,Online,High,2945,492.1,363.02,1449234.5,1069093.9
E8027,Christina,Snacks,Offline,Medium,4517,441.41,443.41,1993848.97,2002882.97
E8028,Thomas,Cuidado personal,Offline,High,7120,545.77,304.52,3885882.4,2168182.4
E8029,Kayla,Material de oficina,Online,Medium,3650,563.72,177.7,2057578,648605
E8030,Kyle,Cuidado personal,Offline,High,6650,728.74,430.16,4846121,2860564
E8031,Sean,Snacks,Online,Critical,6835,467.78,274.64,3197276.3,1877164.4
E8032,Stacy,Carnes,Online,Low,9908,726.67,455.01,7199846.36,4508239.08
E8033,Dawn,Snacks,Online,High,8672,924.31,28.05,8015616.32,243249.6
E8034,Crystal,Alimento infantil,Online,Critical,4067,950.75,49.79,3866700.25,202495.93
E8035,Lindsay,Ropa,Online,Low,7932,602.39,263.4,4778157.48,2089288.8
E8036,Jessica,Carnes,Offline,Medium,5840,745.54,138.95,4353953.6,811468
E8037,Tyrone,Bebida,Offline,Critical,5989,438.46,499.52,2625936.94,2991625.28
E8038,Darin,Verduras,Offline,Critical,6088,520.99,91.95,3171787.12,559791.6
E8039,Jeffrey,Carnes,Offline,High,379,759.49,181.84,287846.71,68917.36
E8040,Sean,Alimento infantil,Offline,Critical,4689,927.41,131.66,4348625.49,617353.74
E8041,Whitney,Verduras,Online,Medium,5608,618.21,245.7,3466921.68,1377885.6
E8042,Gabriel,Cuidado personal,Online,Medium,9015,621.11,27.39,5599306.65,246920.85
E8043,Amanda,Domestico,Offline,Low,4097,663.06,455.98,2716556.82,1868150.06
E8044,Christopher,Bebida,Offline,Medium,8941,844.67,89.53,7552194.47,800487.73
E8045,Brian,Snacks,Offline,Medium,8174,851.17,459.49,6957463.58,3755871.26
E8046,Todd,Carnes,Online,Medium,6012,855.07,170.44,5140680.84,1024685.28
E8047,Tyrone,Domestico,Offline,High,733,472.34,120.9,346225.22,88619.7
E8048,Emily,Verduras,Offline,Critical,323,880.69,101.41,284462.87,32755.43
E8049,Courtney,Ropa,Offline,High,8288,438.55,288.34,3634702.4,2389761.92
E8050,Austin,Material de oficina,Online,Critical,7714,792.67,191.02,6114656.38,1473528.28
E8051,Andre,Domestico,Online,High,613,761.56,113.23,466836.28,69409.99
E8052,Mason,Domestico,Online,Low,9620,896.85,18.72,8627697,180086.4
E8053,Christina,Snacks,Offline,Low,988,437.21,438.28,431963.48,433020.64
E8054,Matthew,Domestico,Online,Medium,3184,786.03,62.49,2502719.52,198968.16
E8055,Joseph,Frutas,Online,Low,1993,912.12,135.14,1817855.16,269334.02
E8056,Brett,Material de oficina,Online,High,7371,576.65,149.74,4250487.15,1103733.54
E8057,Tyrone,Cereales,Online,Critical,2472,409.06,285.72,1011196.32,706299.84
E8058,Robert,Material de oficina,Online,High,1656,483.35,21.55,800427.6,35686.8
E8059,Jennifer,Domestico,Online,Medium,1374,692.38,313.76,951330.12,431106.24
E8060,Gina,Cuidado personal,Online,Critical,3819,482.86,471.58,1844042.34,1800964.02
E8061,Donald,Cereales,Offline,High,6040,408.47,316.06,2467158.8,1909002.4
E8062,Stuart,Frutas,Online,Medium,9726,624.67,195.09,6075540.42,1897445.34
E8063,Paul,Ropa,Online,High,8297,637.79,197.91,5291743.63,1642059.27
E8064,Kimberly,Ropa,Online,High,138,573.17,94.6,79097.46,13054.8
E8065,Jessica,Cereales,Online,Critical,4732,667.43,153.88,3158278.76,728160.16
E8066,Ashley,Alimento infantil,Offline,High,3261,647.43,290.23,2111269.23,946440.03
E8067,Amanda,Ropa,Offline,Medium,3532,513.03,11.28,1812021.96,39840.96
E8068,Robert,Alimento infantil,Offline,Medium,3974,405.1,212.07,1609867.4,842766.18
E8069,David,Domestico,Offline,Critical,1902,779.11,433.58,1481867.22,824669.16
E8070,Julie,Snacks,Offline,High,6240,503.71,455.99,3143150.4,2845377.6
E8071,Zachary,Cuidado personal,Offline,High,6991,917.24,99.48,6412424.84,695464.68
E8072,Jacqueline,Verduras,Online,Low,9613,959.61,302.11,9224730.93,2904183.43
E8073,Matthew,Domestico,Online,High,6989,921.93,208.21,6443368.77,1455179.69
E8074,Rachel,Frutas,Offline,Medium,4435,885.1,433.13,3925418.5,1920931.55
E8075,Antonio,Carnes,Offline,Critical,401,649.89,187.52,260605.89,75195.52
E8076,Cathy,Carnes,Online,Medium,1992,535.57,162.3,1066855.44,323301.6
E8077,Rebecca,Snacks,Offline,Critical,898,784.16,225.36,704175.68,202373.28
E8078,Christina,Cereales,Online,High,1466,452.54,95.9,663423.64,140589.4
E8079,Jose,Verduras,Offline,Critical,5218,547.64,361.02,2857585.52,1883802.36
E8080,Tracey,Carnes,Online,Critical,6747,847.22,20.92,5716193.34,141147.24
E8081,Lori,Material de oficina,Offline,Medium,607,674.82,180.04,409615.74,109284.28
E8082,Charles,Carnes,Online,High,1584,536.98,319.18,850576.32,505581.12
E8083,Kimberly,Frutas,Online,Medium,3375,757.44,96.84,2556360,326835
E8084,Julie,Frutas,Online,Low,3520,917.89,499.84,3230972.8,1759436.8
E8085,Kenneth,Carnes,Online,Medium,5455,927.07,402.92,5057166.85,2197928.6
E8086,Rachel,Cuidado personal,Offline,Critical,3140,684.97,97.28,2150805.8,305459.2
E8087,Eric,Snacks,Online,Critical,216,446.96,300.67,96543.36,64944.72
E8088,Antonio,Material de oficina,Offline,Medium,7223,465.16,313.82,3359850.68,2266721.86
E8089,Kayla,Cuidado personal,Online,Low,2825,909.47,392.26,2569252.75,1108134.5
E8090,Troy,Cosmeticos,Online,Medium,2953,977.91,37.84,2887768.23,111741.52
E8091,James,Snacks,Offline,Critical,6378,658.69,78.61,4201124.82,501374.58
E8092,Kathy,Carnes,Online,High,993,936.21,38.13,929656.53,37863.09
E8093,Misty,Alimento infantil,Offline,High,9390,480.28,24.38,4509829.2,228928.2
E8094,Amanda,Cosmeticos,Offline,High,3492,532.22,63.06,1858512.24,220205.52
E8095,Tina,Cuidado personal,Offline,Medium,1365,875.68,341.3,1195303.2,465874.5
E8096,Darryl,Cereales,Offline,Medium,6452,801.49,499.26,5171213.48,3221225.52
E8097,John,Frutas,Offline,Low,4627,879.68,109.23,4070279.36,505407.21
E8098,Laura,Material de oficina,Offline,Critical,2237,837.59,245.06,1873688.83,548199.22
E8099,Crystal,Alimento infantil,Online,Critical,6429,932.28,96.39,5993628.12,619691.31
E8100,Willie,Verduras,Online,Critical,6630,568.49,363.65,3769088.7,2410999.5
E8101,Maria,Ropa,Offline,Critical,3814,519.05,483.44,1979656.7,1843840.16
E8102,Jennifer,Cuidado personal,Offline,High,3886,839.49,274.51,3262258.14,1066745.86
E8103,Chris,Ropa,Offline,Medium,2016,899.4,444.21,1813190.4,895527.36
E8104,Andre,Verduras,Online,High,6311,835.96,473.63,5275743.56,2989078.93
E8105,Vicki,Carnes,Offline,Medium,1648,922.38,370.63,1520082.24,610798.24
E8106,John,Cosmeticos,Online,Medium,4897,437.88,391.47,2144298.36,1917028.59
E8107,William,Cereales,Online,Low,959,697.84,279.96,669228.56,268481.64
E8108,Willie,Ropa,Offline,Critical,9106,824.5,392.37,7507897,3572921.22
E8109,Andre,Snacks,Offline,High,2658,480.48,258.74,1277115.84,687730.92
E8110,James,Cereales,Offline,High,3217,723.59,429.57,2327789.03,1381926.69
E8111,Wayne,Cereales,Offline,Low,1826,756.45,345.96,1381277.7,631722.96
E8112,Carla,Domestico,Online,High,227,587.47,276.44,133355.69,62751.88
E8113,Troy,Ropa,Online,Low,1145,586.07,461.93,671050.15,528909.85
E8114,Timothy,Frutas,Offline,Low,7888,430.62,458.61,3396730.56,3617515.68
E8115,Laura,Cereales,Online,Low,1504,718.85,347.1,1081150.4,522038.4
E8116,Amanda,Material de oficina,Online,Critical,7454,793.33,208.74,5913481.82,1555947.96
E8117,Lindsey,Domestico,Offline,High,2083,555.48,193.4,1157064.84,402852.2
E8118,Barbara,Domestico,Online,Low,9964,734.03,215.5,7313874.92,2147242
E8119,Michael,Material de oficina,Online,High,9636,749.79,330.74,7224976.44,3187010.64
E8120,Michael,Frutas,Offline,Medium,4934,692.65,149.88,3417535.1,739507.92
E8121,Thomas,Cuidado personal,Offline,High,5284,601.29,100.77,3177216.36,532468.68
E8122,Matthew,Cuidado personal,Online,Critical,7720,877.08,98.93,6771057.6,763739.6
E8123,Logan,Alimento infantil,Offline,Critical,4196,968.24,45.12,4062735.04,189323.52
E8124,Robert,Alimento infantil,Online,High,856,690.11,160.9,590734.16,137730.4
E8125,Dawn,Ropa,Offline,Critical,5579,893.33,299.11,4983888.07,1668734.69
E8126,Thomas,Carnes,Online,High,1904,790.36,107.69,1504845.44,205041.76
E8127,Jeffrey,Verduras,Offline,Critical,9991,599.9,449.51,5993600.9,4491054.41
E8128,Michelle,Cuidado personal,Online,High,9482,763.67,33.95,7241118.94,321913.9
E8129,Brenda,Bebida,Offline,Critical,6030,946.58,90.78,5707877.4,547403.4
E8130,Tyler,Ropa,Offline,High,572,732.96,70.99,419253.12,40606.28
E8131,Amanda,Alimento infantil,Online,Critical,9178,753.17,147.41,6912594.26,1352928.98
E8132,Antonio,Cosmeticos,Offline,Critical,1305,506.93,373.32,661543.65,487182.6
E8133,David,Cosmeticos,Offline,Medium,9897,954.53,54.93,9446983.41,543642.21
E8134,William,Domestico,Offline,Medium,290,572.35,456.46,165981.5,132373.4
E8135,Kenneth,Carnes,Offline,Critical,193,606.55,28.18,117064.15,5438.74
E8136,Raymond,Cuidado personal,Offline,High,5551,576.76,153.14,3201594.76,850080.14
E8137,Daniel,Cosmeticos,Offline,Critical,6867,836.12,497.89,5741636.04,3419010.63
E8138,Maria,Cosmeticos,Offline,Critical,7324,961.72,115.87,7043637.28,848631.88
E8139,David,Cereales,Offline,Low,3913,490.68,188.92,1920030.84,739243.96
E8140,Cindy,Snacks,Online,Low,5967,412.78,311.21,2463058.26,1856990.07
E8141,Alex,Alimento infantil,Online,Medium,2677,467.55,301.06,1251631.35,805937.62
E8142,Michael,Cuidado personal,Offline,Medium,6935,781.07,133.34,5416720.45,924712.9
E8143,Leah,Carnes,Online,High,3800,766.04,328.55,2910952,1248490
E8144,Anthony,Verduras,Online,High,6076,470.95,258.11,2861492.2,1568276.36
E8145,Andrew,Cosmeticos,Offline,Critical,9899,855.88,141.66,8472356.12,1402292.34
E8146,Kim,Snacks,Offline,Critical,6147,901.26,296.68,5540045.22,1823691.96
E8147,Jacob,Verduras,Online,Critical,1525,666.87,408.09,1016976.75,622337.25
E8148,Tyrone,Alimento infantil,Offline,High,7830,592.71,428.82,4640919.3,3357660.6
E8149,Willie,Snacks,Offline,Critical,7181,567.58,89.79,4075791.98,644781.99
E8150,Samuel,Ropa,Online,High,4009,525.04,184.39,2104885.36,739219.51
E8151,Joshua,Ropa,Offline,High,6022,842.61,259.1,5074197.42,1560300.2
E8152,Melanie,Ropa,Offline,Medium,3083,788.7,46.09,2431562.1,142095.47
E8153,Nicole,Verduras,Offline,Low,4421,832.06,457,3678537.26,2020397
E8154,Chris,Cuidado personal,Online,High,1892,663.67,385.54,1255663.64,729441.68
E8155,Mark,Snacks,Online,Critical,4029,771.35,333.41,3107769.15,1343308.89
E8156,Nicole,Bebida,Offline,Low,560,627.79,184.99,351562.4,103594.4
E8157,Juan,Cereales,Offline,High,2558,959.17,141.38,2453556.86,361650.04
E8158,John,Cuidado personal,Online,High,3142,984.91,207.19,3094587.22,650990.98
E8159,Benjamin,Domestico,Offline,Low,8738,658.24,432.8,5751701.12,3781806.4
E8160,Edward,Cuidado personal,Online,Low,6266,505.86,18.6,3169718.76,116547.6
E8161,Kimberly,Alimento infantil,Offline,Low,7946,870.19,92.06,6914529.74,731508.76
E8162,Donna,Snacks,Online,Critical,1702,541.91,113.09,922330.82,192479.18
E8163,Melanie,Cereales,Offline,Medium,990,602.7,82.04,596673,81219.6
E8164,Julie,Bebida,Online,Critical,6602,544.5,56.71,3594789,374399.42
E8165,Jill,Material de oficina,Online,Low,6886,956.75,360.53,6588180.5,2482609.58
E8166,Teresa,Material de oficina,Offline,Critical,5449,900.19,68.71,4905135.31,374400.79
E8167,Jose,Frutas,Online,Critical,7037,419.48,328.54,2951880.76,2311935.98
E8168,Patricia,Bebida,Online,High,455,802.33,479.95,365060.15,218377.25
E8169,Cory,Domestico,Offline,Critical,2861,935.97,431.18,2677810.17,1233605.98
E8170,Emma,Material de oficina,Online,Critical,4930,791.96,31.21,3904362.8,153865.3
E8171,Evan,Cosmeticos,Offline,Low,9621,842.2,56.14,8102806.2,540122.94
E8172,Scott,Material de oficina,Offline,Medium,2846,964.45,115.33,2744824.7,328229.18
E8173,Jaime,Carnes,Online,Critical,3266,756.31,178.07,2470108.46,581576.62
E8174,Jeffrey,Cereales,Online,Medium,6101,915.53,345.13,5585648.53,2105638.13
E8175,Connor,Ropa,Offline,Critical,7403,509.8,182.37,3774049.4,1350085.11
E8176,Alan,Cereales,Offline,Critical,7313,783.12,25.61,5726956.56,187285.93
E8177,Daniel,Bebida,Online,High,7371,639.79,48.48,4715892.09,357346.08
E8178,Jesse,Ropa,Offline,High,4811,523.48,272.4,2518462.28,1310516.4
E8179,Charles,Domestico,Offline,High,1429,904.76,412.9,1292902.04,590034.1
E8180,Kayla,Verduras,Offline,Critical,5031,692.01,466.26,3481502.31,2345754.06
E8181,Ashley,Bebida,Online,High,9602,847.06,233.77,8133470.12,2244659.54
E8182,Andrew,Cuidado personal,Online,Medium,818,463.2,338.55,378897.6,276933.9
E8183,David,Domestico,Online,Medium,6116,889.47,189.07,5439998.52,1156352.12
E8184,Courtney,Cereales,Offline,Medium,7813,494.71,435.41,3865169.23,3401858.33
E8185,Tabitha,Alimento infantil,Online,Low,1500,616.93,151.13,925395,226695
E8186,Tyrone,Ropa,Online,Critical,8265,830.92,193.71,6867553.8,1601013.15
E8187,John,Alimento infantil,Online,Low,5623,693.21,210.23,3897919.83,1182123.29
E8188,John,Cosmeticos,Offline,Critical,3239,419.14,148.63,1357594.46,481412.57
E8189,Jaime,Carnes,Offline,Medium,2576,532.31,114.08,1371230.56,293870.08
E8190,Brandon,Ropa,Online,Low,2205,456.89,247.74,1007442.45,546266.7
E8191,George,Cuidado personal,Online,Low,8226,887.67,381.33,7301973.42,3136820.58
E8192,Todd,Cosmeticos,Online,Medium,8180,437.44,2.55,3578259.2,20859
E8193,Amanda,Cuidado personal,Offline,Critical,5799,610.28,129.33,3539013.72,749984.67
E8194,Hunter,Verduras,Online,Low,2774,693.83,383.9,1924684.42,1064938.6
E8195,Nathan,Ropa,Offline,Low,6551,799.55,45.81,5237852.05,300101.31
E8196,Valerie,Cereales,Online,Medium,2099,618.54,8.92,1298315.46,18723.08
E8197,Jessica,Verduras,Online,High,5275,517.47,21.09,2729654.25,111249.75
E8198,Willie,Domestico,Offline,Medium,8733,485.1,316.21,4236378.3,2761461.93
E8199,Dylan,Material de oficina,Offline,Low,7711,576.1,90.16,4442307.1,695223.76
E8200,Dawn,Ropa,Online,High,8662,737.3,433.62,6386492.6,3756016.44
E8201,Susan,Material de oficina,Online,High,8686,505.64,446.87,4391989.04,3881512.82
E8202,Brandi,Alimento infantil,Offline,Critical,9844,601.8,309.34,5924119.2,3045142.96
E8203,Kelly,Cereales,Online,Low,1989,603.54,102.25,1200441.06,203375.25
E8204,Joshua,Domestico,Offline,High,6670,746.91,161.49,4981889.7,1077138.3
E8205,Karla,Bebida,Offline,Critical,9174,586.57,294.92,5381193.18,2705596.08
E8206,Darryl,Verduras,Offline,Low,4184,731.36,130.07,3060010.24,544212.88
E8207,Amanda,Verduras,Online,Critical,1716,930.66,476.75,1597012.56,818103
E8208,Troy,Bebida,Online,High,7920,684.88,263.51,5424249.6,2086999.2
E8209,Cody,Verduras,Offline,Low,1834,674.11,180.2,1236317.74,330486.8
E8210,Kimberly,Verduras,Online,Critical,5297,440.99,202.89,2335924.03,1074708.33
E8211,William,Cosmeticos,Offline,Critical,1956,593.87,70.69,1161609.72,138269.64
E8212,Jeffrey,Carnes,Offline,Critical,1633,809.77,75.89,1322354.41,123928.37
E8213,Dawn,Snacks,Online,Medium,1192,764.53,170.05,911319.76,202699.6
E8214,Ricky,Snacks,Online,Low,4328,608.78,108.18,2634799.84,468203.04
E8215,Brandi,Domestico,Online,Critical,2762,817.09,222.13,2256802.58,613523.06
E8216,Jacob,Cereales,Offline,High,4410,707.59,377.31,3120471.9,1663937.1
E8217,Lori,Frutas,Online,Low,2000,750.1,467.5,1500200,935000
E8218,Kaitlin,Carnes,Offline,High,2675,946.88,4.33,2532904,11582.75
E8219,Emily,Ropa,Online,Critical,4896,947.48,388.27,4638862.08,1900969.92
E8220,Frank,Carnes,Offline,Low,8304,869.29,221.45,7218584.16,1838920.8
E8221,Cindy,Cuidado personal,Offline,Low,5207,566.88,495.74,2951744.16,2581318.18
E8222,Alyssa,Ropa,Online,Low,6068,937.07,205.63,5686140.76,1247762.84
E8223,Danny,Cuidado personal,Online,Critical,5102,864.89,193.07,4412668.78,985043.14
E8224,Rita,Bebida,Online,Critical,6923,504.29,447.25,3491199.67,3096311.75
E8225,Douglas,Frutas,Offline,Medium,7302,659.5,248.83,4815669,1816956.66
E8226,Tami,Domestico,Online,Medium,3652,832.23,477.66,3039303.96,1744414.32
E8227,Laura,Frutas,Offline,Low,1318,689.86,96.55,909235.48,127252.9
E8228,Sarah,Carnes,Offline,Low,3440,765.94,154.39,2634833.6,531101.6
E8229,Tiffany,Cereales,Offline,Low,7369,870.84,277.1,6417219.96,2041949.9
E8230,Courtney,Domestico,Online,High,1318,519.27,38.02,684397.86,50110.36
E8231,Courtney,Cosmeticos,Online,High,7799,866.47,31.2,6757599.53,243328.8
E8232,Eric,Cosmeticos,Offline,High,4420,912.52,380.22,4033338.4,1680572.4
E8233,Kimberly,Carnes,Online,High,1614,657.85,408.74,1061769.9,659706.36
E8234,Gregory,Snacks,Online,Low,9494,859.58,16.46,8160852.52,156271.24
E8235,Eric,Verduras,Online,Critical,108,400.12,13.22,43212.96,1427.76
E8236,Misty,Alimento infantil,Online,Critical,6815,759.08,126.13,5173130.2,859575.95
E8237,Randy,Carnes,Offline,Low,6691,484.58,12.07,3242324.78,80760.37
E8238,Duane,Snacks,Online,Critical,9883,729.09,395.28,7205596.47,3906552.24
E8239,Desiree,Domestico,Offline,Medium,5362,795.9,402,4267615.8,2155524
E8240,Andre,Carnes,Offline,Critical,5183,796.07,225.17,4126030.81,1167056.11
E8241,Brenda,Cuidado personal,Offline,Critical,5301,821.5,188.37,4354771.5,998549.37
E8242,Misty,Bebida,Offline,Low,976,734.45,15.01,716823.2,14649.76
E8243,Darin,Verduras,Offline,Critical,8992,491.75,480.79,4421816,4323263.68
E8244,David,Ropa,Online,Medium,5865,816.09,495.37,4786367.85,2905345.05
E8245,Audrey,Snacks,Offline,Critical,7892,688.37,67.29,5432616.04,531052.68
E8246,Richard,Cereales,Offline,Low,180,461.64,335.23,83095.2,60341.4
E8247,Scott,Bebida,Online,High,3246,533.12,185.86,1730507.52,603301.56
E8248,Richard,Carnes,Offline,High,4264,793.73,379.67,3384464.72,1618912.88
E8249,Cameron,Domestico,Online,High,221,873.32,272.48,193003.72,60218.08
E8250,Kevin,Cuidado personal,Online,High,2102,428.24,148.63,900160.48,312420.26
E8251,Charles,Cosmeticos,Offline,Medium,1587,753.36,56.48,1195582.32,89633.76
E8252,Rebecca,Cereales,Online,High,8176,915.93,65.54,7488643.68,535855.04
E8253,Pamela,Ropa,Offline,Critical,6707,848.43,251.97,5690420.01,1689962.79
E8254,James,Verduras,Offline,Low,1563,611.88,251.13,956368.44,392516.19
E8255,George,Material de oficina,Online,Medium,7661,895.31,88.15,6858969.91,675317.15
E8256,Sean,Frutas,Online,Low,573,624.92,242.55,358079.16,138981.15
E8257,Jaime,Frutas,Online,Medium,6439,755.08,367.62,4861960.12,2367105.18
E8258,Julie,Alimento infantil,Online,Medium,1808,809.76,497.91,1464046.08,900221.28
E8259,Joseph,Cuidado personal,Offline,High,3479,784.35,243.67,2728753.65,847727.93
E8260,Stephen,Cuidado personal,Offline,High,702,997.09,384.92,699957.18,270213.84
E8261,Matthew,Ropa,Online,High,1957,727.37,498.98,1423463.09,976503.86
E8262,Tiffany,Alimento infantil,Offline,Low,1796,978.52,75.13,1757421.92,134933.48
E8263,Timothy,Frutas,Offline,Medium,2159,842.2,490.79,1818309.8,1059615.61
E8264,Brenda,Frutas,Online,Critical,7504,710.27,311.37,5329866.08,2336520.48
E8265,Audrey,Domestico,Offline,Low,3593,738.66,28.43,2654005.38,102148.99
E8266,Michael,Cereales,Online,High,8820,564.9,371.06,4982418,3272749.2
E8267,James,Cosmeticos,Online,High,3731,447.15,144.33,1668316.65,538495.23
E8268,Frank,Material de oficina,Online,Medium,1582,571.1,430.16,903480.2,680513.12
E8269,Taylor,Frutas,Online,High,8658,742.54,278.96,6428911.32,2415235.68
E8270,Michael,Carnes,Offline,Medium,1539,523.07,282.1,805004.73,434151.9
E8271,Jacqueline,Verduras,Offline,Medium,7555,858.75,477.9,6487856.25,3610534.5
E8272,Andrew,Snacks,Offline,Medium,2759,450.19,44.04,1242074.21,121506.36
E8273,Bobby,Ropa,Online,Medium,585,591.59,216.84,346080.15,126851.4
E8274,Christopher,Ropa,Online,Medium,4104,853.31,56.25,3501984.24,230850
E8275,Amber,Carnes,Online,Critical,5308,823.8,35.98,4372730.4,190981.84
E8276,Gail,Frutas,Online,High,7802,590.31,209.36,4605598.62,1633426.72
E8277,Emma,Snacks,Online,Critical,9719,977.62,486.7,9501488.78,4730237.3
E8278,Bruce,Cereales,Offline,Low,6337,501.92,379.97,3180667.04,2407869.89
E8279,Kayla,Snacks,Offline,Critical,5959,848.36,334.51,5055377.24,1993345.09
E8280,Richard,Bebida,Online,High,7012,474.98,252.36,3330559.76,1769548.32
E8281,Melinda,Cosmeticos,Online,Medium,4352,710.22,374.79,3090877.44,1631086.08
E8282,Sara,Verduras,Offline,High,300,635.52,283.77,190656,85131
E8283,James,Material de oficina,Online,High,602,815.22,322.04,490762.44,193868.08
E8284,Andrea,Carnes,Offline,Low,1142,870.19,316.78,993756.98,361762.76
E8285,Susan,Bebida,Online,Low,9434,828.74,192.53,7818333.16,1816328.02
E8286,Katherine,Cereales,Online,High,1145,849.37,118.52,972528.65,135705.4
E8287,Stephen,Ropa,Offline,Low,5296,644.88,266.02,3415284.48,1408841.92
E8288,Emma,Domestico,Offline,High,4863,501.7,406.06,2439767.1,1974669.78
E8289,Jacob,Domestico,Online,Low,2227,810.16,226.26,1804226.32,503881.02
E8290,Kimberly,Ropa,Offline,High,6634,843.08,297.62,5592992.72,1974411.08
E8291,Matthew,Material de oficina,Offline,High,1037,729.37,44.22,756356.69,45856.14
E8292,Marc,Cuidado personal,Online,High,7271,919.31,175.85,6684303.01,1278605.35
E8293,Jacob,Frutas,Online,Critical,9159,486.62,457.74,4456952.58,4192440.66
E8294,Dawn,Frutas,Offline,Critical,2533,794.85,172.74,2013355.05,437550.42
E8295,Joseph,Verduras,Offline,Medium,4866,656.1,295.68,3192582.6,1438778.88
E8296,Dean,Cuidado personal,Online,High,1330,612.11,120.39,814106.3,160118.7
E8297,Paul,Material de oficina,Offline,Low,2114,455.87,382.74,963709.18,809112.36
E8298,David,Bebida,Offline,Medium,7000,816.46,98.66,5715220,690620
E8299,Jessica,Bebida,Online,Low,4690,437.04,23.94,2049717.6,112278.6
E8300,Robert,Verduras,Offline,Medium,3471,663.69,461.24,2303667.99,1600964.04
E8301,Thomas,Material de oficina,Online,Medium,4543,886.29,238.82,4026415.47,1084959.26
E8302,Cathy,Cereales,Online,Low,2926,878.9,111.67,2571661.4,326746.42
E8303,Adam,Carnes,Online,Low,5063,708.82,460.62,3588755.66,2332119.06
E8304,Nathan,Cuidado personal,Offline,Medium,1242,662.23,81.6,822489.66,101347.2
E8305,Sarah,Cosmeticos,Offline,Low,2100,788.14,137.7,1655094,289170
E8306,Vicki,Ropa,Offline,Low,4252,574.3,85.8,2441923.6,364821.6
E8307,Michelle,Cosmeticos,Online,Medium,7850,573.19,296.64,4499541.5,2328624
E8308,Nancy,Carnes,Online,Critical,5295,592.47,180.78,3137128.65,957230.1
E8309,Kristen,Verduras,Online,Low,4878,562.3,78.77,2742899.4,384240.06
E8310,Elizabeth,Carnes,Online,High,6584,953.32,30.69,6276658.88,202062.96
E8311,Dorothy,Cereales,Offline,Low,7251,519.1,307.9,3763994.1,2232582.9
E8312,Dean,Material de oficina,Online,Critical,2467,402.38,313.87,992671.46,774317.29
E8313,Leah,Alimento infantil,Offline,High,4601,786.79,116.44,3620020.79,535740.44
E8314,Veronica,Carnes,Offline,Critical,8753,868.76,153.74,7604256.28,1345686.22
E8315,Jessica,Carnes,Offline,Low,2489,888.11,153.61,2210505.79,382335.29
E8316,Jeffrey,Cuidado personal,Offline,High,2179,857.22,413.31,1867882.38,900602.49
E8317,Mark,Frutas,Offline,Critical,3849,979.17,439.61,3768825.33,1692058.89
E8318,Nathan,Snacks,Online,Low,1123,842.11,403.17,945689.53,452759.91
E8319,Julie,Verduras,Offline,Medium,7070,680.86,147.98,4813680.2,1046218.6
E8320,Willie,Material de oficina,Online,Medium,4914,574.31,131.18,2822159.34,644618.52
E8321,Christina,Bebida,Offline,High,2169,788.3,129.49,1709822.7,280863.81
E8322,Natasha,Snacks,Offline,Low,1300,575.81,217.33,748553,282529
E8323,Mark,Frutas,Offline,Low,1398,651.65,169.79,911006.7,237366.42
E8324,Gina,Alimento infantil,Online,Low,7025,903.65,61.5,6348141.25,432037.5
E8325,Stacy,Alimento infantil,Offline,Critical,8475,894.2,50.2,7578345,425445
E8326,Brandon,Cosmeticos,Online,Critical,4387,607.45,8.22,2664883.15,36061.14
E8327,Jacqueline,Domestico,Online,Medium,6659,460.07,474.53,3063606.13,3159895.27
E8328,Jessica,Bebida,Offline,Medium,998,525.77,186.8,524718.46,186426.4
E8329,Maxwell,Carnes,Offline,Medium,3775,640.42,418.89,2417585.5,1581309.75
E8330,Courtney,Cereales,Online,Critical,8595,520.18,359.92,4470947.1,3093512.4
E8331,Katie,Alimento infantil,Offline,Critical,9891,504.84,489.35,4993372.44,4840160.85
E8332,Lisa,Carnes,Offline,Critical,5796,619.77,312.89,3592186.92,1813510.44
E8333,Amanda,Material de oficina,Offline,Medium,1702,914.76,47.55,1556921.52,80930.1
E8334,Antonio,Verduras,Offline,Medium,5636,970.01,441.72,5466976.36,2489533.92
E8335,Whitney,Frutas,Offline,Critical,2538,545.09,292.86,1383438.42,743278.68
E8336,Alexander,Material de oficina,Online,Medium,4000,659.7,468.9,2638800,1875600
E8337,Kenneth,Verduras,Online,Low,4672,423.81,266.74,1980040.32,1246209.28
E8338,Stephanie,Material de oficina,Online,High,7023,673.6,82.81,4730692.8,581574.63
E8339,Mark,Alimento infantil,Offline,Critical,6504,611.56,213.4,3977586.24,1387953.6
E8340,Craig,Cosmeticos,Offline,Medium,5319,811.81,487.32,4318017.39,2592055.08
E8341,Christopher,Verduras,Online,High,2506,887.37,280.89,2223749.22,703910.34
E8342,Michael,Snacks,Online,Low,1158,641.91,206.48,743331.78,239103.84
E8343,Andrew,Material de oficina,Offline,Critical,8214,433.41,17.51,3560029.74,143827.14
E8344,Mary,Domestico,Offline,Critical,4796,998.78,328.93,4790148.88,1577548.28
E8345,Samantha,Carnes,Offline,Low,7058,511.92,489.52,3613131.36,3455032.16
E8346,Logan,Verduras,Online,Low,4312,942.88,116.87,4065698.56,503943.44
E8347,Amber,Cuidado personal,Online,Critical,5420,601.6,119.35,3260672,646877
E8348,Adam,Alimento infantil,Offline,Critical,3185,673.43,186.35,2144874.55,593524.75
E8349,Laurie,Ropa,Offline,Medium,3927,992.12,36.68,3896055.24,144042.36
E8350,Christina,Snacks,Offline,Low,1714,656.18,328.64,1124692.52,563288.96
E8351,Sydney,Snacks,Online,Critical,7196,426.72,165.01,3070677.12,1187411.96
E8352,Anthony,Bebida,Online,High,4529,631.55,83.36,2860289.95,377537.44
E8353,James,Cosmeticos,Offline,Low,9610,783.8,162.02,7532318,1557012.2
E8354,Lindsay,Alimento infantil,Offline,Critical,5252,613.92,132.99,3224307.84,698463.48
E8355,Justin,Frutas,Offline,Critical,256,708.85,341.49,181465.6,87421.44
E8356,Paul,Bebida,Online,High,7147,616.25,143.8,4404338.75,1027738.6
E8357,David,Snacks,Online,Low,652,488.64,225.34,318593.28,146921.68
E8358,Charles,Cereales,Offline,Critical,5401,449.05,105.31,2425319.05,568779.31
E8359,Joseph,Frutas,Offline,Medium,4818,428.3,235.35,2063549.4,1133916.3
E8360,Randy,Material de oficina,Offline,Medium,1794,707.23,273.38,1268770.62,490443.72
E8361,William,Domestico,Online,Medium,1674,645.44,52.26,1080466.56,87483.24
E8362,Michelle,Bebida,Online,Medium,3592,607.34,409.48,2181565.28,1470852.16
E8363,Joseph,Ropa,Offline,Low,7895,907.58,410.21,7165344.1,3238607.95
E8364,Kayla,Snacks,Online,Medium,1807,525.3,496.91,949217.1,897916.37
E8365,Deborah,Frutas,Offline,Medium,3766,630.91,327.16,2376007.06,1232084.56
E8366,Timothy,Cuidado personal,Online,High,4861,985.79,415.49,4791925.19,2019696.89
E8367,Patricia,Carnes,Online,Low,7067,697.38,139.82,4928384.46,988107.94
E8368,Amanda,Verduras,Online,High,4066,918.52,27.87,3734702.32,113319.42
E8369,Darryl,Verduras,Offline,Low,1823,788.46,240.97,1437362.58,439288.31
E8370,George,Domestico,Offline,Medium,294,555.55,29.27,163331.7,8605.38
E8371,Gabriel,Snacks,Offline,High,8232,508.2,50.36,4183502.4,414563.52
E8372,Zachary,Bebida,Online,Low,9001,562.94,40.29,5067022.94,362650.29
E8373,Sean,Carnes,Offline,Low,9907,803.95,91.07,7964732.65,902230.49
E8374,Lori,Cosmeticos,Online,Critical,845,901.86,112.2,762071.7,94809
E8375,Stacy,Verduras,Online,Medium,8022,517.1,179.69,4148176.2,1441473.18
E8376,Susan,Domestico,Offline,Critical,8874,661.14,475.05,5866956.36,4215593.7
E8377,Chad,Verduras,Offline,High,7116,569.84,354.58,4054981.44,2523191.28
E8378,Lisa,Carnes,Online,Medium,9547,905.43,340.63,8644140.21,3251994.61
E8379,Michael,Material de oficina,Offline,Medium,5363,590.69,495.86,3167870.47,2659297.18
E8380,Nicole,Cuidado personal,Online,Medium,7519,871.76,379.51,6554763.44,2853535.69
E8381,Thomas,Cereales,Offline,Medium,6256,632.28,431.78,3955543.68,2701215.68
E8382,John,Alimento infantil,Offline,Medium,976,404.27,62.1,394567.52,60609.6
E8383,Matthew,Domestico,Online,Medium,1926,928.24,469.35,1787790.24,903968.1
E8384,Lisa,Snacks,Offline,Low,9232,730.75,380.08,6746284,3508898.56
E8385,Christopher,Carnes,Offline,Low,8732,811.15,116.67,7082961.8,1018762.44
E8386,Dawn,Snacks,Offline,Critical,3826,404.63,321.02,1548114.38,1228222.52
E8387,Veronica,Cuidado personal,Offline,Critical,324,707.67,3.53,229285.08,1143.72
E8388,Judith,Material de oficina,Offline,High,4593,463.3,203.83,2127936.9,936191.19
E8389,Andrew,Frutas,Online,Critical,1844,778.68,349.25,1435885.92,644017
E8390,Paul,Ropa,Online,Critical,5387,718.17,131.85,3868781.79,710275.95
E8391,Jeffrey,Bebida,Online,Critical,4659,730.29,254.38,3402421.11,1185156.42
E8392,Megan,Cosmeticos,Offline,Low,4744,754.86,196.66,3581055.84,932955.04
E8393,Gina,Cuidado personal,Online,High,8102,825.84,224.91,6690955.68,1822220.82
E8394,Justin,Alimento infantil,Offline,High,5120,748.45,46.09,3832064,235980.8
E8395,Timothy,Frutas,Offline,Low,8264,783.92,417.34,6478314.88,3448897.76
E8396,Laura,Snacks,Online,High,4039,685.58,368.6,2769057.62,1488775.4
E8397,Patricia,Snacks,Offline,High,4001,739.26,37.7,2957779.26,150837.7
E8398,Nicole,Snacks,Offline,Low,4482,703.07,196.1,3151159.74,878920.2
E8399,James,Frutas,Online,Low,3751,744.85,486.27,2793932.35,1823998.77
E8400,Nicole,Material de oficina,Online,Medium,6180,532.01,446.54,3287821.8,2759617.2
E8401,Kim,Verduras,Offline,High,7780,903.76,177.22,7031252.8,1378771.6
E8402,Dana,Cosmeticos,Offline,Critical,4173,463.37,318.36,1933643.01,1328516.28
E8403,Ethan,Ropa,Offline,Low,7178,765.6,464.27,5495476.8,3332530.06
E8404,Nicole,Ropa,Offline,High,9979,686.25,395.55,6848088.75,3947193.45
E8405,Nicholas,Domestico,Offline,Low,7928,761.76,73.38,6039233.28,581756.64
E8406,Tiffany,Snacks,Online,High,664,457.7,279.3,303912.8,185455.2
E8407,Tyler,Material de oficina,Offline,Medium,1636,599.15,126.03,980209.4,206185.08
E8408,Timothy,Cuidado personal,Online,Critical,7088,458.3,39.19,3248430.4,277778.72
E8409,Diana,Snacks,Online,Medium,8324,714.31,109.12,5945916.44,908314.88
E8410,Michael,Cosmeticos,Offline,Low,6002,444.33,27.44,2666868.66,164694.88
E8411,Willie,Cosmeticos,Offline,Critical,2659,841.48,57.75,2237495.32,153557.25
E8412,Gail,Domestico,Online,High,6044,673.5,434.26,4070634,2624667.44
E8413,Sean,Cereales,Offline,Medium,4055,845.94,152.7,3430286.7,619198.5
E8414,Eric,Cosmeticos,Online,Critical,1353,461.43,242.37,624314.79,327926.61
E8415,Angela,Domestico,Offline,Critical,8024,419.16,420.58,3363339.84,3374733.92
E8416,Sabrina,Cosmeticos,Offline,Low,5339,711.43,440.09,3798324.77,2349640.51
E8417,Erin,Material de oficina,Online,Medium,899,826.96,87.6,743437.04,78752.4
E8418,Alan,Cereales,Online,Critical,4263,809.52,337.96,3450983.76,1440723.48
E8419,Steve,Carnes,Online,Critical,167,591.32,304.06,98750.44,50778.02
E8420,Ryan,Cuidado personal,Online,Critical,9332,474.95,492.46,4432233.4,4595636.72
E8421,Kevin,Carnes,Offline,High,3610,646.49,345.77,2333828.9,1248229.7
E8422,David,Verduras,Offline,Low,7862,583.42,142.73,4586848.04,1122143.26
E8423,Joshua,Bebida,Offline,Medium,403,868.82,101.02,350134.46,40711.06
E8424,Amanda,Bebida,Online,Critical,1453,599.94,50.31,871712.82,73100.43
E8425,Pamela,Frutas,Offline,High,1993,810.99,203.32,1616303.07,405216.76
E8426,Dean,Bebida,Offline,Medium,8592,768.19,403.12,6600288.48,3463607.04
E8427,Nicholas,Cosmeticos,Online,Medium,5465,500.67,41.59,2736161.55,227289.35
E8428,Kelly,Snacks,Offline,Medium,6618,464.31,141.74,3072803.58,938035.32
E8429,Jonathan,Frutas,Offline,High,9226,876.8,146.01,8089356.8,1347088.26
E8430,James,Frutas,Online,Low,9476,899.45,413.7,8523188.2,3920221.2
E8431,Thomas,Carnes,Offline,Low,7434,922.51,274.07,6857939.34,2037436.38
E8432,Kevin,Verduras,Online,Critical,4501,601.86,8.78,2708971.86,39518.78
E8433,Mark,Snacks,Offline,Critical,392,848.93,167.37,332780.56,65609.04
E8434,Eric,Frutas,Offline,Low,5973,692.01,428,4133375.73,2556444
E8435,John,Cosmeticos,Offline,High,2871,693.05,14.92,1989746.55,42835.32
E8436,Dawn,Domestico,Online,Low,9351,446.54,163.25,4175595.54,1526550.75
E8437,Gregory,Material de oficina,Offline,Medium,448,449.98,113.15,201591.04,50691.2
E8438,Kaitlyn,Verduras,Offline,Medium,5466,767.96,368.11,4197669.36,2012089.26
E8439,Kevin,Snacks,Offline,Critical,5904,881.51,402.5,5204435.04,2376360
E8440,Joshua,Snacks,Offline,Medium,632,939.62,332.71,593839.84,210272.72
E8441,Alexis,Domestico,Offline,High,9913,741.04,303.09,7345929.52,3004531.17
E8442,Christian,Frutas,Online,Medium,5836,469.32,384.88,2738951.52,2246159.68
E8443,Steve,Snacks,Offline,Medium,8014,595.37,10.49,4771295.18,84066.86
E8444,Charles,Carnes,Online,Medium,9447,827.2,491.51,7814558.4,4643294.97
E8445,Ricky,Snacks,Offline,Low,2609,875.07,233.63,2283057.63,609540.67
E8446,Tami,Cereales,Online,Low,8327,692.86,308.32,5769445.22,2567380.64
E8447,Willie,Cuidado personal,Online,Medium,1204,969.16,346.92,1166868.64,417691.68
E8448,Kristen,Cereales,Offline,Medium,8793,879.26,348.33,7731333.18,3062865.69
E8449,Sonia,Alimento infantil,Offline,High,4472,869.27,296.01,3887375.44,1323756.72
E8450,Edward,Snacks,Offline,Critical,7422,606.43,430.4,4500923.46,3194428.8
E8451,Audrey,Bebida,Offline,Low,2611,769.49,308.17,2009138.39,804631.87
E8452,Vincent,Bebida,Online,Medium,6499,970.52,295.93,6307409.48,1923249.07
E8453,Cathy,Verduras,Online,Low,6624,653.42,397,4328254.08,2629728
E8454,Stephanie,Ropa,Online,High,8379,621.57,213.55,5208135.03,1789335.45
E8455,Andrew,Frutas,Online,Low,913,455.6,369.49,415962.8,337344.37
E8456,Jennifer,Alimento infantil,Offline,Medium,6599,710.69,348.02,4689843.31,2296583.98
E8457,Antonio,Cereales,Online,High,3466,476.4,113.85,1651202.4,394604.1
E8458,Alexis,Verduras,Offline,Critical,2916,661.94,53.54,1930217.04,156122.64
E8459,Tracey,Cosmeticos,Offline,Critical,4818,925.59,442.38,4459492.62,2131386.84
E8460,Valerie,Cuidado personal,Offline,Critical,1360,775,12,1054000,16320
E8461,Karla,Ropa,Online,Low,7079,602.2,423.35,4262973.8,2996894.65
E8462,Jacob,Carnes,Offline,Critical,1654,629.64,461.69,1041424.56,763635.26
E8463,Joshua,Ropa,Online,Low,1580,757.09,230.17,1196202.2,363668.6
E8464,Karla,Carnes,Online,High,9878,673,370.81,6647894,3662861.18
E8465,Amanda,Carnes,Online,Medium,5774,680.81,167.41,3930996.94,966625.34
E8466,Sean,Alimento infantil,Offline,Medium,4513,859.59,454.23,3879329.67,2049939.99
E8467,Cathy,Material de oficina,Online,Low,677,550.85,347.35,372925.45,235155.95
E8468,Jacob,Frutas,Offline,Medium,6346,815.24,465.36,5173513.04,2953174.56
E8469,Kenneth,Cuidado personal,Offline,Medium,3008,647.63,61.07,1948071.04,183698.56
E8470,Thomas,Domestico,Offline,High,8094,720.47,423.95,5831484.18,3431451.3
E8471,Christina,Domestico,Online,High,8501,920.2,34.6,7822620.2,294134.6
E8472,John,Bebida,Online,Medium,524,991.15,440.74,519362.6,230947.76
E8473,Ryan,Frutas,Offline,Critical,8464,516.94,217.35,4375380.16,1839650.4
E8474,Melinda,Cuidado personal,Offline,Low,8828,472.77,25.51,4173613.56,225202.28
E8475,Laura,Domestico,Online,High,983,869.74,288.07,854954.42,283172.81
E8476,Courtney,Alimento infantil,Offline,High,6551,414.07,449.79,2712572.57,2946574.29
E8477,Tammy,Bebida,Offline,High,8329,520.81,215.78,4337826.49,1797231.62
E8478,Craig,Material de oficina,Online,Low,3399,640.95,406.22,2178589.05,1380741.78
E8479,Cathy,Alimento infantil,Offline,Medium,1558,827.45,273.87,1289167.1,426689.46
E8480,Michael,Ropa,Offline,Low,2110,586.39,165.6,1237282.9,349416
E8481,Thomas,Frutas,Online,Critical,2559,755.06,366.01,1932198.54,936619.59
E8482,Sean,Material de oficina,Offline,Critical,2029,906.49,275.66,1839268.21,559314.14
E8483,Johnathan,Alimento infantil,Offline,Critical,7642,975.76,12.54,7456757.92,95830.68
E8484,Daniel,Bebida,Online,Critical,9644,664.15,482.7,6405062.6,4655158.8
E8485,Sean,Domestico,Offline,Low,5543,667.07,496.81,3697569.01,2753817.83
E8486,Melissa,Material de oficina,Offline,Critical,9974,786.79,414.92,7847443.46,4138412.08
E8487,Edward,Material de oficina,Offline,Low,2386,577.17,73.83,1377127.62,176158.38
E8488,Kimberly,Carnes,Online,Critical,9183,819.21,258.43,7522805.43,2373162.69
E8489,Leslie,Snacks,Online,High,2533,582.44,234.59,1475320.52,594216.47
E8490,Amber,Bebida,Online,Medium,2724,551.52,150.16,1502340.48,409035.84
E8491,Jill,Cosmeticos,Online,Medium,3535,485.3,31.12,1715535.5,110009.2
E8492,Willie,Domestico,Offline,Low,4055,708.65,435.07,2873575.75,1764208.85
E8493,Isaiah,Verduras,Online,Low,1432,932.42,169.25,1335225.44,242366
E8494,James,Cuidado personal,Offline,Critical,3137,995.42,460.04,3122632.54,1443145.48
E8495,Christopher,Alimento infantil,Offline,High,5495,530.38,466.86,2914438.1,2565395.7
E8496,Kayla,Carnes,Offline,Critical,6492,987.37,42.61,6410006.04,276624.12
E8497,Brandon,Frutas,Online,Medium,8063,795.05,184.48,6410488.15,1487462.24
E8498,Rebekah,Cereales,Online,Medium,8265,463.33,10.04,3829422.45,82980.6
E8499,Andrew,Material de oficina,Online,Medium,2344,476.13,257.58,1116048.72,603767.52
E8500,Julie,Frutas,Offline,Critical,5772,597.62,292.99,3449462.64,1691138.28
E8501,Robert,Alimento infantil,Offline,Medium,137,595.26,170.63,81550.62,23376.31
E8502,Sydney,Domestico,Offline,High,3609,725.44,53.74,2618112.96,193947.66
E8503,Sean,Material de oficina,Online,High,8604,693.28,277,5964981.12,2383308
E8504,Jeffrey,Frutas,Online,Medium,5736,682.17,46.47,3912927.12,266551.92
E8505,Hunter,Carnes,Offline,Medium,7127,892.03,190.88,6357497.81,1360401.76
E8506,David,Bebida,Online,High,2119,939.02,391.94,1989783.38,830520.86
E8507,Brenda,Domestico,Online,High,7056,610.47,423.91,4307476.32,2991108.96
E8508,Joseph,Cereales,Offline,High,2964,530.55,492.1,1572550.2,1458584.4
E8509,Lori,Snacks,Offline,Low,7644,439.01,268.01,3355792.44,2048668.44
E8510,Tami,Frutas,Online,High,2002,439.71,100.65,880299.42,201501.3
E8511,Alexis,Domestico,Online,Low,4379,585.9,256.15,2565656.1,1121680.85
E8512,Chris,Cuidado personal,Online,Medium,1606,798.54,28.75,1282455.24,46172.5
E8513,Charles,Ropa,Online,Low,3204,623.68,387.56,1998270.72,1241742.24
E8514,Jennifer,Cuidado personal,Offline,Low,4675,726.73,59.25,3397462.75,276993.75
E8515,Bianca,Carnes,Online,Critical,2958,796.99,126.94,2357496.42,375488.52
E8516,Stuart,Snacks,Offline,High,8239,593.61,447.8,4890752.79,3689424.2
E8517,Eric,Cuidado personal,Offline,Critical,8202,650.46,432.32,5335072.92,3545888.64
E8518,Kyle,Snacks,Offline,High,3190,737.03,226.95,2351125.7,723970.5
E8519,Alyssa,Alimento infantil,Offline,Low,2458,656.87,229.55,1614586.46,564233.9
E8520,Alexis,Alimento infantil,Offline,Medium,3402,846.31,50.96,2879146.62,173365.92
E8521,Courtney,Verduras,Online,Low,5269,726.76,476.11,3829298.44,2508623.59
E8522,Jessica,Cosmeticos,Offline,Medium,8159,872.73,286.1,7120604.07,2334289.9
E8523,Mason,Alimento infantil,Offline,Low,3909,575.6,145.92,2250020.4,570401.28
E8524,Jacob,Carnes,Online,Low,8129,929.87,71.16,7558913.23,578459.64
E8525,Richard,Snacks,Online,Critical,4267,446.85,47.84,1906708.95,204133.28
E8526,Darryl,Alimento infantil,Online,Critical,3047,584.45,391.11,1780819.15,1191712.17
E8527,Nathan,Verduras,Online,Medium,1758,499.04,101.2,877312.32,177909.6
E8528,James,Cosmeticos,Online,High,5171,845.82,366.29,4373735.22,1894085.59
E8529,Melinda,Cuidado personal,Online,Critical,2574,784.08,482.13,2018221.92,1241002.62
E8530,Amanda,Snacks,Online,Low,294,710.66,343.49,208934.04,100986.06
E8531,Lisa,Cosmeticos,Online,Critical,4239,816.96,280.53,3463093.44,1189166.67
E8532,Joshua,Cosmeticos,Offline,Medium,3133,940.05,306.9,2945176.65,961517.7
E8533,Joshua,Cuidado personal,Offline,Critical,668,783.43,389.79,523331.24,260379.72
E8534,Chad,Snacks,Online,Critical,7297,557.91,191.93,4071069.27,1400513.21
E8535,Nicholas,Frutas,Online,Low,9830,897.91,309.7,8826455.3,3044351
E8536,Stuart,Frutas,Offline,Critical,4006,415.28,231.48,1663611.68,927308.88
E8537,Autumn,Cosmeticos,Offline,Critical,7983,620.82,482.85,4956006.06,3854591.55
E8538,Keith,Cereales,Online,Low,4374,674.78,406.77,2951487.72,1779211.98
E8539,Mitchell,Ropa,Online,Critical,1933,937.47,317.9,1812129.51,614500.7
E8540,Tony,Cosmeticos,Online,Critical,6155,765.92,306.26,4714237.6,1885030.3
E8541,Amanda,Material de oficina,Online,Medium,8426,834.24,177.25,7029306.24,1493508.5
E8542,Dean,Snacks,Offline,Low,7560,983.64,11.93,7436318.4,90190.8
E8543,Nicole,Ropa,Offline,Medium,1173,965.64,54.06,1132695.72,63412.38
E8544,Holly,Alimento infantil,Online,Medium,4810,652.53,273.96,3138669.3,1317747.6
E8545,Alexis,Snacks,Offline,Low,2450,629.08,146.85,1541246,359782.5
E8546,Joseph,Material de oficina,Offline,Critical,5709,652.66,33.8,3726035.94,192964.2
E8547,Jessica,Bebida,Offline,Critical,925,494.04,73.78,456987,68246.5
E8548,Patrick,Snacks,Online,High,5495,827.13,366.44,4545079.35,2013587.8
E8549,Mary,Verduras,Online,Critical,9382,425.53,442.38,3992322.46,4150409.16
E8550,Jill,Bebida,Offline,Low,2327,652.18,471.02,1517622.86,1096063.54
E8551,Amanda,Alimento infantil,Offline,Medium,5506,698.8,87.9,3847592.8,483977.4
E8552,Daniel,Verduras,Online,Medium,3806,429.51,260.07,1634715.06,989826.42
E8553,Patricia,Frutas,Online,High,135,541.55,223.12,73109.25,30121.2
E8554,Daniel,Snacks,Offline,Medium,9515,763.52,467.16,7264892.8,4445027.4
E8555,Paula,Bebida,Offline,Low,6066,528.19,307.47,3204000.54,1865113.02
E8556,Veronica,Domestico,Online,High,5980,625.14,477.99,3738337.2,2858380.2
E8557,John,Verduras,Offline,Medium,9068,912.12,23.08,8271104.16,209289.44
E8558,Ryan,Cosmeticos,Online,High,8155,691.71,269.09,5640895.05,2194428.95
E8559,Andrea,Cosmeticos,Offline,High,8199,553.3,451.2,4536506.7,3699388.8
E8560,Laurie,Domestico,Offline,Low,3765,907.29,365.51,3415946.85,1376145.15
E8561,Steven,Domestico,Online,Low,6577,420.05,196.84,2762668.85,1294616.68
E8562,David,Snacks,Offline,Medium,4939,840.48,412.38,4151130.72,2036744.82
E8563,Gregory,Carnes,Online,Low,3084,994.1,138.2,3065804.4,426208.8
E8564,Jeff,Material de oficina,Online,Low,8104,734.65,287.32,5953603.6,2328441.28
E8565,Alisha,Cosmeticos,Online,Critical,3554,521.58,437.33,1853695.32,1554270.82
E8566,Amanda,Domestico,Online,Critical,7642,681,438.47,5204202,3350787.74
E8567,Colin,Ropa,Online,Low,9684,473.08,369,4581306.72,3573396
E8568,Cindy,Alimento infantil,Offline,Critical,5805,862.47,211.83,5006638.35,1229673.15
E8569,Donald,Material de oficina,Offline,High,7535,467.07,452.26,3519372.45,3407779.1
E8570,Frank,Cuidado personal,Offline,Medium,2540,511.42,480.69,1299006.8,1220952.6
E8571,Brady,Cosmeticos,Offline,High,3745,822.06,76.16,3078614.7,285219.2
E8572,David,Verduras,Online,High,8629,940.36,390.55,8114366.44,3370055.95
E8573,Nathan,Domestico,Online,Medium,1730,530.48,284.35,917730.4,491925.5
E8574,Walter,Verduras,Online,Critical,7018,949.35,498.38,6662538.3,3497630.84
E8575,Sara,Material de oficina,Online,High,1270,564.94,179.12,717473.8,227482.4
E8576,Justin,Alimento infantil,Offline,Critical,2191,772.74,221.65,1693073.34,485635.15
E8577,John,Cereales,Offline,Critical,9651,547.06,84.91,5279676.06,819466.41
E8578,Amanda,Cosmeticos,Offline,High,2534,841.5,428.79,2132361,1086553.86
E8579,Joseph,Cuidado personal,Offline,High,1493,706.17,362.41,1054311.81,541078.13
E8580,Melanie,Domestico,Offline,Low,4021,685.94,275.33,2758164.74,1107101.93
E8581,Alexis,Frutas,Offline,Low,5353,809.82,180.47,4334966.46,966055.91
E8582,David,Cereales,Offline,Critical,1798,950.79,91.44,1709520.42,164409.12
E8583,Sean,Snacks,Online,Low,1770,690.89,223,1222875.3,394710
E8584,Kyle,Alimento infantil,Offline,Low,1306,811.8,220.26,1060210.8,287659.56
E8585,David,Ropa,Offline,Low,4021,951.64,68.77,3826544.44,276524.17
E8586,Richard,Alimento infantil,Online,Critical,3499,888.51,485.59,3108896.49,1699079.41
E8587,Carla,Carnes,Online,High,931,948.22,216.81,882792.82,201850.11
E8588,Hector,Frutas,Offline,Low,1851,526.49,232.04,974532.99,429506.04
E8589,Melanie,Material de oficina,Offline,Medium,581,797.92,485.11,463591.52,281848.91
E8590,Julie,Alimento infantil,Offline,High,7889,661.85,440.4,5221334.65,3474315.6
E8591,Gabriel,Bebida,Offline,High,5476,636.35,324.1,3484652.6,1774771.6
E8592,Angela,Verduras,Offline,Medium,3175,939.78,182.54,2983801.5,579564.5
E8593,Tiffany,Cosmeticos,Offline,Low,6210,820.69,289.11,5096484.9,1795373.1
E8594,Michael,Snacks,Offline,Critical,826,457.77,107.73,378118.02,88984.98
E8595,Patricia,Verduras,Online,Low,3018,966.76,9.26,2917681.68,27946.68
E8596,Benjamin,Alimento infantil,Offline,Medium,4362,958.33,228.95,4180235.46,998679.9
E8597,Timothy,Bebida,Online,Low,6735,684.46,333.4,4609838.1,2245449
E8598,Rebecca,Alimento infantil,Online,High,9549,873.62,236.85,8342197.38,2261680.65
E8599,Michelle,Ropa,Online,Critical,4669,698.53,128.46,3261436.57,599779.74
E8600,Anthony,Alimento infantil,Offline,Critical,8706,942.67,491.39,8206885.02,4278041.34
E8601,Michelle,Ropa,Offline,Critical,4824,772.69,413.18,3727456.56,1993180.32
E8602,Emma,Verduras,Offline,High,1797,715.05,449.19,1284944.85,807194.43
E8603,Tony,Snacks,Offline,Low,2893,706.68,474.14,2044425.24,1371687.02
E8604,Richard,Carnes,Offline,Critical,3559,582.43,384.22,2072868.37,1367438.98
E8605,Emily,Alimento infantil,Offline,Critical,2384,911.28,258.74,2172491.52,616836.16
E8606,Whitney,Verduras,Online,Low,2166,774.81,2.99,1678238.46,6476.34
E8607,Rebekah,Ropa,Offline,Critical,3071,834.47,200.93,2562657.37,617056.03
E8608,Kimberly,Bebida,Online,High,3837,770.91,410.42,2957981.67,1574781.54
E8609,Rebekah,Alimento infantil,Offline,Low,2887,926.75,282.27,2675527.25,814913.49
E8610,Isaiah,Cereales,Offline,Critical,646,678.68,258.64,438427.28,167081.44
E8611,Bryan,Cuidado personal,Offline,Low,9237,748,427.8,6909276,3951588.6
E8612,Katherine,Cuidado personal,Online,Low,8031,451.1,461.65,3622784.1,3707511.15
E8613,Rachel,Snacks,Offline,High,4184,575.07,26.74,2406092.88,111880.16
E8614,Cory,Cuidado personal,Offline,High,8680,758.68,471.63,6585342.4,4093748.4
E8615,Ryan,Snacks,Offline,Critical,5371,674.4,344.86,3622202.4,1852243.06
E8616,Dustin,Cuidado personal,Online,Low,7874,976.2,244.57,7686598.8,1925744.18
E8617,Robert,Snacks,Offline,Critical,1070,904.73,292.33,968061.1,312793.1
E8618,Darryl,Bebida,Online,High,9529,649.63,68.68,6190324.27,654451.72
E8619,Jaime,Cuidado personal,Online,Medium,5087,787.74,360.34,4007233.38,1833049.58
E8620,Jeffrey,Ropa,Offline,Medium,3494,766.67,382.66,2678744.98,1337014.04
E8621,Courtney,Material de oficina,Online,High,9680,957.68,455.14,9270342.4,4405755.2
E8622,Melinda,Frutas,Offline,Low,1817,752.75,468.54,1367746.75,851337.18
E8623,Nicholas,Cosmeticos,Online,Low,4172,943.83,215.09,3937658.76,897355.48
E8624,William,Snacks,Online,Medium,7964,505.97,473.74,4029545.08,3772865.36
E8625,Daniel,Verduras,Offline,Low,295,534.96,480.61,157813.2,141779.95
E8626,Jeffrey,Carnes,Online,Low,8730,829.93,226.54,7245288.9,1977694.2
E8627,Adam,Alimento infantil,Online,High,5887,881.02,308.28,5186564.74,1814844.36
E8628,Kevin,Verduras,Online,Low,9305,457.76,390.5,4259456.8,3633602.5
E8629,Richard,Material de oficina,Online,Medium,7302,722.81,15.62,5277958.62,114057.24
E8630,Dorothy,Bebida,Offline,Critical,8606,788.93,135.43,6789531.58,1165510.58
E8631,Eric,Carnes,Offline,Low,3460,912.59,455.25,3157561.4,1575165
E8632,Jeff,Cuidado personal,Offline,Medium,7959,867.95,73.94,6908014.05,588488.46
E8633,Kimberly,Cereales,Offline,Medium,2876,946.19,84.13,2721242.44,241957.88
E8634,Eric,Alimento infantil,Online,Medium,2129,968,364.89,2060872,776850.81
E8635,Logan,Alimento infantil,Offline,Low,3789,856.39,468.68,3244861.71,1775828.52
E8636,Carla,Alimento infantil,Offline,Medium,1928,801.7,278.78,1545677.6,537487.84
E8637,Margaret,Cuidado personal,Online,Low,7050,976.33,85.21,6883126.5,600730.5
E8638,Sarah,Cereales,Offline,High,9174,635.1,107.57,5826407.4,986847.18
E8639,George,Frutas,Offline,Low,3144,913.13,221.91,2870880.72,697685.04
E8640,Deborah,Ropa,Offline,Low,2402,724.66,459.57,1740633.32,1103887.14
E8641,Jaime,Cereales,Online,Low,6256,795.51,398.51,4976710.56,2493078.56
E8642,Darin,Cereales,Offline,Medium,986,763.26,2.35,752574.36,2317.1
E8643,Todd,Verduras,Offline,Medium,8551,714.57,281.2,6110288.07,2404541.2
E8644,Crystal,Ropa,Offline,Critical,206,487.51,438.01,100427.06,90230.06
E8645,Jacob,Snacks,Online,High,9865,412.5,238.57,4069312.5,2353493.05
E8646,Katherine,Frutas,Offline,Critical,3526,512.18,430.96,1805946.68,1519564.96
E8647,Brandi,Carnes,Online,Low,7413,630.77,158.69,4675898.01,1176368.97
E8648,Kim,Ropa,Online,Medium,1207,885.34,84.93,1068605.38,102510.51
E8649,Leah,Snacks,Online,Low,6201,436.22,372.36,2705000.22,2309004.36
E8650,Todd,Cereales,Offline,Low,1848,536.76,343.37,991932.48,634547.76
E8651,Kristen,Ropa,Online,Medium,3899,429.77,492.29,1675673.23,1919438.71
E8652,Mark,Material de oficina,Offline,Critical,1320,589.8,142.54,778536,188152.8
E8653,Holly,Cuidado personal,Offline,Critical,7458,483.75,44.55,3607807.5,332253.9
E8654,Andrea,Verduras,Offline,High,9003,456.18,461.81,4106988.54,4157675.43
E8655,Cindy,Bebida,Online,Medium,5041,563.28,64.04,2839494.48,322825.64
E8656,Jacqueline,Snacks,Offline,Medium,4522,500.87,287.19,2264934.14,1298673.18
E8657,Joshua,Material de oficina,Offline,High,9906,839.87,405.81,8319752.22,4019953.86
E8658,Kevin,Domestico,Online,High,9020,997.62,48.23,8998532.4,435034.6
E8659,David,Frutas,Offline,Critical,9260,623.98,447.77,5778054.8,4146350.2
E8660,Scott,Snacks,Online,High,4136,457.02,498.28,1890234.72,2060886.08
E8661,Sara,Domestico,Offline,Low,8952,883.12,236.4,7905690.24,2116252.8
E8662,Kevin,Alimento infantil,Online,High,151,529.38,426.84,79936.38,64452.84
E8663,David,Alimento infantil,Online,Low,3333,506.49,408.61,1688131.17,1361897.13
E8664,Andrea,Snacks,Online,High,7378,737.15,18.73,5438692.7,138189.94
E8665,Kristen,Ropa,Offline,Critical,4659,759.51,93.01,3538557.09,433333.59
E8666,Patrick,Bebida,Online,High,7270,685.36,365.27,4982567.2,2655512.9
E8667,Bobby,Material de oficina,Online,High,3889,431.77,411.66,1679153.53,1600945.74
E8668,Kenneth,Domestico,Online,Low,9008,826.49,333.6,7445021.92,3005068.8
E8669,Kevin,Snacks,Online,Medium,2120,777.63,132.49,1648575.6,280878.8
E8670,Tammy,Verduras,Online,Medium,1668,741.26,248.96,1236421.68,415265.28
E8671,Jeff,Frutas,Online,High,3759,916.87,396.92,3446514.33,1492022.28
E8672,John,Bebida,Online,Medium,3522,442.32,257.95,1557851.04,908499.9
E8673,Bobby,Carnes,Online,Low,7397,418.14,54.82,3092981.58,405503.54
E8674,Laurie,Carnes,Online,High,1102,562.01,431.45,619335.02,475457.9
E8675,Austin,Material de oficina,Offline,High,4199,983.79,427.15,4130934.21,1793602.85
E8676,Christina,Cuidado personal,Offline,Critical,9518,778.94,472.08,7413950.92,4493257.44
E8677,Maria,Carnes,Offline,Critical,4467,739.77,31.26,3304552.59,139638.42
E8678,Dawn,Material de oficina,Offline,Low,6582,852.35,388.41,5610167.7,2556514.62
E8679,Melinda,Carnes,Offline,Medium,2869,753.76,94.85,2162537.44,272124.65
E8680,Kimberly,Frutas,Online,Critical,5116,432.19,457.42,2211084.04,2340160.72
E8681,Kenneth,Frutas,Offline,Low,6100,862.89,53.21,5263629,324581
E8682,Nicholas,Bebida,Offline,High,5230,523.4,411.65,2737382,2152929.5
E8683,Emily,Verduras,Offline,Medium,5155,973.19,391.43,5016794.45,2017821.65
E8684,David,Bebida,Offline,Critical,610,725.1,321.45,442311,196084.5
E8685,Richard,Ropa,Offline,Low,7302,638.66,440.76,4663495.32,3218429.52
E8686,George,Cosmeticos,Offline,Medium,8099,485.94,466.28,3935628.06,3776401.72
E8687,Tony,Carnes,Online,High,349,849.88,373.62,296608.12,130393.38
E8688,Jennifer,Ropa,Online,High,354,668.74,154.29,236733.96,54618.66
E8689,Anthony,Cosmeticos,Offline,Medium,5357,694.06,13.43,3718079.42,71944.51
E8690,Nicholas,Alimento infantil,Offline,Low,3911,491.25,432.1,1921278.75,1689943.1
E8691,Patrick,Cereales,Online,Low,5933,968.95,275.11,5748780.35,1632227.63
E8692,Emma,Snacks,Offline,Low,5374,963.08,462.3,5175591.92,2484400.2
E8693,Sarah,Bebida,Offline,Medium,8418,517.5,318.84,4356315,2683995.12
E8694,Autumn,Verduras,Online,Critical,8599,579.71,343.09,4984926.29,2950230.91
E8695,Gregory,Bebida,Offline,High,2232,592.2,299.93,1321790.4,669443.76
E8696,Walter,Bebida,Online,Medium,3449,849.62,404.84,2930339.38,1396293.16
E8697,Teresa,Cosmeticos,Online,High,4422,994.81,198.9,4399049.82,879535.8
E8698,Andrew,Ropa,Online,Low,9140,832.03,185.01,7604754.2,1690991.4
E8699,Wendy,Bebida,Offline,Critical,1756,991.3,277.63,1740722.8,487518.28
E8700,Mark,Cuidado personal,Online,Critical,2136,472.18,297.86,1008576.48,636228.96
E8701,Maxwell,Alimento infantil,Offline,Medium,8475,843.88,247.12,7151883,2094342
E8702,Christina,Verduras,Online,High,549,959.77,253.62,526913.73,139237.38
E8703,Justin,Snacks,Offline,Low,9199,948.76,340.23,8727643.24,3129775.77
E8704,Dawn,Cereales,Online,Low,3035,775.53,395.01,2353733.55,1198855.35
E8705,Nicholas,Bebida,Online,High,9351,809.69,208.73,7571411.19,1951834.23
E8706,Frank,Snacks,Offline,High,3906,582.2,220.23,2274073.2,860218.38
E8707,Chad,Alimento infantil,Offline,High,8578,893.04,273.83,7660497.12,2348913.74
E8708,Courtney,Cereales,Online,Low,5375,783.82,78.97,4213032.5,424463.75
E8709,Joseph,Verduras,Online,Low,1049,919.8,95.79,964870.2,100483.71
E8710,Audrey,Snacks,Offline,High,2332,827.22,395.66,1929077.04,922679.12
E8711,Kenneth,Carnes,Offline,High,8864,617.24,199.9,5471215.36,1771913.6
E8712,Jennifer,Verduras,Online,Medium,4692,986.94,497.31,4630722.48,2333378.52
E8713,Mason,Frutas,Offline,High,8163,439.77,83.38,3589842.51,680630.94
E8714,Mason,Bebida,Offline,High,7984,921.22,168.01,7355020.48,1341391.84
E8715,Thomas,Material de oficina,Offline,Medium,9792,946.44,152.08,9267540.48,1489167.36
E8716,David,Domestico,Offline,Low,9165,419.1,140.05,3841051.5,1283558.25
E8717,Charles,Domestico,Online,High,2819,858.81,231.42,2420985.39,652372.98
E8718,Willie,Material de oficina,Offline,High,5680,745.61,465.9,4235064.8,2646312
E8719,Nicholas,Verduras,Offline,Low,8545,425.48,498.15,3635726.6,4256691.75
E8720,Allison,Domestico,Online,High,8067,428.59,369.39,3457435.53,2979869.13
E8721,Amber,Bebida,Offline,High,5901,866.45,391.16,5112921.45,2308235.16
E8722,George,Frutas,Offline,Low,3691,919.72,147.06,3394686.52,542798.46
E8723,Sara,Cosmeticos,Online,High,7710,567.52,194.04,4375579.2,1496048.4
E8724,Craig,Verduras,Online,High,1249,985.26,407.66,1230589.74,509167.34
E8725,Joshua,Snacks,Offline,Medium,6180,670.25,272.57,4142145,1684482.6
E8726,Harry,Ropa,Online,High,7082,528.74,449.04,3744536.68,3180101.28
E8727,Charles,Domestico,Online,Critical,4929,829.12,149.92,4086732.48,738955.68
E8728,Kyle,Cereales,Offline,Critical,1743,509.81,27.67,888598.83,48228.81
E8729,Adam,Cosmeticos,Offline,High,5361,545.95,492.55,2926837.95,2640560.55
E8730,Christian,Ropa,Offline,High,3947,694.06,218.3,2739454.82,861630.1
E8731,Jaime,Carnes,Online,Low,3644,548.7,43.35,1999462.8,157967.4
E8732,Amanda,Carnes,Offline,Critical,645,446.5,75.91,287992.5,48961.95
E8733,Joshua,Frutas,Offline,Critical,7411,579.07,173.13,4291487.77,1283066.43
E8734,Joseph,Verduras,Offline,Medium,364,779.47,42.62,283727.08,15513.68
E8735,Rebecca,Material de oficina,Online,High,6347,586.48,217.05,3722388.56,1377616.35
E8736,Marc,Verduras,Online,High,6833,575.12,19.86,3929794.96,135703.38
E8737,Mary,Ropa,Online,Medium,6917,775.14,51.16,5361643.38,353873.72
E8738,Brian,Material de oficina,Offline,Critical,8184,474.23,400.43,3881098.32,3277119.12
E8739,Vincent,Domestico,Offline,High,1097,707.03,135.97,775611.91,149159.09
E8740,Bobby,Cosmeticos,Offline,Low,6679,938.26,425.11,6266638.54,2839309.69
E8741,Sean,Material de oficina,Offline,Critical,3592,921.8,58.23,3311105.6,209162.16
E8742,Laurie,Domestico,Offline,Medium,3916,635.72,277.73,2489479.52,1087590.68
E8743,Timothy,Carnes,Offline,High,1584,906.18,51.51,1435389.12,81591.84
E8744,Amy,Material de oficina,Online,High,1736,855.03,205.31,1484332.08,356418.16
E8745,Adam,Snacks,Offline,High,9489,869.41,228.69,8249831.49,2170039.41
E8746,Brian,Verduras,Offline,High,1231,680.96,90.12,838261.76,110937.72
E8747,Daniel,Cuidado personal,Offline,Critical,7157,911.28,51.51,6522030.96,368657.07
E8748,Jessica,Ropa,Offline,High,1628,794.93,292.65,1294146.04,476434.2
E8749,Joseph,Material de oficina,Offline,Medium,1809,839.48,408.08,1518619.32,738216.72
E8750,Mary,Material de oficina,Offline,Medium,9771,967.68,305.6,9455201.28,2986017.6
E8751,Dawn,Cuidado personal,Online,Low,5545,835.82,456.49,4634621.9,2531237.05
E8752,Christopher,Bebida,Offline,Critical,5620,976.13,82.33,5485850.6,462694.6
E8753,Johnathan,Alimento infantil,Online,High,3708,784.43,367.17,2908666.44,1361466.36
E8754,Kelly,Frutas,Offline,Medium,518,506.42,47.09,262325.56,24392.62
E8755,Jonathan,Verduras,Offline,Low,9847,421,280.94,4145587,2766416.18
E8756,Crystal,Alimento infantil,Offline,Critical,4112,462.07,235.02,1900031.84,966402.24
E8757,Donna,Frutas,Online,Medium,8129,481.34,365.84,3912812.86,2973913.36
E8758,Chad,Bebida,Online,Low,3467,934.51,79.08,3239946.17,274170.36
E8759,Brady,Frutas,Offline,High,1969,724.65,190.46,1426835.85,375015.74
E8760,Maria,Bebida,Online,Low,3218,479.9,35.65,1544318.2,114721.7
E8761,Kenneth,Frutas,Online,Critical,4288,824.41,156.69,3535070.08,671886.72
E8762,Madison,Cuidado personal,Online,Medium,1035,935.14,402.84,967869.9,416939.4
E8763,Jeffrey,Bebida,Online,Critical,3874,940.85,459.07,3644852.9,1778437.18
E8764,Mary,Domestico,Offline,Low,8089,859.21,66.26,6950149.69,535977.14
E8765,Allison,Carnes,Online,Low,8175,989.75,129.18,8091206.25,1056046.5
E8766,Miguel,Domestico,Online,Low,1364,838.49,91.82,1143700.36,125242.48
E8767,Dana,Frutas,Online,Critical,7743,693.71,179.29,5371396.53,1388242.47
E8768,Alexander,Cuidado personal,Offline,Low,237,739.89,451.67,175353.93,107045.79
E8769,Christina,Domestico,Online,Medium,3621,541.33,149.25,1960155.93,540434.25
E8770,Christopher,Cosmeticos,Offline,Medium,8056,534.72,332.54,4307704.32,2678942.24
E8771,Rachel,Bebida,Offline,Medium,9475,564.04,398.89,5344279,3779482.75
E8772,Elizabeth,Carnes,Online,Medium,3560,436.16,429.4,1552729.6,1528664
E8773,Kayla,Bebida,Online,Medium,550,918.94,351.28,505417,193204
E8774,Isaiah,Material de oficina,Offline,High,6885,959.34,143.41,6605055.9,987377.85
E8775,Carla,Material de oficina,Online,Critical,1697,751.48,474.72,1275261.56,805599.84
E8776,Daniel,Carnes,Online,Medium,8922,889.07,404.43,7932282.54,3608324.46
E8777,Marc,Bebida,Offline,Low,9614,772.77,372.8,7429410.78,3584099.2
E8778,Taylor,Ropa,Offline,High,2346,651.43,354.28,1528254.78,831140.88
E8779,Stacy,Cuidado personal,Offline,Low,933,785.68,246.29,733039.44,229788.57
E8780,Lisa,Verduras,Online,High,338,779.25,383.73,263386.5,129700.74
E8781,Brian,Frutas,Offline,Low,4798,455.15,395.87,2183809.7,1899384.26
E8782,Sarah,Cuidado personal,Offline,Medium,6179,637.44,379.91,3938741.76,2347463.89
E8783,Amanda,Cosmeticos,Online,Critical,8576,502.85,453.81,4312441.6,3891874.56
E8784,David,Frutas,Online,Medium,2223,455.05,69.62,1011576.15,154765.26
E8785,Sean,Verduras,Offline,High,838,610.19,246.55,511339.22,206608.9
E8786,Nicholas,Cereales,Online,High,7912,430.86,105.12,3408964.32,831709.44
E8787,Scott,Material de oficina,Online,Low,2457,654.04,262.88,1606976.28,645896.16
E8788,Michael,Frutas,Offline,High,1681,954.68,278.25,1604817.08,467738.25
E8789,Jessica,Cosmeticos,Online,Low,6508,718.24,245.92,4674305.92,1600447.36
E8790,Lisa,Ropa,Offline,Medium,3090,812.85,217.62,2511706.5,672445.8
E8791,Anthony,Verduras,Online,High,4528,866.54,24.74,3923693.12,112022.72
E8792,Raymond,Ropa,Online,Medium,7452,661.09,134.34,4926442.68,1001101.68
E8793,Julie,Cereales,Offline,High,4991,900.7,71.92,4495393.7,358952.72
E8794,Cindy,Verduras,Online,High,2180,952.92,106.18,2077365.6,231472.4
E8795,William,Alimento infantil,Online,Critical,4991,528.29,141.55,2636695.39,706476.05
E8796,Kaitlin,Alimento infantil,Offline,High,7171,706.4,144.72,5065594.4,1037787.12
E8797,Michelle,Bebida,Offline,Low,9256,817.08,177.57,7562892.48,1643587.92
E8798,Alicia,Bebida,Online,Low,4523,668.69,37.58,3024484.87,169974.34
E8799,Mitchell,Carnes,Offline,High,7934,457.82,312.69,3632343.88,2480882.46
E8800,Walter,Carnes,Offline,High,4094,929.67,333.83,3806068.98,1366700.02
E8801,Chad,Cosmeticos,Online,Critical,2515,677.4,340.2,1703661,855603
E8802,Matthew,Cosmeticos,Offline,Medium,6001,506.58,100.78,3039986.58,604780.78
E8803,Melanie,Material de oficina,Online,Critical,5363,744.56,349.47,3993075.28,1874207.61
E8804,Desiree,Cereales,Online,High,1093,741.87,426.64,810863.91,466317.52
E8805,Annette,Verduras,Offline,High,7056,516.79,37.94,3646470.24,267704.64
E8806,Rebecca,Cuidado personal,Online,Critical,5481,815.77,73.15,4471235.37,400935.15
E8807,Miguel,Ropa,Online,Medium,2302,922.18,46.66,2122858.36,107411.32
E8808,Katie,Frutas,Online,Low,9529,871.85,139.94,8307858.65,1333488.26
E8809,Jessica,Cereales,Online,Medium,494,695.1,232.31,343379.4,114761.14
E8810,Troy,Cuidado personal,Online,Medium,5593,832.07,279.59,4653767.51,1563746.87
E8811,Kristin,Snacks,Offline,Critical,3685,686.49,39.73,2529715.65,146405.05
E8812,Gabriel,Cereales,Offline,Critical,6401,798.85,116.26,5113438.85,744180.26
E8813,Misty,Carnes,Online,High,7327,850.51,218.94,6231686.77,1604173.38
E8814,Justin,Cosmeticos,Offline,Medium,2060,693.19,190.83,1427971.4,393109.8
E8815,Rita,Alimento infantil,Online,Critical,2219,406.77,156.89,902622.63,348138.91
E8816,Kenneth,Material de oficina,Online,Low,496,476.05,66.81,236120.8,33137.76
E8817,Isaiah,Domestico,Online,Low,7477,787.36,296.9,5887090.72,2219921.3
E8818,Jesse,Cuidado personal,Online,Low,2703,745.88,247.81,2016113.64,669830.43
E8819,Annette,Domestico,Online,Low,660,653.91,96.64,431580.6,63782.4
E8820,Mark,Carnes,Online,Critical,5762,496.33,406.39,2859853.46,2341619.18
E8821,Frank,Cereales,Online,Low,7910,565.71,424.53,4474766.1,3358032.3
E8822,Mitchell,Snacks,Offline,Low,9090,601.76,146.7,5469998.4,1333503
E8823,Jessica,Cosmeticos,Offline,High,471,665.03,231.68,313229.13,109121.28
E8824,Andrea,Snacks,Offline,Medium,3936,993.26,425.42,3909471.36,1674453.12
E8825,Robert,Domestico,Offline,Low,5240,573.84,110.88,3006921.6,581011.2
E8826,Nathan,Cereales,Online,Low,5356,517.38,133.23,2771087.28,713579.88
E8827,Alyssa,Carnes,Offline,Low,283,818.94,149.52,231760.02,42314.16
E8828,Darin,Cereales,Offline,Critical,8900,406.37,29.32,3616693,260948
E8829,Larry,Material de oficina,Online,Medium,1717,763.25,334.05,1310500.25,573563.85
E8830,Julie,Material de oficina,Offline,Low,9412,697.69,149.36,6566658.28,1405776.32
E8831,Daniel,Cosmeticos,Online,High,6889,781.64,334.32,5384717.96,2303130.48
E8832,Jeffrey,Cosmeticos,Online,High,8940,423.95,67.72,3790113,605416.8
E8833,Erin,Bebida,Online,Medium,4409,991.58,415.68,4371876.22,1832733.12
E8834,Sara,Cereales,Offline,Critical,4649,979.26,157.97,4552579.74,734402.53
E8835,Angela,Cosmeticos,Offline,Critical,5372,653.76,223.1,3511998.72,1198493.2
E8836,Duane,Domestico,Offline,High,7234,969.93,407.21,7016473.62,2945757.14
E8837,Jeffrey,Material de oficina,Online,Medium,5451,899.26,49.54,4901866.26,270042.54
E8838,Nicholas,Frutas,Online,High,7418,584.2,362.43,4333595.6,2688505.74
E8839,Robert,Domestico,Offline,Medium,8924,757.48,146.1,6759751.52,1303796.4
E8840,Brenda,Alimento infantil,Online,High,1401,794.55,397.04,1113164.55,556253.04
E8841,Kenneth,Carnes,Offline,Low,7427,912.35,140.81,6776023.45,1045795.87
E8842,Kelly,Bebida,Online,Low,4417,648.35,250.99,2863761.95,1108622.83
E8843,Steven,Bebida,Online,High,4923,786.67,475.6,3872776.41,2341378.8
E8844,Matthew,Verduras,Online,High,3138,893.4,286.12,2803489.2,897844.56
E8845,Kyle,Verduras,Offline,Critical,650,582.11,411.39,378371.5,267403.5
E8846,Melanie,Verduras,Offline,Medium,5254,790.03,132.54,4150817.62,696365.16
E8847,Bruce,Carnes,Offline,Medium,4364,691.45,133.78,3017487.8,583815.92
E8848,Mark,Domestico,Offline,Low,1009,562.77,318.95,567834.93,321820.55
E8849,Jeff,Snacks,Online,High,6023,825.48,393.56,4971866.04,2370411.88
E8850,Courtney,Carnes,Online,Low,1491,818.57,448.3,1220487.87,668415.3
E8851,Richard,Domestico,Online,Medium,6160,404.62,357.32,2492459.2,2201091.2
E8852,Amanda,Bebida,Online,High,5438,832.3,182.51,4526047.4,992489.38
E8853,Craig,Cuidado personal,Offline,Low,6978,484.59,154.57,3381469.02,1078589.46
E8854,Thomas,Cosmeticos,Online,High,8035,626.47,458.34,5033686.45,3682761.9
E8855,Nancy,Ropa,Online,Medium,4697,914.53,109.89,4295547.41,516153.33
E8856,Kyle,Cuidado personal,Offline,Medium,257,641.19,241.06,164785.83,61952.42
E8857,Andrew,Domestico,Offline,Medium,9340,682.01,407.1,6369973.4,3802314
E8858,Katie,Cosmeticos,Online,Critical,2955,788.26,21.97,2329308.3,64921.35
E8859,Rachel,Alimento infantil,Online,High,894,524,45.91,468456,41043.54
E8860,Adam,Cuidado personal,Online,Medium,2017,619.86,366.32,1250257.62,738867.44
E8861,William,Domestico,Offline,Medium,6548,981.09,23.29,6424177.32,152502.92
E8862,Keith,Cereales,Offline,Medium,8266,842,104.47,6959972,863549.02
E8863,Jacob,Domestico,Offline,Low,5276,694.18,177.58,3662493.68,936912.08
E8864,Johnathan,Cereales,Online,Medium,9953,620.46,474.39,6175438.38,4721603.67
E8865,Timothy,Domestico,Offline,Low,9877,914.31,178.99,9030639.87,1767884.23
E8866,Erica,Verduras,Offline,Medium,4076,596.28,289.55,2430437.28,1180205.8
E8867,Cindy,Material de oficina,Offline,High,680,822.4,356.5,559232,242420
E8868,Chad,Carnes,Online,Critical,493,937.31,310.18,462093.83,152918.74
E8869,James,Cereales,Offline,Low,1272,931.21,299.21,1184499.12,380595.12
E8870,Eric,Snacks,Offline,Critical,3771,528.4,158.41,1992596.4,597364.11
E8871,David,Verduras,Online,Low,4318,747.41,202.98,3227316.38,876467.64
E8872,Tyrone,Verduras,Offline,High,1385,556.14,178.64,770253.9,247416.4
E8873,William,Bebida,Online,Critical,5067,971.04,140.88,4920259.68,713838.96
E8874,Kelly,Ropa,Offline,Critical,645,572.43,330.3,369217.35,213043.5
E8875,David,Ropa,Online,High,5819,410.82,248.52,2390561.58,1446137.88
E8876,Justin,Cuidado personal,Online,Critical,8928,702.66,198.98,6273348.48,1776493.44
E8877,Julie,Cosmeticos,Offline,Critical,954,533.28,221.14,508749.12,210967.56
E8878,Justin,Bebida,Offline,High,6450,489.91,128.53,3159919.5,829018.5
E8879,Brandi,Cuidado personal,Online,Low,7943,607.26,287.93,4823466.18,2287027.99
E8880,David,Cereales,Online,High,413,675.84,47.3,279121.92,19534.9
E8881,Kevin,Material de oficina,Offline,Low,9453,411.42,152.06,3889153.26,1437423.18
E8882,Michael,Domestico,Online,Low,1282,445.54,255.69,571182.28,327794.58
E8883,Dorothy,Verduras,Online,High,4275,498.01,197.11,2128992.75,842645.25
E8884,Jake,Alimento infantil,Online,High,4552,635.55,292.52,2893023.6,1331551.04
E8885,Bruce,Carnes,Offline,Medium,7200,850.73,492.8,6125256,3548160
E8886,Sydney,Frutas,Online,Low,5987,814.64,363.44,4877249.68,2175915.28
E8887,Chad,Alimento infantil,Offline,Low,5168,623.7,139.89,3223281.6,722951.52
E8888,Wendy,Cuidado personal,Offline,High,8605,855.46,7.04,7361233.3,60579.2
E8889,Zachary,Bebida,Offline,High,4316,742.63,83.85,3205191.08,361896.6
E8890,John,Snacks,Offline,High,191,902.14,389.6,172308.74,74413.6
E8891,George,Verduras,Offline,High,903,588.8,81.54,531686.4,73630.62
E8892,Susan,Material de oficina,Offline,Medium,322,979.65,212.19,315447.3,68325.18
E8893,Kayla,Material de oficina,Online,Low,758,787.47,351.12,596902.26,266148.96
E8894,Sonia,Verduras,Online,Medium,4913,665.67,371.71,3270436.71,1826211.23
E8895,Colin,Material de oficina,Offline,High,712,458.73,100.6,326615.76,71627.2
E8896,Bryan,Cosmeticos,Online,Critical,468,861.29,68.76,403083.72,32179.68
E8897,Alyssa,Alimento infantil,Offline,Low,4898,490.26,340.12,2401293.48,1665907.76
E8898,Amanda,Bebida,Offline,Low,6855,973.37,361.01,6672451.35,2474723.55
E8899,Rebekah,Cosmeticos,Offline,Critical,4275,652.71,144.16,2790335.25,616284
E8900,Sara,Bebida,Offline,Critical,5978,487.15,317.71,2912182.7,1899270.38
E8901,Edward,Cereales,Offline,Critical,4227,793.96,60.88,3356068.92,257339.76
E8902,Bianca,Cereales,Online,Critical,7668,694.3,200.16,5323892.4,1534826.88
E8903,Ryan,Snacks,Offline,Critical,6408,656.65,7.59,4207813.2,48636.72
E8904,Melanie,Domestico,Online,Medium,8757,520.66,142.74,4559419.62,1249974.18
E8905,Joshua,Domestico,Online,Low,3557,732.71,257.33,2606249.47,915322.81
E8906,Kathy,Frutas,Offline,Low,4944,882.47,158.38,4362931.68,783030.72
E8907,Kaitlyn,Cosmeticos,Offline,Critical,8873,979.1,310.83,8687554.3,2757994.59
E8908,Amanda,Material de oficina,Online,Low,7320,435.57,418.48,3188372.4,3063273.6
E8909,Troy,Alimento infantil,Offline,High,5850,976.12,167.84,5710302,981864
E8910,Stephanie,Verduras,Offline,High,2891,436.46,251.6,1261805.86,727375.6
E8911,Dustin,Verduras,Online,Low,6019,486.55,382.43,2928544.45,2301846.17
E8912,Whitney,Bebida,Offline,Medium,6756,589.36,478.36,3981716.16,3231800.16
E8913,Jeffrey,Carnes,Offline,Medium,410,862.75,96.76,353727.5,39671.6
E8914,Sonya,Bebida,Offline,Low,4721,828.91,183.5,3913284.11,866303.5
E8915,Alan,Alimento infantil,Offline,High,9137,805.51,382.04,7359944.87,3490699.48
E8916,Dustin,Cereales,Offline,Low,9618,656.72,200.76,6316332.96,1930909.68
E8917,Sonia,Carnes,Offline,Medium,2426,467.81,29.6,1134907.06,71809.6
E8918,Zachary,Alimento infantil,Offline,Medium,4720,675.43,298.09,3188029.6,1406984.8
E8919,Justin,Alimento infantil,Online,Medium,6593,751.93,43.72,4957474.49,288245.96
E8920,Dawn,Cuidado personal,Offline,Critical,7063,758.09,453.43,5354389.67,3202576.09
E8921,Nathan,Cuidado personal,Offline,Low,2304,901.93,241.16,2078046.72,555632.64
E8922,Mark,Frutas,Offline,Low,5281,766.95,177.36,4050262.95,936638.16
E8923,Melanie,Cereales,Online,Critical,7366,761.22,310.1,5607146.52,2284196.6
E8924,Cory,Alimento infantil,Offline,Critical,7014,794.16,288.75,5570238.24,2025292.5
E8925,Zachary,Alimento infantil,Offline,High,1091,853.34,17.55,930993.94,19147.05
E8926,Bryan,Verduras,Offline,Low,1462,872.56,161.08,1275682.72,235498.96
E8927,Vicki,Carnes,Online,Critical,3252,534.08,495.26,1736828.16,1610585.52
E8928,Isaiah,Frutas,Online,Low,8789,876.47,109.1,7703294.83,958879.9
E8929,Justin,Ropa,Offline,Medium,747,858.71,128.51,641456.37,95996.97
E8930,Gina,Alimento infantil,Offline,Medium,7808,547.22,9.5,4272693.76,74176
E8931,Nicholas,Cereales,Offline,Critical,9970,517.22,25.67,5156683.4,255929.9
E8932,Richard,Carnes,Online,Critical,5529,517.36,179.6,2860483.44,993008.4
E8933,Matthew,Frutas,Offline,Medium,1396,667.22,484.3,931439.12,676082.8
E8934,Timothy,Material de oficina,Online,Medium,1561,657.31,295.6,1026060.91,461431.6
E8935,Eric,Material de oficina,Online,Low,8409,706.91,30.4,5944406.19,255633.6
E8936,Charles,Cereales,Offline,High,1936,730.47,466.7,1414189.92,903531.2
E8937,Sean,Snacks,Offline,Medium,2895,877.08,106.62,2539146.6,308664.9
E8938,Sarah,Verduras,Online,Low,1849,712.68,162.4,1317745.32,300277.6
E8939,Kayla,Snacks,Offline,Low,6392,873.76,451.54,5585073.92,2886243.68
E8940,Ashley,Material de oficina,Online,Medium,5881,489.64,186.83,2879572.84,1098747.23
E8941,Lori,Material de oficina,Offline,Medium,2998,707.12,105.53,2119945.76,316378.94
E8942,Nicholas,Frutas,Online,Low,6209,974.8,215.47,6052533.2,1337853.23
E8943,Brenda,Snacks,Offline,High,1081,526.03,138.34,568638.43,149545.54
E8944,Karla,Cuidado personal,Online,High,9223,921.46,63.77,8498625.58,588150.71
E8945,Rebecca,Snacks,Online,Low,2025,659.78,349.53,1336054.5,707798.25
E8946,Amanda,Bebida,Online,Critical,6131,722.57,445.13,4430076.67,2729092.03
E8947,Michelle,Frutas,Online,Medium,9375,945.72,88.45,8866125,829218.75
E8948,Mark,Alimento infantil,Offline,High,5505,626.96,364.3,3451414.8,2005471.5
E8949,Hunter,Verduras,Offline,Critical,9957,508.14,344.52,5059549.98,3430385.64
E8950,Charles,Cosmeticos,Offline,Medium,468,485.09,22.75,227022.12,10647
E8951,James,Domestico,Offline,Low,5150,599.24,339.15,3086086,1746622.5
E8952,Benjamin,Cuidado personal,Online,Low,4036,694.2,166.97,2801791.2,673890.92
E8953,Nathan,Material de oficina,Online,Medium,1883,895.94,161.34,1687055.02,303803.22
E8954,David,Cereales,Offline,Critical,5641,761.32,471.58,4294606.12,2660182.78
E8955,Bruce,Cuidado personal,Online,High,452,825.79,495.29,373257.08,223871.08
E8956,Hector,Alimento infantil,Offline,Low,7295,768.8,50.72,5608396,370002.4
E8957,Brenda,Carnes,Offline,Medium,1257,687.47,396.25,864149.79,498086.25
E8958,Rachel,Domestico,Offline,Low,8247,983.98,349.36,8114883.06,2881171.92
E8959,Brady,Domestico,Online,Low,4306,539.47,49.3,2322957.82,212285.8
E8960,Thomas,Carnes,Offline,Critical,1265,778.45,169.11,984739.25,213924.15
E8961,Miguel,Cuidado personal,Online,High,7191,479.71,287.1,3449594.61,2064536.1
E8962,Julie,Cosmeticos,Offline,Low,4597,747.28,287.77,3435246.16,1322878.69
E8963,Hannah,Cuidado personal,Online,Medium,7981,713.14,422.71,5691570.34,3373648.51
E8964,William,Alimento infantil,Offline,High,8033,625.76,370.54,5026730.08,2976547.82
E8965,Holly,Carnes,Online,Medium,6445,709.33,285.69,4571631.85,1841272.05
E8966,Tami,Cereales,Offline,Medium,3191,953.23,87.26,3041756.93,278446.66
E8967,Jeffrey,Alimento infantil,Offline,Critical,1763,757.5,134.73,1335472.5,237528.99
E8968,William,Domestico,Online,Low,753,418.26,304.19,314949.78,229055.07
E8969,Jacob,Ropa,Offline,Medium,3847,517.99,220.27,1992707.53,847378.69
E8970,Katie,Carnes,Online,High,2660,524.96,217.25,1396393.6,577885
E8971,Taylor,Bebida,Offline,Critical,4155,573.3,169.7,2382061.5,705103.5
E8972,Brittany,Carnes,Online,Low,2092,755.96,454.73,1581468.32,951295.16
E8973,Angela,Domestico,Offline,High,9667,901.8,109.14,8717700.6,1055056.38
E8974,Ashley,Frutas,Offline,Medium,7613,769.46,405.25,5857898.98,3085168.25
E8975,Rebecca,Domestico,Online,Critical,6686,610.17,59.92,4079596.62,400625.12
E8976,Michael,Carnes,Offline,High,7830,724.17,44.04,5670251.1,344833.2
E8977,Brandi,Bebida,Offline,High,1048,677.76,323.3,710292.48,338818.4
E8978,Kimberly,Cereales,Offline,Critical,2756,997.56,383.8,2749275.36,1057752.8
E8979,Alexis,Material de oficina,Online,Low,6034,492.4,103.11,2971141.6,622165.74
E8980,Benjamin,Bebida,Online,Medium,5134,796.94,274.42,4091489.96,1408872.28
E8981,Amanda,Alimento infantil,Online,Low,6256,659.92,335.62,4128459.52,2099638.72
E8982,Jennifer,Cuidado personal,Online,High,1732,720.23,76.42,1247438.36,132359.44
E8983,Kelly,Ropa,Offline,Medium,6871,938.06,178.21,6445410.26,1224480.91
E8984,Nathan,Domestico,Offline,High,8454,669.26,269.11,5657924.04,2275055.94
E8985,Eric,Material de oficina,Online,Medium,4261,663.78,199.06,2828366.58,848194.66
E8986,Joshua,Ropa,Online,High,4892,843.86,438.33,4128163.12,2144310.36
E8987,Joshua,Carnes,Offline,Medium,4655,666.12,134.49,3100788.6,626050.95
E8988,Susan,Domestico,Offline,Medium,6321,863.51,413.43,5458246.71,2613291.03
E8989,John,Domestico,Online,Low,9827,911.17,354.66,8954067.59,3485243.82
E8990,Angela,Bebida,Online,Medium,6971,976.13,61.44,6804602.23,428298.24
E8991,Raymond,Snacks,Offline,High,4734,801.74,290.19,3795437.16,1373759.46
E8992,Alexis,Cosmeticos,Offline,Critical,6087,537.12,411.79,3269449.44,2506565.73
E8993,Nancy,Carnes,Offline,High,8375,760.45,327.51,6368768.75,2742896.25
E8994,Angela,Domestico,Online,Critical,3049,445.07,169.63,1357018.43,517201.87
E8995,Bruce,Material de oficina,Offline,Medium,4217,996.53,156.46,4202367.01,659791.82
E8996,Eric,Bebida,Online,Low,5151,988.99,429.74,5094287.49,2213590.74
E8997,Kimberly,Frutas,Online,Critical,1476,427.2,273.16,630547.2,403184.16
E8998,Edward,Material de oficina,Online,High,8984,790.58,437.48,7102570.72,3930320.32
E8999,Katherine,Ropa,Offline,Low,3834,662.27,50.65,2539143.18,194192.1
E9000,Troy,Ropa,Offline,Critical,3134,943.52,474.18,2956991.68,1486080.12
E9001,Timothy,Snacks,Offline,Critical,8431,700.33,147.83,5904482.23,1246354.73
E9002,Carla,Ropa,Online,Critical,1202,871.61,492.95,1047675.22,592525.9
E9003,Bobby,Ropa,Online,High,1542,935.92,276.97,1443188.64,427087.74
E9004,Angela,Snacks,Offline,Medium,4066,536.38,475.22,2180921.08,1932244.52
E9005,Nicholas,Frutas,Offline,Medium,7373,419.77,190.31,3094964.21,1403155.63
E9006,Rebecca,Cereales,Offline,Low,2180,529.1,59.99,1153438,130778.2
E9007,Hunter,Verduras,Online,Medium,4554,691.06,118.04,3147087.24,537554.16
E9008,Jennifer,Cosmeticos,Offline,Low,4671,425.7,8.23,1988444.7,38442.33
E9009,Alisha,Frutas,Offline,Low,8179,654.26,61.94,5351192.54,506607.26
E9010,Eric,Ropa,Offline,Critical,9859,983.77,105.28,9698988.43,1037955.52
E9011,Michael,Frutas,Online,Medium,2674,484.03,416.51,1294296.22,1113747.74
E9012,Michael,Alimento infantil,Offline,Critical,9574,470.29,442.63,4502556.46,4237739.62
E9013,Jessica,Cuidado personal,Online,High,7596,824.8,175.7,6265180.8,1334617.2
E9014,Jeffrey,Cereales,Online,Low,5418,544.73,432.55,2951347.14,2343555.9
E9015,Andrew,Cuidado personal,Online,Low,9515,567.51,181.9,5399857.65,1730778.5
E9016,Lisa,Cereales,Online,Medium,1612,733.11,313.91,1181773.32,506022.92
E9017,Bianca,Domestico,Online,Low,4460,682.87,299.82,3045600.2,1337197.2
E9018,David,Cuidado personal,Online,Medium,5004,512.5,463.54,2564550,2319554.16
E9019,Troy,Alimento infantil,Online,Low,8787,609.76,112.6,5357961.12,989416.2
E9020,Austin,Cereales,Offline,Low,9524,716.36,100.22,6822612.64,954495.28
E9021,Richard,Frutas,Online,Critical,5109,563.97,54.52,2881322.73,278542.68
E9022,Lisa,Ropa,Online,Critical,427,762.79,59.5,325711.33,25406.5
E9023,Laurie,Carnes,Online,Low,181,767.85,401.85,138980.85,72734.85
E9024,Kevin,Material de oficina,Offline,Critical,9511,893.47,404.45,8497793.17,3846723.95
E9025,Christina,Domestico,Online,High,5171,851.82,38.18,4404761.22,197428.78
E9026,Eric,Domestico,Offline,High,6399,448.56,361.49,2870335.44,2313174.51
E9027,Gabriel,Frutas,Offline,Critical,5666,484.6,429.67,2745743.6,2434510.22
E9028,Julian,Snacks,Online,Medium,9019,580.39,155.84,5234537.41,1405520.96
E9029,Jacob,Cosmeticos,Offline,Critical,4279,639.73,128.32,2737404.67,549081.28
E9030,Sean,Carnes,Offline,High,6738,965.7,333.52,6506886.6,2247257.76
E9031,Pamela,Cuidado personal,Online,Low,3944,982.07,190.41,3873284.08,750977.04
E9032,Hector,Material de oficina,Offline,Medium,9603,509.31,194.72,4890903.93,1869896.16
E9033,Karla,Verduras,Offline,Medium,2634,679.8,414.25,1790593.2,1091134.5
E9034,Johnathan,Frutas,Online,Low,4838,908.24,56.52,4394065.12,273443.76
E9035,John,Domestico,Online,Critical,9280,759.05,101.46,7043984,941548.8
E9036,Leah,Cereales,Offline,Critical,8343,608.6,347.54,5077549.8,2899526.22
E9037,Sonya,Snacks,Online,Critical,8199,858.52,189.19,7039005.48,1551168.81
E9038,Tiffany,Cosmeticos,Offline,Medium,9277,883.99,89.99,8200775.23,834837.23
E9039,Christina,Domestico,Offline,Critical,399,795.65,167.97,317464.35,67020.03
E9040,Douglas,Alimento infantil,Online,Medium,7908,713.51,296.64,5642437.08,2345829.12
E9041,Scott,Verduras,Offline,High,4096,420.68,477.22,1723105.28,1954693.12
E9042,Benjamin,Cosmeticos,Offline,High,7938,678.58,129.68,5386568.04,1029399.84
E9043,Phillip,Ropa,Offline,High,6609,731.1,381.77,4831839.9,2523117.93
E9044,Bianca,Verduras,Online,Medium,7920,805.46,2.1,6379243.2,16632
E9045,Anthony,Frutas,Offline,High,6949,579.14,419.95,4024443.86,2918232.55
E9046,Chad,Ropa,Online,Low,4272,535.75,146.43,2288724,625548.96
E9047,Benjamin,Bebida,Offline,Low,9474,788.35,364.19,7468827.9,3450336.06
E9048,Edward,Cuidado personal,Online,Critical,7800,816.04,348.08,6365112,2715024
E9049,Sarah,Material de oficina,Offline,Critical,3471,714.28,5.67,2479265.88,19680.57
E9050,Angela,Ropa,Offline,High,7518,922.97,359.61,6938888.46,2703547.98
E9051,Danny,Cereales,Offline,Medium,8802,404.96,277.05,3564457.92,2438594.1
E9052,Craig,Alimento infantil,Offline,Medium,841,746.79,298.39,628050.39,250945.99
E9053,David,Frutas,Online,Critical,5369,886.26,141.41,4758329.94,759230.29
E9054,Colin,Alimento infantil,Online,Critical,4167,946.87,467.07,3945607.29,1946280.69
E9055,Joshua,Ropa,Offline,High,4592,656.81,186.77,3016071.52,857647.84
E9056,Samantha,Cuidado personal,Offline,Medium,2525,938.73,309.92,2370293.25,782548
E9057,Daniel,Cuidado personal,Offline,Low,5844,958.77,213.4,5603051.88,1247109.6
E9058,Zachary,Ropa,Offline,High,1927,740.5,31.77,1426943.5,61220.79
E9059,Sonya,Cosmeticos,Online,Critical,9322,869.69,240.29,8107250.18,2239983.38
E9060,Amanda,Verduras,Offline,Critical,1732,984.58,258.34,1705292.56,447444.88
E9061,Gabriel,Bebida,Online,Critical,8914,786.28,460.79,7008899.92,4107482.06
E9062,Kimberly,Material de oficina,Offline,Critical,7547,925.02,425.31,6981125.94,3209814.57
E9063,Melinda,Cuidado personal,Offline,High,2108,587.5,95.24,1238450,200765.92
E9064,Kelly,Alimento infantil,Online,Medium,7037,409.83,118.55,2883973.71,834236.35
E9065,Emily,Carnes,Offline,Medium,2177,595.71,480.39,1296860.67,1045809.03
E9066,Bruce,Frutas,Offline,Low,8918,921.87,123.04,8221236.66,1097270.72
E9067,Christian,Carnes,Offline,Critical,9465,769.19,214.89,7280383.35,2033933.85
E9068,Dawn,Alimento infantil,Offline,Critical,7413,585.97,311.32,4343795.61,2307815.16
E9069,James,Cosmeticos,Online,Medium,5123,852.56,32.44,4367664.88,166190.12
E9070,Erica,Cuidado personal,Offline,Critical,7334,847.84,222.11,6218058.56,1628954.74
E9071,Dean,Bebida,Online,Low,7230,606.5,56.42,4384995,407916.6
E9072,John,Frutas,Online,Critical,7599,763.81,15.67,5804192.19,119076.33
E9073,Alexander,Ropa,Online,Medium,7186,624.45,2.6,4487297.7,18683.6
E9074,Craig,Cosmeticos,Online,Critical,7064,535.18,331.93,3780511.52,2344753.52
E9075,Kenneth,Carnes,Online,High,6658,571.97,193.87,3808176.26,1290786.46
E9076,Christopher,Cereales,Online,Low,1039,876.12,268.11,910288.68,278566.29
E9077,Michael,Cuidado personal,Offline,Medium,1437,540.68,168.72,776957.16,242450.64
E9078,Tyler,Bebida,Offline,Critical,9739,628.64,164.63,6122324.96,1603331.57
E9079,Scott,Ropa,Online,Medium,2074,575.91,255.82,1194437.34,530570.68
E9080,Adam,Carnes,Offline,Medium,9953,738.64,120.14,7351683.92,1195753.42
E9081,Dustin,Bebida,Online,Critical,3208,460.1,213.47,1476000.8,684811.76
E9082,Amber,Domestico,Offline,Critical,6076,436.84,373.27,2654239.84,2267988.52
E9083,George,Cosmeticos,Offline,High,2781,699.18,454.49,1944419.58,1263936.69
E9084,Michelle,Domestico,Offline,Low,6334,949.91,429.41,6016729.94,2719882.94
E9085,Nicholas,Cereales,Online,Low,4247,762.52,188.48,3238422.44,800474.56
E9086,Jose,Cuidado personal,Offline,Critical,2167,666.33,71.31,1443937.11,154528.77
E9087,Juan,Cuidado personal,Offline,Low,5711,485.31,446.02,2771605.41,2547220.22
E9088,Morgan,Verduras,Online,Low,9551,496.26,340.22,4739779.26,3249441.22
E9089,Ryan,Cosmeticos,Online,Critical,3550,817.88,383.87,2903474,1362738.5
E9090,Jessica,Ropa,Online,Low,1955,584.18,243.76,1142071.9,476550.8
E9091,Andrea,Frutas,Online,Critical,7445,943.56,2.06,7024804.2,15336.7
E9092,Kevin,Snacks,Offline,Critical,7230,837.55,169.7,6055486.5,1226931
E9093,Jessica,Alimento infantil,Online,Medium,9592,450.66,240.17,4322730.72,2303710.64
E9094,Melissa,Alimento infantil,Online,High,8230,993.02,103.66,8172554.6,853121.8
E9095,Kenneth,Material de oficina,Offline,High,353,959.66,351.52,338759.98,124086.56
E9096,Emily,Frutas,Online,High,8799,541.93,298.6,4768442.07,2627381.4
E9097,Mary,Cosmeticos,Online,Medium,5916,420.45,241.14,2487382.2,1426584.24
E9098,Jacob,Snacks,Offline,Critical,6988,488.51,64.53,3413707.88,450935.64
E9099,Matthew,Material de oficina,Online,Low,7431,406.65,125.81,3021816.15,934894.11
E9100,Kim,Bebida,Online,Critical,5319,675.67,341.69,3593888.73,1817449.11
E9101,Thomas,Alimento infantil,Offline,Low,9523,617.63,264.89,5881690.49,2522547.47
E9102,Jeffrey,Ropa,Offline,Critical,2013,435.87,193.8,877406.31,390119.4
E9103,Nicole,Bebida,Offline,High,528,907.25,397.73,479028,210001.44
E9104,Veronica,Cosmeticos,Online,High,6240,904.58,193.99,5644579.2,1210497.6
E9105,Nicholas,Cosmeticos,Online,High,7244,882.15,202.51,6390294.6,1466982.44
E9106,Stephanie,Cuidado personal,Online,High,3582,989.19,97.69,3543278.58,349925.58
E9107,Sydney,Cosmeticos,Offline,Critical,9786,766.29,456.47,7498913.94,4467015.42
E9108,Kaitlyn,Cosmeticos,Offline,High,6910,857.63,107.64,5926223.3,743792.4
E9109,Dawn,Alimento infantil,Offline,Medium,8045,815.03,301.32,6556916.35,2424119.4
E9110,Austin,Snacks,Online,Medium,860,815.58,202.79,701398.8,174399.4
E9111,Bobby,Alimento infantil,Online,High,5064,545.7,90.08,2763424.8,456165.12
E9112,Alyssa,Cuidado personal,Offline,High,4646,721.98,260.01,3354319.08,1208006.46
E9113,David,Domestico,Online,Critical,7396,423.18,124.27,3129839.28,919100.92
E9114,Timothy,Frutas,Online,Medium,7922,591.19,272.87,4683407.18,2161676.14
E9115,Nicholas,Bebida,Online,Critical,7985,551.03,229.98,4399974.55,1836390.3
E9116,Holly,Ropa,Offline,Critical,1918,543.95,154.56,1043296.1,296446.08
E9117,Melanie,Snacks,Online,High,4551,731.9,12.53,3330876.9,57024.03
E9118,Lindsey,Alimento infantil,Offline,Low,657,788.8,334.63,518241.6,219851.91
E9119,Rita,Cuidado personal,Online,Critical,5923,805.82,91.61,4772871.86,542606.03
E9120,Troy,Cosmeticos,Offline,Low,7477,470.09,144.38,3514862.93,1079529.26
E9121,Lindsay,Frutas,Offline,Low,7768,660.47,424,5130530.96,3293632
E9122,Kevin,Verduras,Online,Medium,1007,933.64,179.93,940175.48,181189.51
E9123,Christopher,Cereales,Offline,Medium,2308,442.15,412.65,1020482.2,952396.2
E9124,Lisa,Material de oficina,Offline,Low,6083,856.24,371.5,5208507.92,2259834.5
E9125,Jill,Frutas,Online,High,399,930.59,447.88,371305.41,178704.12
E9126,Sabrina,Ropa,Online,Low,1501,698.28,114.44,1048118.28,171774.44
E9127,Angela,Carnes,Online,Medium,5997,922.54,130.53,5532472.38,782788.41
E9128,Whitney,Verduras,Online,Critical,6137,432.74,449.56,2655725.38,2758949.72
E9129,Desiree,Verduras,Online,Low,4721,641.12,492.84,3026727.52,2326697.64
E9130,Brenda,Bebida,Online,Low,4295,914.34,256.36,3927090.3,1101066.2
E9131,Joseph,Cereales,Online,Critical,4723,942.01,372.91,4449113.23,1761253.93
E9132,Gregory,Verduras,Online,Critical,686,809.76,75.4,555495.36,51724.4
E9133,Donald,Material de oficina,Offline,High,8918,969.61,397.65,8646981.98,3546242.7
E9134,Joshua,Snacks,Offline,Low,5354,619.2,443.56,3315196.8,2374820.24
E9135,Michael,Domestico,Online,High,7608,929.89,61.08,7074603.12,464696.64
E9136,Elizabeth,Snacks,Offline,Critical,5404,607.49,176.26,3282875.96,952509.04
E9137,Kelly,Cosmeticos,Online,High,2265,740.46,208.92,1677141.9,473203.8
E9138,Gina,Carnes,Offline,Critical,6165,919.11,371.84,5666313.15,2292393.6
E9139,Julie,Domestico,Offline,Low,6480,935.33,380.03,6060938.4,2462594.4
E9140,Angela,Bebida,Online,Medium,3646,493.91,191.59,1800795.86,698537.14
E9141,William,Bebida,Offline,Critical,8138,486.05,147.64,3955474.9,1201494.32
E9142,Kenneth,Material de oficina,Offline,Low,4332,554.76,88.65,2403220.32,384031.8
E9143,Benjamin,Carnes,Online,Medium,4476,590.97,329.2,2645181.72,1473499.2
E9144,Julian,Ropa,Offline,Low,9104,965.37,141.52,8788728.48,1288398.08
E9145,Christina,Snacks,Online,Critical,4508,602.89,230.69,2717828.12,1039950.52
E9146,Thomas,Material de oficina,Online,High,5948,527.06,457.27,3134952.88,2719841.96
E9147,Cory,Frutas,Online,Critical,5615,476.17,192.92,2673694.55,1083245.8
E9148,Cameron,Bebida,Online,Critical,5618,581.92,271.94,3269226.56,1527758.92
E9149,Bryan,Material de oficina,Offline,Low,7856,982.57,103.61,7719069.92,813960.16
E9150,Daniel,Frutas,Online,Critical,6495,990.38,169.27,6432518.1,1099408.65
E9151,Dorothy,Cereales,Offline,Critical,6817,585.18,261.74,3989172.06,1784281.58
E9152,Nicholas,Material de oficina,Offline,Critical,3549,859.31,467.18,3049691.19,1658021.82
E9153,Raymond,Cosmeticos,Offline,Critical,4065,513.53,309.33,2087499.45,1257426.45
E9154,Kristen,Domestico,Online,High,5642,880.22,294.86,4966201.24,1663600.12
E9155,Melanie,Frutas,Online,High,4548,742.51,78.47,3376935.48,356881.56
E9156,Richard,Alimento infantil,Online,High,3110,623.8,432.66,1940018,1345572.6
E9157,Randy,Cereales,Offline,High,152,451.15,142.7,68574.8,21690.4
E9158,Tammy,Bebida,Offline,Critical,5571,667.89,66.21,3720815.19,368855.91
E9159,John,Bebida,Offline,High,532,737.84,445.28,392530.88,236888.96
E9160,Andrea,Cosmeticos,Online,Medium,9361,519.25,387.52,4860699.25,3627574.72
E9161,Zachary,Frutas,Online,Medium,5694,961.72,203.56,5476033.68,1159070.64
E9162,Evan,Material de oficina,Offline,Low,3635,542.84,259,1973223.4,941465
E9163,Crystal,Domestico,Online,High,261,447.4,108.42,116771.4,28297.62
E9164,William,Frutas,Online,Critical,7461,659.94,296.38,4923812.34,2211291.18
E9165,Nicole,Snacks,Online,Low,2730,595.96,295.68,1626970.8,807206.4
E9166,Dawn,Snacks,Offline,High,7807,946.39,112.23,7388466.73,876179.61
E9167,Tiffany,Snacks,Online,High,7802,688.49,414.57,5371598.98,3234475.14
E9168,James,Material de oficina,Offline,Critical,2242,609.19,468.26,1365803.98,1049838.92
E9169,Rebecca,Carnes,Offline,Medium,8750,794.92,311.2,6955550,2723000
E9170,David,Material de oficina,Offline,Medium,2441,857.56,14.23,2093303.96,34735.43
E9171,Nicole,Cosmeticos,Online,Low,7879,758.04,350.24,5972597.16,2759540.96
E9172,David,Cuidado personal,Online,Critical,6474,824.32,436.22,5336647.68,2824088.28
E9173,Amanda,Snacks,Online,Critical,9468,407.8,98.97,3861050.4,937047.96
E9174,Sean,Cereales,Online,Low,5457,658.4,352.03,3592888.8,1921027.71
E9175,Kevin,Alimento infantil,Offline,Critical,8415,889.53,115.83,7485394.95,974709.45
E9176,Patricia,Alimento infantil,Online,Low,9214,646.31,55.72,5955100.34,513404.08
E9177,Kenneth,Snacks,Offline,Critical,8258,467.07,69.52,3857064.06,574096.16
E9178,Philip,Frutas,Online,Medium,1086,870.38,148.54,945232.68,161314.44
E9179,Daniel,Ropa,Offline,Medium,9198,883.89,461.26,8130020.22,4242669.48
E9180,Sydney,Domestico,Online,Critical,9620,710.82,372.77,6838088.4,3586047.4
E9181,James,Frutas,Online,Medium,4567,690.32,344.03,3152691.44,1571185.01
E9182,Andrea,Snacks,Online,High,2681,424.58,235.9,1138298.98,632447.9
E9183,George,Alimento infantil,Online,Critical,7085,883.35,178.08,6258534.75,1261696.8
E9184,Andrea,Domestico,Offline,Critical,6704,788.23,128.96,5284293.92,864547.84
E9185,Craig,Carnes,Offline,High,474,438.24,180.59,207725.76,85599.66
E9186,Maria,Cosmeticos,Online,Critical,3946,895.64,358.6,3534195.44,1415035.6
E9187,Todd,Ropa,Online,High,6813,987.92,355.17,6730698.96,2419773.21
E9188,Brandi,Cosmeticos,Offline,Low,7041,811.41,8.41,5713137.81,59214.81
E9189,Elizabeth,Cereales,Offline,Critical,8952,746.17,96.86,6679713.84,867090.72
E9190,Nicole,Domestico,Online,Critical,609,760.08,61.77,462888.72,37617.93
E9191,Tiffany,Alimento infantil,Offline,Low,3170,898.86,318.23,2849386.2,1008789.1
E9192,Carla,Carnes,Offline,Medium,7713,487.01,462.28,3756308.13,3565565.64
E9193,Autumn,Carnes,Online,Critical,7229,564.96,206.28,4084095.84,1491198.12
E9194,Melanie,Carnes,Offline,Critical,5117,479.27,448.43,2452424.59,2294616.31
E9195,Tami,Material de oficina,Online,Medium,4428,664.04,193.38,2940369.12,856286.64
E9196,Tracey,Domestico,Online,Medium,8963,998.51,291.67,8949645.13,2614238.21
E9197,Justin,Domestico,Online,Low,2925,711.15,237.93,2080113.75,695945.25
E9198,Craig,Domestico,Offline,Critical,9931,760.9,413.32,7556497.9,4104680.92
E9199,Antonio,Cosmeticos,Online,Critical,4777,747.65,438.65,3571524.05,2095431.05
E9200,William,Snacks,Offline,Low,3320,738.49,463.14,2451786.8,1537624.8
E9201,Stephanie,Snacks,Offline,Critical,6004,480.84,57.87,2886963.36,347451.48
E9202,Amanda,Domestico,Online,Medium,856,745.2,315.98,637891.2,270478.88
E9203,Katie,Material de oficina,Online,Critical,1027,962.57,303.45,988559.39,311643.15
E9204,Natasha,Verduras,Offline,High,7996,404.46,206.71,3234062.16,1652853.16
E9205,Frank,Cereales,Online,Medium,9982,784.41,161.75,7829980.62,1614588.5
E9206,Tina,Carnes,Offline,Low,6622,730.94,454.8,4840284.68,3011685.6
E9207,Gabriel,Domestico,Online,Medium,1781,433.79,260.32,772579.99,463629.92
E9208,Scott,Verduras,Online,Medium,7183,486.56,494.08,3494960.48,3548976.64
E9209,Pamela,Cosmeticos,Offline,Medium,5914,700.97,65.85,4145536.58,389436.9
E9210,Cindy,Frutas,Offline,Medium,3768,428.35,248.24,1614022.8,935368.32
E9211,Stacy,Verduras,Offline,Critical,7934,629.61,283.42,4995325.74,2248654.28
E9212,Juan,Alimento infantil,Online,Low,8222,431.26,363.76,3545819.72,2990834.72
E9213,Joshua,Bebida,Online,Critical,7751,960.47,302.54,7444602.97,2344987.54
E9214,Morgan,Cosmeticos,Offline,Medium,8709,845.68,475.89,7365027.12,4144526.01
E9215,Jeffrey,Material de oficina,Online,Critical,4295,742,61.7,3186890,265001.5
E9216,Evan,Domestico,Offline,Low,2386,489.71,374.77,1168448.06,894201.22
E9217,Angela,Snacks,Online,High,4657,644.63,132.38,3002041.91,616493.66
E9218,Eric,Alimento infantil,Offline,Low,8144,557.34,414.45,4538976.96,3375280.8
E9219,Jessica,Alimento infantil,Offline,Medium,1839,837,114.43,1539243,210436.77
E9220,Sydney,Cuidado personal,Online,Medium,6982,611.98,149.45,4272844.36,1043459.9
E9221,Jake,Frutas,Offline,Low,4817,998.29,339.94,4808762.93,1637490.98
E9222,David,Carnes,Online,Low,9344,739.79,235.89,6912597.76,2204156.16
E9223,David,Alimento infantil,Offline,High,1158,595.24,289.65,689287.92,335414.7
E9224,Jennifer,Ropa,Online,Medium,9707,767.34,60.56,7448569.38,587855.92
E9225,Thomas,Verduras,Online,Critical,1930,730.42,251.73,1409710.6,485838.9
E9226,Melissa,Cuidado personal,Online,Low,6483,728.21,142.39,4720985.43,923114.37
E9227,Ryan,Cosmeticos,Online,Medium,3262,562.82,155.94,1835918.84,508676.28
E9228,Sean,Alimento infantil,Offline,High,7117,975.84,367.21,6945053.28,2613433.57
E9229,Ashley,Cosmeticos,Online,Medium,9634,755.95,59.01,7282822.3,568502.34
E9230,Wendy,Carnes,Offline,Critical,5566,544.85,128.63,3032635.1,715954.58
E9231,Edward,Frutas,Online,Medium,455,965.31,389.91,439216.05,177409.05
E9232,Jessica,Cosmeticos,Online,High,7812,897.15,1.96,7008535.8,15311.52
E9233,Mary,Material de oficina,Online,Critical,2944,611.57,89.25,1800462.08,262752
E9234,Teresa,Alimento infantil,Offline,Medium,5721,584.4,100.34,3343352.4,574045.14
E9235,Nicholas,Cuidado personal,Online,Medium,2982,441.56,342.24,1316731.92,1020559.68
E9236,Holly,Alimento infantil,Online,Low,5740,861.69,393.13,4946100.6,2256566.2
E9237,Wayne,Domestico,Online,Low,691,941.78,56.02,650769.98,38709.82
E9238,Michael,Material de oficina,Online,Low,1723,784.24,324.95,1351245.52,559888.85
E9239,Brady,Material de oficina,Online,High,6460,964.32,177.09,6229507.2,1144001.4
E9240,Sean,Frutas,Online,Medium,1311,811.71,428.1,1064151.81,561239.1
E9241,Edward,Cosmeticos,Offline,High,5812,623.28,67.64,3622503.36,393123.68
E9242,Lisa,Snacks,Online,Medium,7097,705.7,331.63,5008352.9,2353578.11
E9243,Sara,Cuidado personal,Offline,Low,7905,583.33,129.96,4611223.65,1027333.8
E9244,Ricky,Domestico,Offline,Low,8786,682.68,131.92,5998026.48,1159049.12
E9245,Benjamin,Cosmeticos,Offline,Low,1115,601.42,366.93,670583.3,409126.95
E9246,Nancy,Bebida,Online,Critical,7970,627.96,476.43,5004841.2,3797147.1
E9247,Thomas,Material de oficina,Offline,Medium,8449,534.8,486.47,4518525.2,4110185.03
E9248,Alicia,Domestico,Offline,High,2425,913.88,319.92,2216159,775806
E9249,Timothy,Carnes,Online,Critical,3510,955.03,254.01,3352155.3,891575.1
E9250,Misty,Cuidado personal,Offline,Critical,976,428.33,15.54,418050.08,15167.04
E9251,Philip,Frutas,Online,Low,7935,622.54,181.18,4939854.9,1437663.3
E9252,Julie,Verduras,Offline,Medium,854,996.96,306.3,851403.84,261580.2
E9253,Bryan,Snacks,Online,Low,446,750.06,46.67,334526.76,20814.82
E9254,Ashley,Cosmeticos,Offline,High,8683,998.56,88.7,8670496.48,770182.1
E9255,Autumn,Frutas,Offline,Low,1137,563.06,271.81,640199.22,309047.97
E9256,Amber,Cuidado personal,Offline,Critical,3322,634.41,463.4,2107510.02,1539414.8
E9257,Vincent,Bebida,Offline,Low,3634,464.73,283.14,1688828.82,1028930.76
E9258,Matthew,Cuidado personal,Offline,Medium,5144,406.3,58.83,2090007.2,302621.52
E9259,Jessica,Verduras,Offline,Low,9594,458.34,55.49,4397313.96,532371.06
E9260,Craig,Carnes,Online,Medium,401,903.19,413.73,362179.19,165905.73
E9261,Stacy,Ropa,Offline,Critical,2417,943.8,495.68,2281164.6,1198058.56
E9262,Nicholas,Alimento infantil,Offline,High,3516,803,451.42,2823348,1587192.72
E9263,John,Bebida,Offline,Low,7969,834.73,376.14,6651963.37,2997459.66
E9264,Sean,Cereales,Online,High,5009,949.27,319.57,4754893.43,1600726.13
E9265,Johnny,Ropa,Online,Low,3896,431.53,154.85,1681240.88,603295.6
E9266,Vincent,Carnes,Online,Low,3013,636.44,222.34,1917593.72,669910.42
E9267,Bruce,Carnes,Online,Critical,7181,624.61,187.74,4485324.41,1348160.94
E9268,Thomas,Material de oficina,Offline,Critical,9507,625.31,212.43,5944822.17,2019572.01
E9269,Alan,Cereales,Online,Low,2976,900.96,363.29,2681256.96,1081151.04
E9270,Christina,Frutas,Offline,Low,4666,907.02,115.35,4232155.32,538223.1
E9271,David,Cuidado personal,Online,High,4710,897.15,171.61,4225576.5,808283.1
E9272,Matthew,Verduras,Offline,Low,1700,417.43,426.3,709631,724710
E9273,Nicole,Frutas,Offline,Low,9147,609,109.63,5570523,1002785.61
E9274,Rachel,Carnes,Online,Critical,161,412.47,388.58,66407.67,62561.38
E9275,Stephanie,Cereales,Offline,High,1579,706.28,12.78,1115216.12,20179.62
E9276,Nicole,Cosmeticos,Online,Medium,6315,616.1,229.9,3890671.5,1451818.5
E9277,Chris,Verduras,Offline,High,9557,623.19,354.85,5955826.83,3391301.45
E9278,Walter,Cuidado personal,Online,Medium,5874,674.2,97.23,3960250.8,571129.02
E9279,Judith,Material de oficina,Online,Low,2030,597.57,227.12,1213067.1,461053.6
E9280,Timothy,Domestico,Online,Low,2033,722.16,62.44,1468151.28,126940.52
E9281,David,Verduras,Offline,Low,2959,744.12,344.33,2201851.08,1018872.47
E9282,Melanie,Frutas,Offline,Critical,9477,894.82,182.02,8480209.14,1725003.54
E9283,Daniel,Snacks,Online,Critical,5023,685.3,189.02,3442261.9,949447.46
E9284,Benjamin,Cuidado personal,Offline,Low,6989,819.03,255.27,5724200.67,1784082.03
E9285,Kyle,Alimento infantil,Offline,Medium,4406,548.94,56.37,2418629.64,248366.22
E9286,Donald,Cosmeticos,Online,Low,745,457.64,478.27,340941.8,356311.15
E9287,Patricia,Alimento infantil,Offline,High,4151,760.5,4.69,3156835.5,19468.19
E9288,Adam,Domestico,Offline,Low,1216,692.02,464.67,841496.32,565038.72
E9289,Bobby,Bebida,Offline,Low,1852,535.23,489.25,991245.96,906091
E9290,Paul,Cereales,Offline,Medium,8986,491.03,492,4412395.58,4421112
E9291,Joseph,Snacks,Offline,Critical,2650,739.6,257.68,1959940,682852
E9292,Sydney,Bebida,Offline,High,9165,755.55,390.49,6924615.75,3578840.85
E9293,Lori,Domestico,Online,Critical,7671,822.26,486.69,6307556.46,3733398.99
E9294,Melinda,Verduras,Offline,Medium,9923,595.04,463.69,5904581.92,4601195.87
E9295,Joshua,Verduras,Offline,Low,1647,491.29,315.19,809154.63,519117.93
E9296,Kenneth,Cosmeticos,Online,High,4411,815.65,222.82,3597832.15,982859.02
E9297,Andre,Snacks,Offline,High,7221,859.42,493.15,6205871.82,3561036.15
E9298,Keith,Alimento infantil,Online,Critical,5952,739.35,330.68,4400611.2,1968207.36
E9299,Andrew,Domestico,Online,High,9768,955.84,42.4,9336645.12,414163.2
E9300,Michael,Frutas,Online,Medium,5816,632.18,397,3676758.88,2308952
E9301,Melanie,Material de oficina,Offline,High,1671,907.24,497.85,1515998.04,831907.35
E9302,Thomas,Cuidado personal,Offline,Medium,1445,754.9,341.37,1090830.5,493279.65
E9303,Kayla,Material de oficina,Online,High,2477,416.12,216.84,1030729.24,537112.68
E9304,Julie,Cuidado personal,Offline,High,550,672.89,91.83,370089.5,50506.5
E9305,Duane,Bebida,Offline,Medium,3189,943,132.72,3007227,423244.08
E9306,Crystal,Ropa,Online,High,3876,562.92,75.77,2181877.92,293684.52
E9307,John,Frutas,Online,Medium,9322,442.68,16.62,4126662.96,154931.64
E9308,Andrew,Bebida,Offline,Low,1075,857.76,181.73,922092,195359.75
E9309,Desiree,Cuidado personal,Offline,Critical,6120,920.92,283.63,5636030.4,1735815.6
E9310,Eric,Domestico,Offline,Critical,9975,512.19,87.7,5109095.25,874807.5
E9311,Adam,Cuidado personal,Online,Medium,6404,804.67,410.46,5153106.68,2628585.84
E9312,Matthew,Material de oficina,Offline,Medium,7181,536.5,182.27,3852606.5,1308880.87
E9313,Amber,Material de oficina,Online,Low,7189,448.32,32.64,3222972.48,234648.96
E9314,Joseph,Domestico,Offline,Critical,9597,444.49,461.39,4265770.53,4427959.83
E9315,Jared,Domestico,Online,Low,4258,778.78,493.88,3316045.24,2102941.04
E9316,Colin,Carnes,Offline,High,2626,429.46,312.66,1127761.96,821045.16
E9317,Eric,Carnes,Offline,Critical,3652,661.68,401.8,2416455.36,1467373.6
E9318,Eric,Cosmeticos,Online,Medium,9503,649.5,483.71,6172198.5,4596696.13
E9319,Sonya,Domestico,Offline,Critical,4852,803.57,387.97,3898921.64,1882430.44
E9320,Stephanie,Carnes,Offline,Medium,3194,540.5,179.68,1726357,573897.92
E9321,Valerie,Cosmeticos,Offline,High,9236,669.56,424.67,6184056.16,3922252.12
E9322,Nancy,Cereales,Online,Critical,3504,994.23,300.54,3483781.92,1053092.16
E9323,James,Snacks,Online,Medium,7991,958.15,306.08,7656576.65,2445885.28
E9324,Dawn,Cereales,Offline,High,5953,465.33,241.82,2770109.49,1439554.46
E9325,Travis,Material de oficina,Online,Medium,4802,531.31,17.61,2551350.62,84563.22
E9326,Allison,Domestico,Online,High,2705,912.9,183.12,2469394.5,495339.6
E9327,Mandy,Carnes,Online,Critical,8781,549.35,293.06,4823842.35,2573359.86
E9328,Kyle,Cereales,Offline,High,8306,766.63,276.13,6367628.78,2293535.78
E9329,Maria,Frutas,Offline,Critical,5013,988.71,178.21,4956403.23,893366.73
E9330,Alyssa,Cuidado personal,Online,Medium,6406,545.78,404.58,3496266.68,2591739.48
E9331,Benjamin,Carnes,Offline,Medium,4070,997.02,456.72,4057871.4,1858850.4
E9332,Chad,Snacks,Online,Low,7866,621.63,421.18,4889741.58,3313001.88
E9333,Christina,Cosmeticos,Online,Critical,7953,497.33,68.89,3955265.49,547882.17
E9334,Justin,Cuidado personal,Online,Medium,4053,693.97,420.91,2812660.41,1705948.23
E9335,Craig,Cereales,Offline,High,5121,951.9,161.38,4874679.9,826426.98
E9336,Darin,Ropa,Offline,Medium,9109,876.39,364.62,7983036.51,3321323.58
E9337,Darin,Material de oficina,Offline,High,5416,524.16,251.49,2838850.56,1362069.84
E9338,Dean,Cuidado personal,Offline,High,979,631.14,452.52,617886.06,443017.08
E9339,Joshua,Cereales,Online,High,4091,879.32,466.75,3597298.12,1909474.25
E9340,David,Domestico,Online,High,259,841.95,420.22,218065.05,108836.98
E9341,Johnathan,Material de oficina,Online,Critical,3037,508.22,434.3,1543464.14,1318969.1
E9342,Joseph,Cosmeticos,Offline,Critical,7449,665.34,289.33,4956117.66,2155219.17
E9343,Ashley,Cosmeticos,Offline,Critical,7880,779.21,93.72,6140174.8,738513.6
E9344,Lindsay,Snacks,Online,High,2338,881.07,252.48,2059941.66,590298.24
E9345,Carla,Alimento infantil,Online,Medium,1399,649.69,344.75,908916.31,482305.25
E9346,Melinda,Carnes,Offline,Medium,7537,641.64,341.68,4836040.68,2575242.16
E9347,Nathan,Cosmeticos,Offline,High,9528,938.43,201.66,8941361.04,1921416.48
E9348,Julian,Alimento infantil,Offline,Critical,3448,730.93,119.92,2520246.64,413484.16
E9349,Richard,Domestico,Offline,Medium,1322,647.94,326.32,856576.68,431395.04
E9350,Bruce,Ropa,Online,Critical,6670,718.35,338.4,4791394.5,2257128
E9351,William,Alimento infantil,Offline,Medium,2694,848,343.72,2284512,925981.68
E9352,Matthew,Material de oficina,Online,Critical,5961,974.1,228.52,5806610.1,1362207.72
E9353,Rebecca,Bebida,Offline,Low,863,951.18,422.07,820868.34,364246.41
E9354,Kimberly,Verduras,Offline,High,5506,424.4,214.8,2336746.4,1182688.8
E9355,David,Bebida,Offline,Medium,5875,429.72,108.54,2524605,637672.5
E9356,Paula,Verduras,Offline,High,3341,615.82,103.84,2057454.62,346929.44
E9357,Dawn,Ropa,Online,Low,2687,733.14,2.76,1969947.18,7416.12
E9358,Rachel,Cereales,Offline,Low,7055,793.9,38.06,5600964.5,268513.3
E9359,Maria,Cereales,Online,High,7366,951.53,43.67,7008969.98,321673.22
E9360,Marc,Alimento infantil,Offline,Medium,2486,819.03,487.56,2036108.58,1212074.16
E9361,Joshua,Material de oficina,Online,Critical,4653,528.92,367.64,2461064.76,1710628.92
E9362,Robert,Ropa,Online,High,5100,469.39,483.2,2393889,2464320
E9363,George,Frutas,Offline,Critical,8472,681,178.68,5769432,1513776.96
E9364,Tyler,Verduras,Offline,Critical,4131,623.11,414.9,2574067.41,1713951.9
E9365,Daniel,Domestico,Online,Low,7732,934.61,397.66,7226404.52,3074707.12
E9366,Paula,Bebida,Online,High,2452,946.81,95.27,2321578.12,233602.04
E9367,Edward,Material de oficina,Online,High,6564,911.09,298.11,5980394.76,1956794.04
E9368,Matthew,Verduras,Online,Critical,9248,561.47,187.72,5192474.56,1736034.56
E9369,Laurie,Alimento infantil,Online,High,7659,810.07,415.37,6204326.13,3181318.83
E9370,Patricia,Cuidado personal,Offline,Low,8085,991.5,197.1,8016277.5,1593553.5
E9371,Jeff,Cuidado personal,Online,Critical,9753,847.05,207.58,8261278.65,2024527.74
E9372,Mark,Frutas,Offline,Critical,4041,982.26,36.21,3969312.66,146324.61
E9373,William,Bebida,Online,Critical,8459,671.98,174.62,5684278.82,1477110.58
E9374,Charles,Domestico,Online,Critical,8726,463.81,212.15,4047206.06,1851220.9
E9375,Lisa,Domestico,Offline,Low,9428,780.79,423.84,7361288.12,3995963.52
E9376,Michael,Cereales,Online,High,4497,975.87,236.9,4388487.39,1065339.3
E9377,Brenda,Cereales,Online,Medium,9840,672,398.15,6612480,3917796
E9378,Kimberly,Material de oficina,Online,High,1398,979.01,369.78,1368655.98,516952.44
E9379,David,Domestico,Offline,Low,2909,826.74,103.36,2404986.66,300674.24
E9380,James,Cuidado personal,Online,Medium,8727,563.97,142.05,4921766.19,1239670.35
E9381,Tyrone,Snacks,Offline,Low,7246,954.91,246.2,6919277.86,1783965.2
E9382,Jose,Bebida,Online,Low,7348,950.93,119.15,6987433.64,875514.2
E9383,Emily,Cosmeticos,Online,High,2815,878.66,9.14,2473427.9,25729.1
E9384,Joshua,Cereales,Offline,Medium,8397,927.07,207.5,7784606.79,1742377.5
E9385,Lisa,Cereales,Online,Medium,8088,986.94,122.43,7982370.72,990213.84
E9386,Vincent,Cuidado personal,Online,Low,7966,921.92,429.45,7344014.72,3420998.7
E9387,Nicholas,Carnes,Online,Low,4312,468.56,214.3,2020430.72,924061.6
E9388,Steven,Snacks,Online,Medium,8256,801.15,353.15,6614294.4,2915606.4
E9389,David,Alimento infantil,Offline,Medium,8920,904.91,64.61,8071797.2,576321.2
E9390,Jessica,Domestico,Offline,High,6384,988.57,313.6,6311030.88,2002022.4
E9391,Robert,Frutas,Offline,Low,1467,903.19,228.04,1324979.73,334534.68
E9392,Wendy,Frutas,Offline,High,952,972.15,59.17,925486.8,56329.84
E9393,Gina,Domestico,Offline,Medium,4926,562.39,228.73,2770333.14,1126723.98
E9394,Kevin,Carnes,Offline,High,395,643.4,467.54,254143,184678.3
E9395,Brandi,Material de oficina,Offline,High,7359,932.27,129.66,6860574.93,954167.94
E9396,Tyler,Cuidado personal,Offline,Low,6316,794.03,481.51,5015093.48,3041217.16
E9397,Amber,Bebida,Offline,High,2809,604.33,167.5,1697562.97,470507.5
E9398,Kaitlyn,Carnes,Offline,Medium,9878,466.2,483.67,4605123.6,4777692.26
E9399,Marc,Snacks,Online,Medium,6279,455.83,34.31,2862156.57,215432.49
E9400,Ricky,Verduras,Online,Medium,6340,402.23,313.78,2550138.2,1989365.2
E9401,Bryan,Cuidado personal,Offline,High,5236,900.5,203.87,4715018,1067463.32
E9402,Amber,Verduras,Offline,High,3092,950.31,273.55,2938358.52,845816.6
E9403,Angela,Cereales,Online,Medium,4715,648.6,92.06,3058149,434062.9
E9404,Mary,Carnes,Online,High,1743,484.76,253.91,844936.68,442565.13
E9405,Thomas,Bebida,Offline,Medium,5289,636.93,319.72,3368722.77,1690999.08
E9406,Dawn,Ropa,Offline,Critical,8063,656.49,195.74,5293278.87,1578251.62
E9407,Kenneth,Material de oficina,Offline,Critical,3711,731.42,62.45,2714299.62,231751.95
E9408,Natasha,Frutas,Offline,Low,1317,574.01,79.29,755971.17,104424.93
E9409,William,Bebida,Online,High,8517,869.48,137.05,7405361.16,1167254.85
E9410,Timothy,Ropa,Offline,Critical,922,799.56,209.24,737194.32,192919.28
E9411,Kevin,Snacks,Offline,Medium,2405,540.73,6.21,1300455.65,14935.05
E9412,William,Frutas,Offline,Critical,399,923.39,438.92,368432.61,175129.08
E9413,Thomas,Alimento infantil,Offline,High,4780,810.3,45.85,3873234,219163
E9414,Marc,Alimento infantil,Offline,Medium,430,531.68,381.51,228622.4,164049.3
E9415,Melanie,Cosmeticos,Offline,Medium,4423,957.77,432.95,4236216.71,1914937.85
E9416,Crystal,Verduras,Offline,Medium,1369,697.27,471.21,954562.63,645086.49
E9417,George,Domestico,Online,High,230,659.7,278.95,151731,64158.5
E9418,William,Alimento infantil,Offline,High,7639,762.09,402.31,5821605.51,3073246.09
E9419,John,Bebida,Offline,Low,1775,932.78,226.03,1655684.5,401203.25
E9420,Jessica,Verduras,Offline,High,9386,770.35,420.36,7230505.1,3945498.96
E9421,Judith,Cosmeticos,Online,Critical,1231,427.28,187.14,525981.68,230369.34
E9422,Nicholas,Alimento infantil,Online,Medium,2306,796.96,238.92,1837789.76,550949.52
E9423,Antonio,Material de oficina,Online,Low,9850,565.04,294.85,5565644,2904272.5
E9424,Christine,Material de oficina,Offline,Low,4684,952.73,135.35,4462587.32,633979.4
E9425,Amber,Ropa,Offline,Low,4185,877.72,374.88,3673258.2,1568872.8
E9426,Melanie,Ropa,Offline,Low,4171,539.56,283.31,2250504.76,1181686.01
E9427,Jennifer,Frutas,Online,Low,7577,880.46,129.74,6671245.42,983039.98
E9428,Nicole,Carnes,Online,Low,1021,461.27,8.53,470956.67,8709.13
E9429,Jacob,Verduras,Online,Critical,3049,656.3,482.04,2001058.7,1469739.96
E9430,Elizabeth,Cereales,Offline,High,7019,510.54,11.13,3583480.26,78121.47
E9431,Holly,Carnes,Offline,Low,6070,657,238.89,3987990,1450062.3
E9432,Randy,Domestico,Online,Medium,7272,561.36,214.19,4082209.92,1557589.68
E9433,John,Frutas,Online,Medium,8768,906.92,474.35,7951874.56,4159100.8
E9434,Jonathan,Alimento infantil,Offline,Low,1733,767.73,498.5,1330476.09,863900.5
E9435,Michael,Cereales,Offline,Critical,4869,464.52,26.13,2261747.88,127226.97
E9436,Angela,Alimento infantil,Offline,High,6582,788.23,482.67,5188129.86,3176933.94
E9437,Joseph,Verduras,Offline,Critical,3737,457.92,236.9,1711247.04,885295.3
E9438,James,Carnes,Offline,Low,5958,630.57,497.28,3756936.06,2962794.24
E9439,Lori,Cereales,Online,Medium,5307,495.94,320.43,2631953.58,1700522.01
E9440,Nicholas,Material de oficina,Offline,High,590,709.52,340.6,418616.8,200954
E9441,Joseph,Verduras,Online,Critical,1393,641.93,115.14,894208.49,160390.02
E9442,Julian,Ropa,Offline,High,9642,826.69,144.65,7970944.98,1394715.3
E9443,Johnathan,Cosmeticos,Online,Low,3532,721.96,209.59,2549962.72,740271.88
E9444,Michael,Bebida,Offline,Medium,6162,435.82,49.39,2685522.84,304341.18
E9445,Jessica,Verduras,Offline,High,3524,624.06,423.03,2199187.44,1490757.72
E9446,Angela,Verduras,Offline,Critical,1133,523.78,164.98,593442.74,186922.34
E9447,Jessica,Verduras,Online,Medium,1401,451.93,167.86,633153.93,235171.86
E9448,William,Alimento infantil,Offline,High,597,616.1,417.41,367811.7,249193.77
E9449,Eric,Domestico,Offline,Low,1964,777.34,130.85,1526695.76,256989.4
E9450,Madison,Verduras,Offline,High,5396,446.26,16.02,2408018.96,86443.92
E9451,Melissa,Ropa,Online,Critical,8474,986.09,69.6,8356126.66,589790.4
E9452,Katherine,Cuidado personal,Online,Critical,5050,606.96,220.2,3065148,1112010
E9453,Tiffany,Frutas,Offline,Low,6151,468.1,404.06,2879283.1,2485373.06
E9454,Tammy,Cereales,Offline,Medium,6582,465.46,363.89,3063657.72,2395123.98
E9455,Cindy,Snacks,Offline,Critical,7356,666.12,27.86,4899978.72,204938.16
E9456,Tiffany,Frutas,Online,Medium,3790,402.89,181.59,1526953.1,688226.1
E9457,Ashley,Frutas,Online,Medium,1601,690.6,32.86,1105650.6,52608.86
E9458,Vicki,Carnes,Online,High,3686,573.43,115.32,2113662.98,425069.52
E9459,Desiree,Verduras,Online,Critical,7917,512.41,16.01,4056749.97,126751.17
E9460,Kiara,Cereales,Offline,Critical,1042,583.72,257.46,608236.24,268273.32
E9461,Jeffrey,Cereales,Offline,Critical,858,985.84,326.38,845850.72,280034.04
E9462,Alex,Cereales,Offline,Low,1174,746.01,114.96,875815.74,134963.04
E9463,Frank,Cuidado personal,Offline,Critical,7655,514.67,176.02,3939798.85,1347433.1
E9464,Tammy,Snacks,Offline,Medium,4609,502.32,56.51,2315192.88,260454.59
E9465,Karen,Bebida,Online,Medium,9393,505.25,384.44,4745813.25,3611044.92
E9466,Nicholas,Carnes,Online,Medium,3222,861.12,319.18,2774528.64,1028397.96
E9467,Steven,Snacks,Offline,High,1611,932.44,162.32,1502160.84,261497.52
E9468,Megan,Cereales,Offline,Low,7489,847.57,344,6347451.73,2576216
E9469,Amy,Material de oficina,Online,Medium,5989,689.07,404.87,4126840.23,2424766.43
E9470,Kimberly,Cuidado personal,Online,Medium,6896,627.78,176.83,4329170.88,1219419.68
E9471,Angela,Cosmeticos,Online,Low,554,765.48,64.58,424075.92,35777.32
E9472,Frank,Ropa,Online,Medium,8286,982.25,442.59,8138923.5,3667300.74
E9473,Melanie,Cuidado personal,Online,Medium,3921,643.98,490.01,2525045.58,1921329.21
E9474,David,Bebida,Offline,High,211,496.13,103.35,104683.43,21806.85
E9475,Amanda,Alimento infantil,Offline,High,3129,501.93,164.38,1570538.97,514345.02
E9476,Monica,Material de oficina,Offline,Critical,1798,712.82,385.3,1281650.36,692769.4
E9477,Paula,Carnes,Online,Low,7395,604.33,415.94,4469020.35,3075876.3
E9478,Kevin,Frutas,Offline,Critical,3591,967.25,275.7,3473394.75,990038.7
E9479,Nathan,Material de oficina,Online,Critical,7524,992.51,211.89,7467645.24,1594260.36
E9480,Jessica,Cosmeticos,Offline,Medium,3591,958.87,343.97,3443302.17,1235196.27
E9481,Adam,Cosmeticos,Offline,High,3967,563.74,466.76,2236356.58,1851636.92
E9482,Julie,Cosmeticos,Online,High,9857,518.02,392.58,5106123.14,3869661.06
E9483,Jennifer,Domestico,Online,High,7981,529.06,452.18,4222427.86,3608848.58
E9484,Joshua,Cuidado personal,Offline,Medium,825,822.39,429.69,678471.75,354494.25
E9485,Joshua,Bebida,Offline,Low,1466,588.14,244.63,862213.24,358627.58
E9486,Paul,Alimento infantil,Offline,High,193,808.21,476.23,155984.53,91912.39
E9487,Lori,Material de oficina,Online,Low,1700,696.85,192.33,1184645,326961
E9488,William,Bebida,Online,Low,4841,409.05,404.09,1980211.05,1956199.69
E9489,Scott,Material de oficina,Offline,Critical,9368,668.01,7.04,6257917.68,65950.72
E9490,Kenneth,Carnes,Offline,Critical,2914,667.74,437.26,1945794.36,1274175.64
E9491,Frank,Verduras,Offline,Critical,6878,416.54,437.67,2864962.12,3010294.26
E9492,Michael,Frutas,Online,Critical,2663,670.52,192.64,1785594.76,513000.32
E9493,Timothy,Cereales,Online,High,1357,765.44,5.97,1038702.08,8101.29
E9494,Hannah,Ropa,Offline,Medium,9137,490.74,27.45,4483891.38,250810.65
E9495,Michael,Alimento infantil,Online,High,2689,776.45,172.4,2087874.05,463583.6
E9496,Zachary,Domestico,Offline,Medium,2709,462.51,438.2,1252939.59,1187083.8
E9497,Sara,Cereales,Online,Medium,4377,691.77,356.06,3027877.29,1558474.62
E9498,Kaitlyn,Cosmeticos,Online,Low,354,643.99,145.59,227972.46,51538.86
E9499,Colin,Material de oficina,Online,Medium,101,663.13,178.05,66976.13,17983.05
E9500,John,Cuidado personal,Online,Medium,6914,753.27,44.97,5208108.78,310922.58
E9501,Michael,Cuidado personal,Offline,Low,1367,885.2,115.33,1210068.4,157656.11
E9502,Angela,Domestico,Online,Critical,3519,433.29,276.28,1524747.51,972229.32
E9503,Jessica,Alimento infantil,Online,Critical,8688,474.7,138.47,4124193.6,1203027.36
E9504,Julie,Ropa,Online,Low,6346,938.03,414.03,5952738.38,2627434.38
E9505,Phillip,Carnes,Offline,Low,5582,843.72,372.92,4709645.04,2081639.44
E9506,Theresa,Material de oficina,Offline,Critical,4522,557.26,330.05,2519929.72,1492486.1
E9507,Patricia,Cosmeticos,Offline,High,9824,596.95,362.85,5864436.8,3564638.4
E9508,Megan,Ropa,Online,Critical,7085,451.71,21.31,3200365.35,150981.35
E9509,Dawn,Bebida,Offline,Medium,6700,422.51,310.53,2830817,2080551
E9510,Kimberly,Cereales,Online,High,968,589.44,137.43,570577.92,133032.24
E9511,Carla,Snacks,Offline,Low,2902,599.91,456.21,1740938.82,1323921.42
E9512,Paul,Bebida,Offline,Medium,5229,446.68,496.33,2335689.72,2595309.57
E9513,David,Cuidado personal,Offline,High,1492,937.84,444.1,1399257.28,662597.2
E9514,Jake,Ropa,Offline,Low,4537,796.85,408.85,3615308.45,1854952.45
E9515,Brian,Bebida,Online,Low,4188,573.35,161.32,2401189.8,675608.16
E9516,Brandi,Domestico,Online,High,5693,621.11,51.53,3535979.23,293360.29
E9517,Kelly,Cosmeticos,Offline,High,8988,477.49,95.88,4291680.12,861769.44
E9518,Joshua,Frutas,Online,Low,778,973.96,74.07,757740.88,57626.46
E9519,Katie,Verduras,Offline,Medium,4634,541.9,146.1,2511164.6,677027.4
E9520,Joshua,Material de oficina,Offline,Critical,7816,727.74,55.46,5688015.84,433475.36
E9521,David,Frutas,Offline,High,1467,403.63,451.22,592125.21,661939.74
E9522,Rachel,Cosmeticos,Offline,High,1150,976.72,179.79,1123228,206758.5
E9523,Larry,Bebida,Offline,Critical,9227,906.09,78.39,8360492.43,723304.53
E9524,Laura,Cereales,Online,High,606,452.19,325.88,274027.14,197483.28
E9525,James,Domestico,Offline,High,633,670.4,41.04,424363.2,25978.32
E9526,Amanda,Snacks,Online,High,5061,933.56,124.83,4724747.16,631764.63
E9527,Nicholas,Frutas,Online,High,5653,789.4,130.99,4462478.2,740486.47
E9528,Timothy,Cuidado personal,Offline,Medium,961,628,147.47,603508,141718.67
E9529,David,Bebida,Online,Medium,1458,763.5,276.55,1113183,403209.9
E9530,Nicholas,Material de oficina,Offline,Critical,5274,470.26,466.83,2480151.24,2462061.42
E9531,Gail,Frutas,Online,Low,4071,583.26,70.03,2374451.46,285092.13
E9532,Eric,Snacks,Offline,Critical,1247,527.19,366.27,657405.93,456738.69
E9533,Allison,Verduras,Offline,Medium,1943,547.02,283.6,1062859.86,551034.8
E9534,George,Alimento infantil,Offline,Low,9474,812.77,436.67,7700182.98,4137011.58
E9535,Andre,Bebida,Offline,High,5473,609.38,192.95,3335136.74,1056015.35
E9536,Jennifer,Carnes,Online,Critical,6759,507.35,270.22,3429178.65,1826416.98
E9537,Lisa,Bebida,Offline,Medium,1052,457.73,110.35,481531.96,116088.2
E9538,Melanie,Alimento infantil,Offline,High,2575,615.29,473.14,1584371.75,1218335.5
E9539,Julie,Material de oficina,Online,Low,7995,767.2,88.07,6133764,704119.65
E9540,Jose,Snacks,Online,Low,6755,565.38,120.69,3819141.9,815260.95
E9541,Julian,Verduras,Online,Medium,9937,963.53,103.12,9574597.61,1024703.44
E9542,Joshua,Alimento infantil,Offline,Low,3221,465.4,481.6,1499053.4,1551233.6
E9543,James,Snacks,Online,Low,4589,810.24,325.36,3718191.36,1493077.04
E9544,Leah,Ropa,Online,Low,8200,578.98,308.58,4747636,2530356
E9545,Scott,Alimento infantil,Offline,Medium,8041,445.88,394.14,3585321.08,3169279.74
E9546,Jeffrey,Ropa,Online,Critical,7260,927.77,273.54,6735610.2,1985900.4
E9547,Holly,Cuidado personal,Online,Low,6934,536.51,204.53,3720160.34,1418211.02
E9548,William,Cosmeticos,Offline,Critical,914,684.63,358.22,625751.82,327413.08
E9549,Amanda,Snacks,Offline,High,5463,936.45,205.22,5115826.35,1121116.86
E9550,Jessica,Domestico,Offline,Low,4305,710.11,453.64,3057023.55,1952920.2
E9551,Michael,Domestico,Offline,Low,8331,404.32,305.79,3368389.92,2547536.49
E9552,Bobby,Alimento infantil,Online,Low,5544,770.84,163.2,4273536.96,904780.8
E9553,Nicole,Alimento infantil,Online,Medium,6260,520.76,203.43,3259957.6,1273471.8
E9554,Stephanie,Ropa,Offline,Low,2552,442.95,315.04,1130408.4,803982.08
E9555,William,Snacks,Offline,Critical,5290,694.35,137.64,3673111.5,728115.6
E9556,Edward,Verduras,Offline,Critical,7836,441.21,26.77,3457321.56,209769.72
E9557,Robert,Snacks,Online,Low,5833,770.57,303.95,4494734.81,1772940.35
E9558,Christopher,Domestico,Online,Low,234,691.69,108.4,161855.46,25365.6
E9559,Michelle,Cuidado personal,Online,High,4578,743.73,41.23,3404795.94,188750.94
E9560,Karen,Verduras,Offline,High,2871,688.67,188.03,1977171.57,539834.13
E9561,Johnathan,Ropa,Online,High,3040,461.18,284.24,1401987.2,864089.6
E9562,Darin,Cuidado personal,Online,Critical,5172,973.28,295.28,5033804.16,1527188.16
E9563,William,Cuidado personal,Online,High,6665,941.27,165.87,6273564.55,1105523.55
E9564,Kristin,Cereales,Offline,High,4375,460.9,52.77,2016437.5,230868.75
E9565,Nancy,Cuidado personal,Offline,Critical,1032,749.14,482.89,773112.48,498342.48
E9566,Michael,Domestico,Offline,High,6437,459.08,122.82,2955097.96,790592.34
E9567,Kaitlyn,Ropa,Offline,Low,9777,748.87,373.95,7321701.99,3656109.15
E9568,Eric,Material de oficina,Online,High,4416,813.65,435.41,3593078.4,1922770.56
E9569,Jennifer,Carnes,Online,Low,8295,615.13,409.54,5102503.35,3397134.3
E9570,Sean,Snacks,Offline,Medium,6899,718.8,489.81,4959001.2,3379199.19
E9571,Elizabeth,Bebida,Online,Low,1896,513.47,387.31,973539.12,734339.76
E9572,Megan,Snacks,Offline,High,8161,691.32,304.33,5641862.52,2483637.13
E9573,Sean,Verduras,Offline,Low,5629,527.39,308.78,2968678.31,1738122.62
E9574,Mary,Domestico,Online,Medium,4324,728.88,3.47,3151677.12,15004.28
E9575,Brian,Cereales,Online,High,1834,972.46,326.44,1783491.64,598690.96
E9576,Monica,Domestico,Online,High,8590,679.73,276.94,5838880.7,2378914.6
E9577,Randy,Domestico,Online,High,2710,756.27,165.11,2049491.7,447448.1
E9578,Laura,Cereales,Online,Critical,8269,655.38,428.93,5419337.22,3546822.17
E9579,Karen,Cereales,Offline,Medium,8275,446.65,251.61,3696028.75,2082072.75
E9580,Timothy,Carnes,Online,Medium,1891,920.5,125.97,1740665.5,238209.27
E9581,James,Cosmeticos,Online,Low,1997,429.72,325.86,858150.84,650742.42
E9582,Brandi,Carnes,Offline,High,5016,554.09,31.92,2779315.44,160110.72
E9583,Eric,Snacks,Offline,Critical,9303,935.98,403.02,8707421.94,3749295.06
E9584,Stephen,Cuidado personal,Online,Low,9243,710.63,404.73,6568353.09,3740919.39
E9585,Daniel,Ropa,Online,Low,1691,441.08,117.7,745866.28,199030.7
E9586,Heather,Domestico,Online,Low,6369,895.84,240.68,5705604.96,1532890.92
E9587,Brenda,Snacks,Offline,Critical,1009,586.25,437.79,591526.25,441730.11
E9588,Amy,Bebida,Online,Medium,6147,483.81,58.14,2973980.07,357386.58
E9589,Paul,Carnes,Offline,Medium,9215,680.57,498.07,6271452.55,4589715.05
E9590,Amber,Material de oficina,Offline,High,445,501.77,155.48,223287.65,69188.6
E9591,Teresa,Alimento infantil,Online,Critical,1339,517.03,193.7,692303.17,259364.3
E9592,Jacob,Frutas,Online,High,9398,930.34,165.6,8743335.32,1556308.8
E9593,Crystal,Ropa,Online,High,8279,893.08,344.03,7393809.32,2848224.37
E9594,Michael,Verduras,Offline,Medium,5511,761.88,327.15,4198720.68,1802923.65
E9595,Michael,Domestico,Offline,Medium,5901,672.95,337.88,3971077.95,1993829.88
E9596,Angela,Snacks,Online,High,8129,410.47,75.62,3336710.63,614714.98
E9597,Jose,Bebida,Online,Medium,788,586.73,211.54,462343.24,166693.52
E9598,John,Ropa,Offline,Medium,9220,961.29,419.93,8863093.8,3871754.6
E9599,Mary,Bebida,Online,Critical,2891,565.01,499.27,1633443.91,1443389.57
E9600,David,Domestico,Online,Critical,6678,603.89,254.32,4032777.42,1698348.96
E9601,Adam,Cereales,Offline,Medium,8159,541.43,222.84,4417527.37,1818151.56
E9602,Hector,Verduras,Online,Low,9085,797.14,417.7,7242016.9,3794804.5
E9603,Heather,Domestico,Offline,Medium,6349,626.22,499.86,3975870.78,3173611.14
E9604,Gabriel,Bebida,Offline,Critical,5442,401.55,16.76,2185235.1,91207.92
E9605,James,Material de oficina,Offline,High,864,614.21,37.28,530677.44,32209.92
E9606,Gregory,Snacks,Offline,Medium,4403,833.51,450.13,3669944.53,1981922.39
E9607,Lisa,Ropa,Online,High,4537,803.77,273.87,3646704.49,1242548.19
E9608,Daniel,Cosmeticos,Offline,Critical,4846,768.19,300.64,3722648.74,1456901.44
E9609,Jonathan,Cosmeticos,Offline,Critical,1597,706.46,49.55,1128216.62,79131.35
E9610,Lori,Ropa,Offline,Low,4998,902.34,324.34,4509895.32,1621051.32
E9611,Stephanie,Ropa,Online,High,4671,687.17,110.3,3209771.07,515211.3
E9612,Benjamin,Snacks,Online,Low,2351,526.39,264.49,1237542.89,621815.99
E9613,Philip,Carnes,Offline,Critical,4369,417.09,57.16,1822266.21,249732.04
E9614,David,Frutas,Online,Low,2474,695.3,22.93,1720172.2,56728.82
E9615,Amanda,Material de oficina,Online,Critical,6725,893.66,230.06,6009863.5,1547153.5
E9616,Kimberly,Cereales,Offline,Medium,8188,543.26,254.81,4448212.88,2086384.28
E9617,Tina,Domestico,Online,High,407,995.82,322.06,405298.74,131078.42
E9618,Courtney,Alimento infantil,Offline,Low,8784,883.85,139.3,7763738.4,1223611.2
E9619,Nicholas,Carnes,Online,Medium,8927,673.73,393.91,6014387.71,3516434.57
E9620,Dylan,Cereales,Offline,Critical,1092,499.63,128.38,545595.96,140190.96
E9621,Tracey,Cuidado personal,Offline,Critical,5777,868.52,428.75,5017440.04,2476888.75
E9622,Laura,Snacks,Offline,Low,814,532.97,115.92,433837.58,94358.88
E9623,Rachel,Alimento infantil,Offline,Medium,1161,655.61,495.66,761163.21,575461.26
E9624,Rebecca,Verduras,Offline,Medium,5480,913.41,337.2,5005486.8,1847856
E9625,Jose,Frutas,Offline,Medium,2129,435.49,175.21,927158.21,373022.09
E9626,Juan,Domestico,Online,Medium,3824,897.86,235.49,3433416.64,900513.76
E9627,Justin,Material de oficina,Offline,Medium,7280,487.54,45.6,3549291.2,331968
E9628,Mark,Cosmeticos,Online,High,8485,788.74,413.87,6692458.9,3511686.95
E9629,Cindy,Cereales,Offline,Critical,6900,933.47,347.51,6440943,2397819
E9630,Carla,Ropa,Offline,High,2996,598.84,281.86,1794124.64,844452.56
E9631,Vincent,Domestico,Offline,Low,6829,428.8,392.98,2928275.2,2683660.42
E9632,Katherine,Snacks,Online,High,8453,678.13,38.85,5732232.89,328399.05
E9633,Steven,Alimento infantil,Online,Critical,4229,613.63,440.68,2595041.27,1863635.72
E9634,Stuart,Alimento infantil,Offline,High,7378,596.1,4.78,4398025.8,35266.84
E9635,Kenneth,Material de oficina,Online,Low,804,484.37,136.99,389433.48,110139.96
E9636,Christina,Bebida,Offline,High,4905,650.58,363.49,3191094.9,1782918.45
E9637,Matthew,Carnes,Offline,Low,2442,893.81,339.91,2182684.02,830060.22
E9638,Leah,Bebida,Online,Medium,4274,945.61,66.8,4041537.14,285503.2
E9639,David,Cuidado personal,Online,Low,1128,555.85,177.45,626998.8,200163.6
E9640,Mandy,Verduras,Offline,High,6833,523.41,378.43,3576460.53,2585812.19
E9641,Tammy,Domestico,Online,Low,9331,978.23,320.23,9127864.13,2988066.13
E9642,Steven,Carnes,Online,Low,8372,888.89,67.25,7441787.08,563017
E9643,Kyle,Verduras,Offline,Low,2007,606.04,203.89,1216322.28,409207.23
E9644,Melanie,Cuidado personal,Online,Low,4930,525.32,178.99,2589827.6,882420.7
E9645,Michael,Carnes,Online,Low,2555,973.91,150.72,2488340.05,385089.6
E9646,Amber,Carnes,Offline,Low,191,680.47,217.39,129969.77,41521.49
E9647,Jeffrey,Carnes,Offline,Low,7395,513.71,340.54,3798885.45,2518293.3
E9648,Michael,Cereales,Offline,Medium,6361,582.83,433.41,3707381.63,2756921.01
E9649,Joseph,Domestico,Online,High,8930,621.12,425.15,5546601.6,3796589.5
E9650,Julian,Carnes,Online,Medium,1387,516.65,4.43,716593.55,6144.41
E9651,Katherine,Cereales,Offline,Low,7294,794.5,499.91,5795083,3646343.54
E9652,Christina,Bebida,Offline,Critical,273,884.8,271.54,241550.4,74130.42
E9653,Jessica,Verduras,Offline,High,822,751.86,261.02,618028.92,214558.44
E9654,Cory,Ropa,Offline,Medium,7131,577.29,486.96,4116654.99,3472511.76
E9655,Amber,Snacks,Offline,Critical,8863,652.06,236.27,5779207.78,2094061.01
E9656,George,Cereales,Offline,Low,1374,779.44,211.26,1070950.56,290271.24
E9657,Brandi,Snacks,Offline,Medium,4436,893.56,372.63,3963832.16,1652986.68
E9658,Michael,Frutas,Offline,Critical,3703,828.29,54.3,3067157.87,201072.9
E9659,Michael,Ropa,Online,Medium,7078,765.43,120.74,5417713.54,854597.72
E9660,Judith,Bebida,Offline,High,5997,772.67,448.38,4633701.99,2688934.86
E9661,James,Cuidado personal,Offline,Critical,9549,674.58,83.62,6441564.42,798487.38
E9662,Ryan,Carnes,Offline,Medium,7839,679.76,90.2,5328638.64,707077.8
E9663,Jose,Domestico,Offline,High,2625,928.61,184.99,2437601.25,485598.75
E9664,Jonathan,Frutas,Online,Low,3796,819.69,471.11,3111543.24,1788333.56
E9665,John,Alimento infantil,Online,Low,9864,453.74,215.38,4475691.36,2124508.32
E9666,Todd,Ropa,Offline,High,7759,792.18,290.15,6146524.62,2251273.85
E9667,Emily,Ropa,Offline,High,6513,545.17,362.78,3550692.21,2362786.14
E9668,Adam,Frutas,Offline,High,6835,949.2,95.76,6487782,654519.6
E9669,Mary,Domestico,Online,Critical,1816,631.66,420.44,1147094.56,763519.04
E9670,Kevin,Domestico,Offline,Low,876,454.59,140.19,398220.84,122806.44
E9671,Joseph,Cereales,Offline,Low,5226,441.25,116.59,2305972.5,609299.34
E9672,John,Alimento infantil,Online,Critical,4221,768.34,144.38,3243163.14,609427.98
E9673,Karla,Snacks,Offline,Medium,2090,453.32,279.71,947438.8,584593.9
E9674,Brandi,Cosmeticos,Offline,Critical,7620,519.87,361.39,3961409.4,2753791.8
E9675,Mandy,Domestico,Online,Critical,1468,619.95,360.83,910086.6,529698.44
E9676,Sonia,Alimento infantil,Online,Critical,5382,585.97,246.63,3153690.54,1327362.66
E9677,Kenneth,Cereales,Offline,Critical,718,429.58,72.42,308438.44,51997.56
E9678,Brian,Alimento infantil,Online,Critical,579,783.9,208.68,453878.1,120825.72
E9679,Ethan,Cereales,Online,High,8198,855.96,462.29,7017160.08,3789853.42
E9680,Christina,Verduras,Online,Critical,7184,818.18,356.03,5877805.12,2557719.52
E9681,Eric,Bebida,Online,Medium,327,953.6,37,311827.2,12099
E9682,Nicholas,Cosmeticos,Offline,Medium,1416,930.25,337.96,1317234,478551.36
E9683,Hunter,Frutas,Online,Critical,7590,503.83,304.14,3824069.7,2308422.6
E9684,Vicki,Frutas,Offline,Medium,5799,424.39,21.35,2461037.61,123808.65
E9685,Brett,Alimento infantil,Online,Medium,1916,647.23,224.32,1240092.68,429797.12
E9686,Gregory,Frutas,Online,High,8896,723.47,236.34,6435989.12,2102480.64
E9687,Tammy,Cereales,Offline,High,197,786.91,124.29,155021.27,24485.13
E9688,Robert,Alimento infantil,Online,Low,189,794.67,49.61,150192.63,9376.29
E9689,Thomas,Alimento infantil,Online,Medium,7452,500.19,396.72,3727415.88,2956357.44
E9690,Kim,Domestico,Offline,Low,7853,711.87,409.24,5590315.11,3213761.72
E9691,Julie,Cuidado personal,Online,High,9170,521.98,160.19,4786556.6,1468942.3
E9692,Ashley,Alimento infantil,Offline,Critical,4202,909.71,405.51,3822601.42,1703953.02
E9693,Gabriel,Carnes,Offline,Medium,3033,764.92,391.49,2320002.36,1187389.17
E9694,Marc,Cuidado personal,Online,Critical,8405,768.99,491.89,6463360.95,4134335.45
E9695,Alexander,Bebida,Offline,Critical,4752,722.13,159.88,3431561.76,759749.76
E9696,Bianca,Verduras,Online,Critical,6124,757.55,456.54,4639236.2,2795850.96
E9697,Kayla,Bebida,Offline,Low,6040,953.35,110.42,5758234,666936.8
E9698,Evan,Bebida,Offline,Critical,7580,580.07,165.77,4396930.6,1256536.6
E9699,Lisa,Ropa,Online,Low,7256,924.73,272.36,6709840.88,1976244.16
E9700,Kelly,Material de oficina,Online,Medium,1781,736.81,58.04,1312258.61,103369.24
E9701,George,Cuidado personal,Offline,Low,8774,500.17,496.3,4388491.58,4354536.2
E9702,David,Ropa,Online,Critical,7110,595.3,333.93,4232583,2374242.3
E9703,Amy,Ropa,Online,Medium,8016,783.94,313.26,6284063.04,2511092.16
E9704,Kevin,Cereales,Offline,Critical,8000,566.96,287.73,4535680,2301840
E9705,Ryan,Snacks,Offline,Medium,849,691.2,20.62,586828.8,17506.38
E9706,Troy,Verduras,Offline,Low,7201,505.39,10.98,3639313.39,79066.98
E9707,Kayla,Cosmeticos,Offline,High,7110,562.2,133.14,3997242,946625.4
E9708,Desiree,Cereales,Offline,Critical,8097,666.67,410.23,5398026.99,3321632.31
E9709,Jake,Material de oficina,Online,Low,2250,612.87,435.61,1378957.5,980122.5
E9710,Amanda,Verduras,Offline,Low,1612,619.36,237.02,998408.32,382076.24
E9711,John,Frutas,Offline,Low,9997,461.18,114.43,4610416.46,1143956.71
E9712,Philip,Domestico,Online,Low,2710,708.43,229.59,1919845.3,622188.9
E9713,Amber,Cosmeticos,Online,High,2997,865.39,311.78,2593573.83,934404.66
E9714,Hannah,Bebida,Offline,Low,9164,707.34,416.71,6482063.76,3818730.44
E9715,Melanie,Ropa,Online,Low,3910,931.51,462.74,3642204.1,1809313.4
E9716,Andrew,Ropa,Online,High,5005,802.09,268.67,4014460.45,1344693.35
E9717,Benjamin,Alimento infantil,Offline,Critical,9704,996.15,41.65,9666639.6,404171.6
E9718,Hector,Frutas,Offline,Low,2022,520.91,262.87,1053280.02,531523.14
E9719,Stacy,Bebida,Offline,Critical,4342,512.69,252.93,2226099.98,1098222.06
E9720,Randy,Domestico,Online,Critical,3463,693.78,49.03,2402560.14,169790.89
E9721,Nicholas,Material de oficina,Online,High,274,653.63,466,179094.62,127684
E9722,Angela,Material de oficina,Online,High,9797,862.71,375.6,8451969.87,3679753.2
E9723,Amy,Domestico,Online,Low,2574,434.88,220.18,1119381.12,566743.32
E9724,Theresa,Alimento infantil,Offline,High,1914,448.09,427.77,857644.26,818751.78
E9725,Jessica,Carnes,Offline,Low,6037,401.95,381.9,2426572.15,2305530.3
E9726,Duane,Material de oficina,Online,Medium,2695,500.42,17.03,1348631.9,45895.85
E9727,Duane,Frutas,Offline,High,7513,775.82,333.39,5828735.66,2504759.07
E9728,Tammy,Alimento infantil,Online,High,2995,546.99,383.63,1638235.05,1148971.85
E9729,Joshua,Frutas,Online,Critical,6056,785.76,460.36,4758562.56,2787940.16
E9730,Brandon,Cuidado personal,Online,Medium,8050,958.74,446.12,7717857,3591266
E9731,Veronica,Alimento infantil,Online,Low,8861,978.41,268.16,8669691.01,2376165.76
E9732,Alyssa,Snacks,Online,Low,3738,695.31,317.15,2599068.78,1185506.7
E9733,Kimberly,Carnes,Online,High,3315,870.83,342.28,2886801.45,1134658.2
E9734,Zachary,Material de oficina,Offline,Medium,7027,783.96,497.06,5508886.92,3492840.62
E9735,Angela,Ropa,Online,Medium,7699,807.49,23.49,6216865.51,180849.51
E9736,Melinda,Ropa,Offline,Low,4693,556.77,72.9,2612921.61,342119.7
E9737,Adam,Cereales,Online,Critical,991,444.14,112.43,440142.74,111418.13
E9738,Kimberly,Cuidado personal,Online,Medium,8683,572.06,219.56,4967196.98,1906439.48
E9739,Stephanie,Cereales,Offline,Medium,9540,706.28,234.77,6737911.2,2239705.8
E9740,Thomas,Cuidado personal,Offline,Low,1775,893.89,297.02,1586654.75,527210.5
E9741,Joshua,Verduras,Online,High,2894,601.14,498.96,1739699.16,1443990.24
E9742,Michelle,Bebida,Online,High,836,804.86,239.78,672862.96,200456.08
E9743,Scott,Bebida,Offline,Low,5757,853.95,125.54,4916190.15,722733.78
E9744,Timothy,Verduras,Online,Low,9815,851.96,420.19,8361987.4,4124164.85
E9745,Amanda,Cosmeticos,Online,Critical,9668,671.99,444.17,6496799.32,4294235.56
E9746,John,Ropa,Online,Critical,4484,737.77,294.2,3308160.68,1319192.8
E9747,Alexis,Verduras,Offline,Critical,4795,715.3,191.67,3429863.5,919057.65
E9748,Katherine,Snacks,Online,Medium,7723,776.6,449.87,5997681.8,3474346.01
E9749,Travis,Bebida,Offline,Medium,6507,770.44,462.76,5013253.08,3011179.32
E9750,Jake,Domestico,Offline,Critical,9781,930.46,392.61,9100829.26,3840118.41
E9751,Scott,Carnes,Online,Low,8839,981.38,88.83,8674417.82,785168.37
E9752,Darryl,Ropa,Offline,Low,8939,736.59,317.48,6584378.01,2837953.72
E9753,Taylor,Bebida,Offline,High,579,476.19,108.14,275714.01,62613.06
E9754,Kyle,Snacks,Online,High,1584,490.26,376.52,776571.84,596407.68
E9755,Kenneth,Cereales,Offline,Low,2989,919.69,248.24,2748953.41,741989.36
E9756,Melissa,Cosmeticos,Offline,Critical,2806,528.86,64.41,1483981.16,180734.46
E9757,Jaime,Cuidado personal,Offline,Low,5707,773.33,275.37,4413394.31,1571536.59
E9758,Leslie,Bebida,Online,Medium,6735,515.18,181.02,3469737.3,1219169.7
E9759,Mark,Bebida,Offline,Low,2214,604.62,59.27,1338628.68,131223.78
E9760,John,Ropa,Online,Low,1096,549.09,78.77,601802.64,86331.92
E9761,Sonya,Carnes,Online,Critical,8818,852.57,202.12,7517962.26,1782294.16
E9762,Kimberly,Cereales,Online,Critical,3641,503.55,421,1833425.55,1532861
E9763,Amanda,Bebida,Online,Medium,6898,438.38,485.42,3023945.24,3348427.16
E9764,Amanda,Alimento infantil,Offline,Low,1673,437.84,450.08,732506.32,752983.84
E9765,Gregory,Cereales,Online,High,338,517.22,218.5,174820.36,73853
E9766,Kenneth,Cuidado personal,Offline,Medium,9264,990.01,301.9,9171452.64,2796801.6
E9767,Andrew,Material de oficina,Offline,Low,8942,873.06,336.37,7806902.52,3007820.54
E9768,Teresa,Cereales,Online,Low,727,651.57,193.65,473691.39,140783.55
E9769,Cindy,Snacks,Online,Medium,2536,909.05,315.69,2305350.8,800589.84
E9770,Douglas,Cuidado personal,Online,High,5960,963.26,344.45,5741029.6,2052922
E9771,Todd,Verduras,Online,High,8142,659.1,239.31,5366392.2,1948462.02
E9772,Ryan,Cuidado personal,Offline,Low,730,719.01,133.29,524877.3,97301.7
E9773,Kiara,Verduras,Online,Medium,1244,743.83,262.25,925324.52,326239
E9774,Todd,Verduras,Online,Medium,6709,738.48,434.72,4954462.32,2916536.48
E9775,Maria,Domestico,Online,Low,2859,827.02,327.21,2364450.18,935493.39
E9776,Mary,Cosmeticos,Offline,Critical,874,988.49,133.51,863940.26,116687.74
E9777,Timothy,Domestico,Offline,High,6624,982.3,199.11,6506755.2,1318904.64
E9778,Tiffany,Cosmeticos,Online,Low,4047,553.2,162.97,2238800.4,659539.59
E9779,Cindy,Cuidado personal,Online,High,7598,461.1,343.42,3503437.8,2609305.16
E9780,Sabrina,Frutas,Online,High,1120,614.4,146.01,688128,163531.2
E9781,Charles,Alimento infantil,Offline,Low,3810,866.93,412.12,3303003.3,1570177.2
E9782,Sean,Domestico,Online,Low,6189,648.72,315.61,4014928.08,1953310.29
E9783,Duane,Bebida,Offline,Low,5622,463.13,315.36,2603716.86,1772953.92
E9784,John,Verduras,Online,Low,5862,726.78,477.63,4260384.36,2799867.06
E9785,Amber,Bebida,Offline,Medium,1830,798.01,202.21,1460358.3,370044.3
E9786,James,Cuidado personal,Online,Low,5310,446.02,253.59,2368366.2,1346562.9
E9787,Eric,Ropa,Online,Medium,2119,879.69,287.61,1864063.11,609445.59
E9788,Holly,Cosmeticos,Offline,Medium,6513,890.73,468.77,5801324.49,3053099.01
E9789,Amanda,Alimento infantil,Offline,Low,7278,497.24,485.86,3618912.72,3536089.08
E9790,Sara,Snacks,Online,Low,6306,933.2,304.61,5884759.2,1920870.66
E9791,Sarah,Frutas,Online,Low,1359,828.73,436.83,1126244.07,593651.97
E9792,Jessica,Material de oficina,Offline,Medium,7236,525.58,492.02,3803096.88,3560256.72
E9793,Juan,Carnes,Offline,Medium,6872,602.61,36.09,4141135.92,248010.48
E9794,Brian,Cosmeticos,Offline,Low,2585,617.67,39.49,1596676.95,102081.65
E9795,Daniel,Cosmeticos,Online,Critical,9480,507.14,414.06,4807687.2,3925288.8
E9796,Melissa,Alimento infantil,Offline,Medium,6749,915.24,370.57,6176954.76,2500976.93
E9797,Alexis,Verduras,Online,Medium,5788,650.1,95.12,3762778.8,550554.56
E9798,Ricky,Cosmeticos,Online,High,8975,706.7,16.75,6342632.5,150331.25
E9799,Laura,Verduras,Online,Medium,6597,481.7,139.68,3177774.9,921468.96
E9800,Daniel,Snacks,Online,Low,3259,491.82,64.11,1602841.38,208934.49
E9801,Daniel,Cereales,Offline,Medium,6420,612.7,239.71,3933534,1538938.2
E9802,David,Material de oficina,Offline,Medium,990,555.36,163.34,549806.4,161706.6
E9803,Julie,Cereales,Online,Critical,2275,556.79,105.9,1266697.25,240922.5
E9804,Juan,Alimento infantil,Online,High,5994,475.81,478.82,2852005.14,2870047.08
E9805,Daniel,Verduras,Offline,Medium,4089,498.4,266.46,2037957.6,1089554.94
E9806,Michael,Domestico,Online,Critical,6255,890.48,173.81,5569952.4,1087181.55
E9807,Stephen,Material de oficina,Offline,Medium,8512,776.12,126.63,6606333.44,1077874.56
E9808,Johnny,Frutas,Offline,High,8098,647.06,175.68,5239891.88,1422656.64
E9809,William,Verduras,Offline,Low,3180,998.48,8.06,3175166.4,25630.8
E9810,Isaiah,Cereales,Online,Low,2464,476.44,156.78,1173948.16,386305.92
E9811,Katherine,Cereales,Offline,High,1093,576.69,85.01,630322.17,92915.93
E9812,Dean,Ropa,Online,Critical,2527,591.34,13.37,1494316.18,33785.99
E9813,Eric,Bebida,Online,Medium,3012,944.19,387.93,2843900.28,1168445.16
E9814,Logan,Snacks,Offline,Low,5444,463.74,342.81,2524600.56,1866257.64
E9815,Kenneth,Carnes,Online,Medium,4620,786.96,379.13,3635755.2,1751580.6
E9816,Jennifer,Alimento infantil,Online,High,5991,559.74,324.85,3353402.34,1946176.35
E9817,Julie,Cereales,Online,Medium,853,474.66,498.47,404884.98,425194.91
E9818,Kristin,Bebida,Offline,Medium,9104,770.1,49.17,7010990.4,447643.68
E9819,Rachel,Cuidado personal,Online,Critical,421,692.61,465.94,291588.81,196160.74
E9820,Amanda,Cosmeticos,Offline,High,6444,916.26,46.78,5904379.44,301450.32
E9821,Brandon,Cereales,Online,Low,4494,695.75,362.66,3126700.5,1629794.04
E9822,Edward,Cuidado personal,Online,Medium,400,699.52,358.38,279808,143352
E9823,Michael,Snacks,Online,Medium,7295,419.31,375.93,3058866.45,2742409.35
E9824,Todd,Ropa,Offline,Critical,9261,896.93,384.22,8306468.73,3558261.42
E9825,Chad,Cereales,Online,Low,7687,446.99,144.63,3436012.13,1111770.81
E9826,Charles,Frutas,Offline,Critical,3447,474.67,48.51,1636187.49,167213.97
E9827,Stephen,Cereales,Online,Medium,9256,611.42,28.43,5659303.52,263148.08
E9828,Mary,Alimento infantil,Online,High,8259,762.7,32.14,6299139.3,265444.26
E9829,Matthew,Alimento infantil,Offline,High,1687,524.62,110.25,885033.94,185991.75
E9830,Julie,Carnes,Online,High,8878,653.21,293.51,5799198.38,2605781.78
E9831,Isaiah,Cereales,Online,Medium,3378,578.81,129.37,1955220.18,437011.86
E9832,Jacob,Frutas,Online,Low,4810,517.22,418.22,2487828.2,2011638.2
E9833,Sara,Frutas,Online,High,2021,504.76,220.9,1020119.96,446438.9
E9834,Kristen,Cosmeticos,Online,High,1016,811,399.12,823976,405505.92
E9835,Robert,Carnes,Online,Critical,933,513.91,59.27,479478.03,55298.91
E9836,Jesse,Domestico,Offline,High,173,612.84,374.52,106021.32,64791.96
E9837,Whitney,Frutas,Online,Low,7260,560.96,20.52,4072569.6,148975.2
E9838,Erin,Cereales,Offline,Low,6481,765.89,401.98,4963733.09,2605232.38
E9839,Tina,Ropa,Online,Medium,5385,424.33,336.84,2285017.05,1813883.4
E9840,Raymond,Material de oficina,Offline,Critical,8945,515.16,11.72,4608106.2,104835.4
E9841,Zachary,Bebida,Online,Medium,4898,631.75,436.19,3094311.5,2136458.62
E9842,Leslie,Snacks,Online,Critical,8542,840.92,378.8,7183138.64,3235709.6
E9843,Katherine,Cuidado personal,Offline,Low,4805,822.71,14.05,3953121.55,67510.25
E9844,Thomas,Cereales,Online,High,4046,451.85,416.01,1828185.1,1683176.46
E9845,Tina,Bebida,Offline,Low,9333,924.96,383.83,8632651.68,3582285.39
E9846,Matthew,Carnes,Offline,High,3891,910.8,209.97,3543922.8,816993.27
E9847,Charles,Cuidado personal,Offline,Critical,547,666.21,462.52,364416.87,252998.44
E9848,Richard,Material de oficina,Online,Medium,195,739.98,376.57,144296.1,73431.15
E9849,Logan,Ropa,Online,Critical,4632,548.16,362.48,2539077.12,1679007.36
E9850,Nancy,Cosmeticos,Offline,Medium,7154,519.95,333.66,3719722.3,2387003.64
E9851,Gregory,Domestico,Offline,Critical,1115,728.37,49.3,812132.55,54969.5
E9852,William,Frutas,Offline,Low,3788,612.05,249.45,2318445.4,944916.6
E9853,Kayla,Cuidado personal,Online,High,5231,604.1,250.9,3160047.1,1312457.9
E9854,Veronica,Ropa,Online,High,6884,482.45,253.94,3321185.8,1748122.96
E9855,David,Cosmeticos,Offline,Medium,121,979.25,6.82,118489.25,825.22
E9856,James,Cuidado personal,Online,Critical,8843,962.63,405.26,8512537.09,3583714.18
E9857,Brenda,Domestico,Online,Medium,8234,837.02,138.48,6892022.68,1140244.32
E9858,Sara,Frutas,Offline,Critical,725,661.79,475.52,479797.75,344752
E9859,Tami,Carnes,Online,Critical,6388,866.14,239.21,5532902.32,1528073.48
E9860,Chad,Cosmeticos,Offline,High,4620,777.37,118.26,3591449.4,546361.2
E9861,Maxwell,Cereales,Online,Low,9360,403.95,480.83,3780972,4500568.8
E9862,Mark,Bebida,Online,Medium,4113,509.11,281.18,2093969.43,1156493.34
E9863,David,Cereales,Online,High,7805,528.95,346.55,4128454.75,2704822.75
E9864,Angela,Cosmeticos,Offline,Low,6210,657.27,435.76,4081646.7,2706069.6
E9865,Crystal,Bebida,Online,Low,187,413.12,73.8,77253.44,13800.6
E9866,Michael,Alimento infantil,Offline,High,4763,804.87,190.24,3833595.81,906113.12
E9867,Michael,Ropa,Offline,High,4730,539.4,299.69,2551362,1417533.7
E9868,Brandi,Domestico,Offline,Medium,7759,772.9,387.65,5996931.1,3007776.35
E9869,George,Cosmeticos,Online,Low,934,855.15,458.79,798710.1,428509.86
E9870,Bruce,Verduras,Online,Low,5259,719.91,465.42,3786006.69,2447643.78
E9871,Nicholas,Cosmeticos,Online,Medium,9184,704.79,113.62,6472791.36,1043486.08
E9872,William,Material de oficina,Offline,Low,4074,985.95,310.02,4016760.3,1263021.48
E9873,Kiara,Carnes,Offline,Medium,1045,759.22,445.06,793384.9,465087.7
E9874,Brenda,Bebida,Offline,Low,4405,623.47,261.51,2746385.35,1151951.55
E9875,Joshua,Cuidado personal,Online,Low,7798,688.54,480.32,5369234.92,3745535.36
E9876,Antonio,Ropa,Online,Critical,341,735.85,218.72,250924.85,74583.52
E9877,Eric,Domestico,Online,High,2172,696.77,31.96,1513384.44,69417.12
E9878,Stephanie,Verduras,Offline,High,8104,740.82,368.67,6003605.28,2987701.68
E9879,William,Snacks,Offline,High,8779,634.8,357.55,5572909.2,3138931.45
E9880,Robert,Frutas,Online,Low,9552,742.29,23.36,7090354.08,223134.72
E9881,Bruce,Verduras,Online,High,486,739.16,186.43,359231.76,90604.98
E9882,Frank,Cereales,Offline,Low,2718,800.06,278.17,2174563.08,756066.06
E9883,Christopher,Frutas,Offline,Medium,7562,969.47,379.67,7331132.14,2871064.54
E9884,Samuel,Bebida,Offline,Critical,7070,998.15,288.09,7056920.5,2036796.3
E9885,Alexander,Bebida,Offline,Medium,4407,997.92,356.24,4397833.44,1569949.68
E9886,Cody,Bebida,Online,High,6134,473.88,345.2,2906779.92,2117456.8
E9887,Jennifer,Material de oficina,Online,Critical,1960,935.89,175.72,1834344.4,344411.2
E9888,Brenda,Snacks,Online,Medium,3181,740.32,218.9,2354957.92,696320.9
E9889,Willie,Verduras,Online,Critical,171,736.61,248.67,125960.31,42522.57
E9890,Jose,Verduras,Offline,Critical,882,890.02,422.04,784997.64,372239.28
E9891,Billy,Cosmeticos,Offline,Critical,5353,808.51,85.1,4327954.03,455540.3
E9892,Jaime,Carnes,Online,Critical,918,563.45,56.13,517247.1,51527.34
E9893,Alexis,Ropa,Online,High,2037,470.51,221.13,958428.87,450441.81
E9894,Mark,Frutas,Online,Low,9036,540.46,360.03,4883596.56,3253231.08
E9895,Kristen,Cereales,Offline,Low,5470,795,477.55,4348650,2612198.5
E9896,Michael,Cuidado personal,Online,Critical,8143,758.58,160.75,6177116.94,1308987.25
E9897,Patrick,Frutas,Offline,Low,5480,796.62,203.48,4365477.6,1115070.4
E9898,Brenda,Snacks,Online,Critical,4995,421.63,242.08,2106041.85,1209189.6
E9899,Crystal,Frutas,Online,Medium,8000,573.15,257.1,4585200,2056800
E9900,Nicole,Alimento infantil,Offline,Critical,3536,617.01,235.7,2181747.36,833435.2
E9901,Eric,Cosmeticos,Online,Low,8982,467.73,333.28,4201150.86,2993520.96
E9902,Matthew,Carnes,Offline,Medium,8422,908,215.72,7647176,1816793.84
E9903,Sean,Bebida,Online,Medium,103,595.8,120.91,61367.4,12453.73
E9904,John,Cosmeticos,Offline,Low,8979,855.56,349.66,7682073.24,3139597.14
E9905,Nicholas,Ropa,Online,Low,4732,942.71,373.56,4460903.72,1767685.92
E9906,Kristin,Cereales,Online,Low,3048,938.29,237.81,2859907.92,724844.88
E9907,Michael,Cosmeticos,Offline,High,8041,951.88,441.13,7654067.08,3547126.33
E9908,Kenneth,Cereales,Online,High,5137,526.23,499.08,2703243.51,2563773.96
E9909,Katherine,Alimento infantil,Online,High,499,522.42,386.12,260687.58,192673.88
E9910,William,Alimento infantil,Offline,Critical,6371,499.33,128.38,3181231.43,817908.98
E9911,Nancy,Cosmeticos,Online,Low,2720,683.63,326.48,1859473.6,888025.6
E9912,Melanie,Ropa,Offline,Critical,8464,478.21,158.16,4047569.44,1338666.24
E9913,Jacqueline,Cuidado personal,Offline,Medium,2796,864.33,130.55,2416666.68,365017.8
E9914,Jessica,Snacks,Offline,Medium,8314,755.29,40.04,6279481.06,332892.56
E9915,Kimberly,Alimento infantil,Online,High,5433,640.7,110.16,3480923.1,598499.28
E9916,Whitney,Cosmeticos,Offline,Medium,143,976.71,333.29,139669.53,47660.47
E9917,Stephanie,Cereales,Online,Low,7381,700.47,277.41,5170169.07,2047563.21
E9918,Kevin,Cereales,Online,Medium,2783,884.76,350.78,2462287.08,976220.74
E9919,Stephanie,Cosmeticos,Offline,Medium,5743,960.2,352.61,5514428.6,2025039.23
E9920,Frank,Ropa,Online,Low,5256,621.02,105.19,3264081.12,552878.64
E9921,Gina,Material de oficina,Online,High,3765,723.06,277.64,2722320.9,1045314.6
E9922,Zachary,Carnes,Offline,Medium,3111,846.89,45.94,2634674.79,142919.34
E9923,Rachel,Cuidado personal,Online,Critical,315,527.31,10.05,166102.65,3165.75
E9924,Brian,Carnes,Online,Medium,6169,453.25,18.71,2796099.25,115421.99
E9925,Justin,Bebida,Offline,High,2394,496.78,340.45,1189291.32,815037.3
E9926,Darryl,Ropa,Offline,Low,8885,440.15,480.4,3910732.75,4268354
E9927,Jennifer,Domestico,Offline,Critical,6010,826.72,442.07,4968587.2,2656840.7
E9928,Morgan,Carnes,Offline,High,1295,815.74,439.41,1056383.3,569035.95
E9929,Veronica,Ropa,Online,Low,5336,612.36,489.25,3267552.96,2610638
E9930,Michael,Cosmeticos,Offline,Critical,6158,908.14,321.28,5592326.12,1978442.24
E9931,George,Snacks,Offline,Low,1018,450.45,196.09,458558.1,199619.62
E9932,Laura,Cereales,Online,Low,2018,819.76,58.42,1654275.68,117891.56
E9933,Elizabeth,Bebida,Offline,Medium,3188,551.58,167.22,1758437.04,533097.36
E9934,Marc,Cereales,Offline,Low,5498,676.53,476.38,3719561.94,2619137.24
E9935,Kimberly,Verduras,Offline,Low,2672,871.45,322.11,2328514.4,860677.92
E9936,Vincent,Material de oficina,Offline,Critical,4243,959.99,301.61,4073237.57,1279731.23
E9937,Karla,Cosmeticos,Online,Low,7769,839.7,338.24,6523629.3,2627786.56
E9938,Ashley,Ropa,Offline,Critical,1420,809.96,4.82,1150143.2,6844.4
E9939,Kaitlin,Cuidado personal,Offline,Critical,1605,573.82,278.75,920981.1,447393.75
E9940,Tyler,Snacks,Online,High,7271,520.37,476.57,3783610.27,3465140.47
E9941,Nancy,Cuidado personal,Online,High,9158,410.91,467.88,3763113.78,4284845.04
E9942,Andrew,Ropa,Offline,High,8458,611.85,250.32,5175027.3,2117206.56
E9943,Paul,Ropa,Offline,Low,7865,696.67,190.56,5479309.55,1498754.4
E9944,Miguel,Cosmeticos,Online,Critical,5761,797.15,459.17,4592381.15,2645278.37
E9945,Michael,Cosmeticos,Offline,High,320,958.41,2.65,306691.2,848
E9946,Valerie,Snacks,Online,Critical,6021,807.51,461.32,4862017.71,2777607.72
E9947,Austin,Alimento infantil,Offline,High,2100,997.97,189.6,2095737,398160
E9948,Eric,Cosmeticos,Online,High,3512,862.75,14.83,3029978,52082.96
E9949,Sydney,Alimento infantil,Online,Low,2072,676.11,32.72,1400899.92,67795.84
E9950,Karla,Domestico,Online,Low,8793,743.39,217.94,6536628.27,1916346.42
E9951,Ashley,Ropa,Offline,Medium,4478,424.85,343.53,1902478.3,1538327.34
E9952,Brian,Carnes,Online,Medium,1538,951.48,468.8,1463376.24,721014.4
E9953,Philip,Verduras,Online,Medium,8503,726.93,33.48,6181085.79,284680.44
E9954,Kaitlyn,Cuidado personal,Offline,Critical,501,746.35,174.43,373921.35,87389.43
E9955,Nicole,Material de oficina,Offline,High,5979,598.07,254.18,3575860.53,1519742.22
E9956,Kim,Bebida,Offline,High,1616,629.44,34.96,1017175.04,56495.36
E9957,Larry,Cuidado personal,Offline,Low,4843,670.37,188.5,3246601.91,912905.5
E9958,Pamela,Domestico,Offline,Low,1768,513.24,265.07,907408.32,468643.76
E9959,John,Bebida,Offline,Low,2183,598.71,102.15,1306983.93,222993.45
E9960,Todd,Material de oficina,Online,Critical,461,712.32,75.11,328379.52,34625.71
E9961,Jacob,Bebida,Online,Medium,153,522.08,348.4,79878.24,53305.2
E9962,Cameron,Carnes,Offline,Critical,8170,940.07,216.07,7680371.9,1765291.9
E9963,Adam,Cereales,Offline,Low,4331,512.82,97.3,2221023.42,421406.3
E9964,Nicole,Cosmeticos,Online,Critical,783,556.78,214.5,435958.74,167953.5
E9965,Sarah,Material de oficina,Online,Critical,4603,565.65,193.07,2603686.95,888701.21
E9966,Kevin,Cosmeticos,Online,Low,6222,599.72,57.29,3731457.84,356458.38
E9967,Rachel,Ropa,Online,Medium,1209,844.33,178.96,1020794.97,216362.64
E9968,Karla,Carnes,Offline,Critical,5526,501.12,335.38,2769189.12,1853309.88
E9969,Thomas,Cereales,Online,Critical,7109,823.61,277.16,5855043.49,1970330.44
E9970,Joseph,Snacks,Offline,Low,9610,978.19,281.15,9400405.9,2701851.5
E9971,Andrew,Bebida,Offline,Medium,9991,728.38,279.98,7277244.58,2797280.18
E9972,Eric,Domestico,Online,Critical,3587,427.18,437.54,1532294.66,1569455.98
E9973,Jose,Verduras,Online,Low,3643,483.23,480.39,1760406.89,1750060.77
E9974,Laura,Alimento infantil,Offline,Critical,2623,980.39,407.43,2571562.97,1068688.89
E9975,Donna,Frutas,Offline,Low,7846,402.93,151.11,3161388.78,1185609.06
E9976,Nicole,Material de oficina,Online,High,6771,774.12,356.91,5241566.52,2416637.61
E9977,Melanie,Verduras,Online,Medium,2482,706.79,193.01,1754252.78,479050.82
E9978,Jessica,Domestico,Offline,Low,6369,730.38,38.33,4651790.22,244123.77
E9979,John,Cuidado personal,Online,Medium,9303,808.59,170.34,7522312.77,1584673.02
E9980,Katherine,Cosmeticos,Offline,High,9467,428.6,143.17,4057556.2,1355390.39
E9981,Johnathan,Snacks,Online,Critical,9666,743.97,379.18,7191214.02,3665153.88
E9982,Amanda,Cuidado personal,Offline,High,4445,920.39,330.33,4091133.55,1468316.85
E9983,Anthony,Alimento infantil,Offline,Medium,7441,836.59,358.63,6225066.19,2668565.83
E9984,Eric,Snacks,Offline,Medium,3804,896.15,437.63,3408954.6,1664744.52
E9985,Megan,Carnes,Offline,Low,8471,750.26,482.11,6355452.46,4083953.81
E9986,Bruce,Cuidado personal,Online,High,7726,589.86,460.1,4557258.36,3554732.6
E9987,Susan,Cuidado personal,Offline,Low,3427,878.11,482,3009282.97,1651814
E9988,David,Bebida,Online,Medium,788,580.89,338.66,457741.32,266864.08
E9989,Joshua,Snacks,Online,Medium,9395,462.19,66.09,4342275.05,620915.55
E9990,Tami,Verduras,Offline,Critical,2571,401.28,32.62,1031690.88,83866.02
E9991,Sarah,Ropa,Online,Medium,6156,871.75,407.44,5366493,2508200.64
E9992,David,Bebida,Online,Medium,3019,734.46,80.81,2217334.74,243965.39
E9993,Sydney,Alimento infantil,Online,High,3436,408.54,78.63,1403743.44,270172.68
E9994,Amber,Cosmeticos,Offline,Low,9975,447.44,397.34,4463214,3963466.5
E9995,Joseph,Bebida,Offline,High,893,545.04,395.3,486720.72,353002.9
E9996,Christopher,Ropa,Online,Critical,6251,559.48,312.67,3497309.48,1954500.17
E9997,Joseph,Alimento infantil,Offline,Critical,939,776.92,395.41,729527.88,371289.99
E9998,Kayla,Snacks,Offline,High,6112,828.39,106.95,5063119.68,653678.4
E9999,Brenda,Material de oficina,Online,Critical,6862,981.2,227.88,6732994.4,1563712.56
E10000,Bianca,Alimento infantil,Online,Low,3355,812.14,9.57,2724729.7,32107.35
E10001,Pamela,Cereales,Offline,High,6841,944.42,341.75,6460777.22,2337911.75
E10002,Sabrina,Alimento infantil,Offline,Low,843,869.38,20.42,732887.34,17214.06
E10003,Carla,Bebida,Online,Medium,7291,552.54,118.22,4028569.14,861942.02
E10004,Alan,Cosmeticos,Offline,High,1426,932.52,80.7,1329773.52,115078.2
E10005,Matthew,Snacks,Offline,Critical,2536,502.88,465.54,1275303.68,1180609.44
E10006,Thomas,Cuidado personal,Online,Low,5042,646.75,253.31,3260913.5,1277189.02
E10007,Matthew,Bebida,Offline,Low,2116,670.89,222.5,1419603.24,470810
E10008,John,Alimento infantil,Offline,Medium,3435,591.84,391.42,2032970.4,1344527.7
E10009,George,Ropa,Online,Medium,7918,559.9,347.34,4433288.2,2750238.12
E10010,Katie,Snacks,Offline,Medium,3461,531.31,473.66,1838863.91,1639337.26
E10011,Jessica,Verduras,Offline,Medium,4967,744.36,114.36,3697236.12,568026.12
E10012,Tammy,Carnes,Online,Critical,1518,917.04,371.57,1392066.72,564043.26
E10013,John,Bebida,Online,Medium,2343,570.94,231.35,1337712.42,542053.05
E10014,Zachary,Domestico,Offline,High,5227,526.92,218.4,2754210.84,1141576.8
E10015,Daniel,Snacks,Online,Critical,8868,955.98,371.25,8477630.64,3292245
E10016,Sara,Material de oficina,Offline,High,1238,638.3,345.52,790215.4,427753.76
E10017,Bruce,Domestico,Offline,High,9397,907.5,315.56,8527777.5,2965317.32
E10018,Christina,Cosmeticos,Offline,Critical,3734,475.77,149.1,1776525.18,556739.4
E10019,Melanie,Frutas,Offline,Low,7149,415.67,52.33,2971624.83,374107.17
E10020,Adam,Cereales,Offline,Medium,6479,971.66,275.5,6295385.14,1784964.5
E10021,James,Carnes,Online,Low,9579,671.68,428.83,6434022.72,4107762.57
E10022,Chad,Material de oficina,Offline,Critical,4804,823.99,185.6,3958447.96,891622.4
E10023,Joshua,Carnes,Online,Medium,3207,565.59,16.71,1813847.13,53588.97
E10024,Rita,Cereales,Offline,High,7156,620.08,64.07,4437292.48,458484.92
E10025,Matthew,Domestico,Offline,Low,4973,542.14,386.53,2696062.22,1922213.69
E10026,Troy,Cereales,Online,Critical,3500,742.15,304.9,2597525,1067150
E10027,Jacqueline,Ropa,Offline,Critical,7104,820.38,136.97,5827979.52,973034.88
E10028,Margaret,Cuidado personal,Online,Medium,5833,838.62,4.1,4891670.46,23915.3
E10029,Gregory,Cosmeticos,Online,High,3294,909.54,248.14,2996024.76,817373.16
E10030,Alexis,Alimento infantil,Online,High,1476,716.23,131.83,1057155.48,194581.08
E10031,Patrick,Bebida,Offline,Critical,5117,602.11,150.16,3080996.87,768368.72
E10032,Taylor,Cuidado personal,Offline,High,5262,774.82,40.73,4077102.84,214321.26
E10033,Ashley,Domestico,Online,Low,9867,670.87,489.98,6619474.29,4834632.66
E10034,Kimberly,Verduras,Offline,Low,4686,887.02,470.48,4156575.72,2204669.28
E10035,Dustin,Frutas,Online,High,6208,996.32,467.37,6185154.56,2901432.96
E10036,Patricia,Domestico,Offline,High,6992,701.37,256.75,4903979.04,1795196
E10037,Melinda,Material de oficina,Online,Critical,9142,505.98,442.93,4625669.16,4049266.06
E10038,Pamela,Verduras,Online,High,2022,740.47,127.97,1497230.34,258755.34
E10039,Melissa,Cuidado personal,Offline,High,6131,728.3,160.35,4465207.3,983105.85
E10040,Kayla,Snacks,Offline,Medium,619,728.81,78.74,451133.39,48740.06
E10041,Veronica,Carnes,Online,Low,8997,499.11,458.78,4490492.67,4127643.66
E10042,Justin,Bebida,Offline,Medium,9662,583.69,411.59,5639612.78,3976782.58
E10043,Eric,Bebida,Online,Medium,5336,986.69,162.54,5264977.84,867313.44
E10044,Jeff,Snacks,Offline,Critical,1883,630.12,479.3,1186515.96,902521.9
E10045,George,Cereales,Online,High,4909,473.63,311.21,2325049.67,1527729.89
E10046,Donald,Verduras,Offline,Critical,6350,555.54,128.56,3527679,816356
E10047,Charles,Domestico,Offline,Low,3912,495.58,63.51,1938708.96,248451.12
E10048,Joshua,Ropa,Online,Critical,1866,859.45,255.25,1603733.7,476296.5
E10049,Katie,Carnes,Online,Medium,8850,423.44,499.05,3747444,4416592.5
E10050,Ryan,Cosmeticos,Online,Medium,7435,881.72,461.06,6555588.2,3427981.1
E10051,Robert,Material de oficina,Offline,Critical,9120,400.96,130.37,3656755.2,1188974.4
E10052,Justin,Domestico,Offline,High,9585,404.8,446.46,3880008,4279319.1
E10053,Matthew,Carnes,Offline,Low,7946,856.35,376.44,6804557.1,2991192.24
E10054,William,Bebida,Offline,High,6831,680.36,368.47,4647539.16,2517018.57
E10055,David,Ropa,Offline,High,3839,822.85,74.8,3158921.15,287157.2
E10056,Rebecca,Domestico,Offline,Critical,4029,763.83,440.61,3077471.07,1775217.69
E10057,Crystal,Alimento infantil,Offline,Critical,859,803.77,264.43,690438.43,227145.37
E10058,Amber,Cosmeticos,Online,High,2209,614.41,216.16,1357231.69,477497.44
E10059,Jared,Cosmeticos,Offline,Medium,3351,947.39,55.16,3174703.89,184841.16
E10060,Douglas,Snacks,Offline,High,228,897.78,106.33,204693.84,24243.24
E10061,Robert,Cereales,Online,Critical,4707,811.09,95.7,3817800.63,450459.9
E10062,Christina,Domestico,Offline,Medium,2650,773.03,326.56,2048529.5,865384
E10063,Julie,Alimento infantil,Online,Critical,3543,444.81,6.38,1575961.83,22604.34
E10064,Robert,Domestico,Online,Critical,4043,604.6,214.35,2444397.8,866617.05
E10065,Angela,Ropa,Online,Medium,3737,527.72,403.76,1972089.64,1508851.12
E10066,Maria,Domestico,Offline,High,8589,470.26,314.69,4039063.14,2702872.41
E10067,Evan,Carnes,Online,High,8704,432.87,114.41,3767700.48,995824.64
E10068,Alex,Cosmeticos,Online,Critical,4020,801.76,39.87,3223075.2,160277.4
E10069,Amber,Carnes,Offline,High,1798,609.82,335.88,1096456.36,603912.24
E10070,Michael,Frutas,Online,Critical,9438,522.08,350.07,4927391.04,3303960.66
E10071,Gina,Verduras,Online,Low,6433,698.82,246.83,4495509.06,1587857.39
E10072,David,Alimento infantil,Online,High,166,683.9,471.02,113527.4,78189.32
E10073,Patricia,Alimento infantil,Offline,Critical,2478,718.3,348.56,1779947.4,863731.68
E10074,Mark,Verduras,Offline,Medium,5414,430.81,434.34,2332405.34,2351516.76
E10075,George,Material de oficina,Offline,Critical,543,937.97,210.8,509317.71,114464.4
E10076,Angela,Material de oficina,Offline,Critical,2615,541.17,358.77,1415159.55,938183.55
E10077,Kim,Frutas,Online,High,8220,857.24,310.61,7046512.8,2553214.2
E10078,Andrea,Domestico,Offline,Critical,364,951.7,256.3,346418.8,93293.2
E10079,Paula,Snacks,Online,Medium,4335,729.65,371.49,3163032.75,1610409.15
E10080,Matthew,Bebida,Offline,Medium,194,507.86,63.23,98524.84,12266.62
E10081,Antonio,Verduras,Online,Medium,497,620.31,106.44,308294.07,52900.68
E10082,James,Cuidado personal,Offline,Low,5184,679.84,434.56,3524290.56,2252759.04
E10083,Jennifer,Frutas,Online,High,4116,694.91,363.31,2860249.56,1495383.96
E10084,Kevin,Cosmeticos,Offline,Medium,9050,421.25,88.78,3812312.5,803459
E10085,Jacob,Alimento infantil,Offline,Low,7235,468.8,462.22,3391768,3344161.7
E10086,Frank,Domestico,Offline,Low,6318,538.02,39.13,3399210.36,247223.34
E10087,Rebekah,Domestico,Offline,Low,7124,536.07,59.48,3818962.68,423735.52
E10088,Walter,Cereales,Online,High,8539,404.43,52.82,3453427.77,451029.98
E10089,Zachary,Alimento infantil,Online,High,5067,954.05,293.32,4834171.35,1486252.44
E10090,Gabriel,Material de oficina,Offline,Medium,7756,511.63,472.34,3968202.28,3663469.04
E10091,Angela,Ropa,Offline,Medium,757,969.69,275.09,734055.33,208243.13
E10092,Tami,Snacks,Offline,Medium,8286,744.65,331.66,6170169.9,2748134.76
E10093,Brandon,Verduras,Online,High,2603,883.91,25.37,2300817.73,66038.11
E10094,Brenda,Cosmeticos,Online,Critical,6468,562.69,241.55,3639478.92,1562345.4
E10095,Lindsay,Cereales,Online,Medium,801,857.33,285.42,686721.33,228621.42
E10096,Ryan,Ropa,Offline,Critical,2724,948.8,442.65,2584531.2,1205778.6
E10097,Pamela,Alimento infantil,Offline,High,7703,440.22,104.1,3391014.66,801882.3
E10098,Jacob,Alimento infantil,Online,Low,5252,953.45,300.94,5007519.4,1580536.88
E10099,Richard,Snacks,Online,High,7909,541.3,411.71,4281141.7,3256214.39
E10100,Misty,Cosmeticos,Offline,High,8394,952.86,94.93,7998306.84,796842.42
E10101,Donald,Frutas,Offline,High,6956,613.71,402.91,4268966.76,2802641.96
E10102,Craig,Snacks,Online,Low,7089,756.31,302.76,5361481.59,2146265.64
E10103,Kaitlin,Cosmeticos,Offline,Medium,3418,701.39,315.51,2397351.02,1078413.18
E10104,Hector,Ropa,Online,High,6871,765.5,304.08,5259750.5,2089333.68
E10105,Tami,Cereales,Online,Medium,8348,991.17,470.8,8274287.16,3930238.4
E10106,Christina,Alimento infantil,Offline,Critical,574,849.59,406.07,487664.66,233084.18
E10107,Sean,Alimento infantil,Online,Medium,5947,814.72,411.15,4845139.84,2445109.05
E10108,Lori,Cuidado personal,Offline,High,3461,494.57,11.48,1711706.77,39732.28
E10109,Pamela,Verduras,Online,Medium,8054,646.94,9.92,5210454.76,79895.68
E10110,Joseph,Ropa,Online,Medium,3270,658.98,379.31,2154864.6,1240343.7
E10111,Jessica,Bebida,Offline,Low,8782,452.06,451.85,3969990.92,3968146.7
E10112,Tyler,Carnes,Online,Low,1048,581.28,77.47,609181.44,81188.56
E10113,Jacob,Frutas,Online,Critical,9189,527.15,282.34,4843981.35,2594422.26
E10114,Desiree,Frutas,Offline,Medium,8715,755.21,328.91,6581655.15,2866450.65
E10115,Matthew,Snacks,Online,Medium,2512,899.38,332.28,2259242.56,834687.36
E10116,Joseph,Domestico,Online,Critical,3397,417.58,253.73,1418519.26,861920.81
E10117,Brenda,Bebida,Online,High,3211,523.6,60,1681279.6,192660
E10118,Nicholas,Frutas,Offline,Critical,807,976.94,60.48,788390.58,48807.36
E10119,Troy,Carnes,Offline,Critical,9344,965.29,118.87,9019669.76,1110721.28
E10120,Holly,Verduras,Online,Low,7643,814.16,382.45,6222624.88,2923065.35
E10121,Jonathan,Alimento infantil,Online,Medium,584,470.38,461.5,274701.92,269516
E10122,Troy,Domestico,Offline,Medium,1629,445.57,322.5,725833.53,525352.5
E10123,Richard,Domestico,Offline,Medium,9615,891.76,497.67,8574272.4,4785097.05
E10124,Julie,Verduras,Online,Low,8980,783.72,260.13,7037805.6,2335967.4
E10125,Nathan,Cuidado personal,Online,Low,2880,517.4,90.44,1490112,260467.2
E10126,Angela,Verduras,Online,Critical,4926,891.07,271.63,4389410.82,1338049.38
E10127,Jesse,Cosmeticos,Offline,Medium,7704,627.12,441.67,4831332.48,3402625.68
E10128,Austin,Ropa,Online,Critical,8291,697.19,185.26,5780402.29,1535990.66
E10129,Megan,Verduras,Online,Medium,925,524.09,359.2,484783.25,332260
E10130,Kenneth,Bebida,Online,Medium,7746,583.37,5.18,4518784.02,40124.28
E10131,Sonya,Material de oficina,Online,Critical,6029,928.12,489.36,5595635.48,2950351.44
E10132,Christina,Cosmeticos,Offline,Medium,1726,822.8,262.8,1420152.8,453592.8
E10133,Melinda,Cuidado personal,Offline,Critical,8679,596.89,386.99,5180408.31,3358686.21
E10134,Lisa,Material de oficina,Offline,High,6590,847.39,243.5,5584300.1,1604665
E10135,Susan,Snacks,Offline,Medium,2370,580.59,475.65,1375998.3,1127290.5
E10136,Matthew,Bebida,Online,Medium,1809,501.09,296.89,906471.81,537074.01
E10137,Nicole,Bebida,Offline,Low,152,708.51,250.62,107693.52,38094.24
E10138,Andre,Bebida,Online,Medium,9331,782.71,229.18,7303467.01,2138478.58
E10139,Willie,Bebida,Online,Critical,8406,527.31,278.68,4432567.86,2342584.08
E10140,Cory,Cuidado personal,Online,High,6883,927.93,284.86,6386942.19,1960691.38
E10141,Jennifer,Cereales,Online,Medium,3182,811.48,90.02,2582129.36,286443.64
E10142,Joseph,Cuidado personal,Online,Critical,6715,897.6,142.57,6027384,957357.55
E10143,George,Domestico,Offline,Low,7643,706.4,131.37,5399015.2,1004060.91
E10144,Mark,Cuidado personal,Offline,Low,8740,592.28,80.09,5176527.2,699986.6
E10145,Jose,Frutas,Online,Medium,2948,511.99,100.62,1509346.52,296627.76
E10146,Juan,Material de oficina,Online,Medium,8381,829.3,172.84,6950363.3,1448572.04
E10147,Larry,Domestico,Online,Medium,1214,667.67,287.86,810551.38,349462.04
E10148,Todd,Cereales,Offline,High,7040,766.79,361.44,5398201.6,2544537.6
E10149,Michelle,Ropa,Offline,Medium,9020,526.82,317.23,4751916.4,2861414.6
E10150,Kenneth,Cosmeticos,Offline,Medium,9504,553.14,191.41,5257042.56,1819160.64
E10151,Craig,Alimento infantil,Online,Critical,6444,908.46,257.62,5854116.24,1660103.28
E10152,Hannah,Cosmeticos,Offline,Critical,284,612.82,15.1,174040.88,4288.4
E10153,Robert,Snacks,Online,High,325,662.44,363.06,215293,117994.5
E10154,Cathy,Ropa,Offline,High,6299,588.86,390.52,3709229.14,2459885.48
E10155,Kaitlyn,Verduras,Offline,Low,6636,543.7,93.7,3607993.2,621793.2
E10156,Amanda,Carnes,Online,Low,8360,784.14,386.48,6555410.4,3230972.8
E10157,Sara,Ropa,Offline,Medium,8678,607.57,15.61,5272492.46,135463.58
E10158,Douglas,Cuidado personal,Offline,Medium,1137,471.45,73.47,536038.65,83535.39
E10159,Kenneth,Material de oficina,Online,Low,2715,763.85,21.17,2073852.75,57476.55
E10160,Stephen,Bebida,Online,Low,8068,400.07,242.8,3227764.76,1958910.4
E10161,Dawn,Carnes,Online,Low,9733,809.34,186.95,7877306.22,1819584.35
E10162,Donald,Frutas,Offline,Low,869,576.23,491.87,500743.87,427435.03
E10163,Michael,Domestico,Online,Medium,5204,971.81,398.24,5057299.24,2072440.96
E10164,Jacqueline,Material de oficina,Online,Medium,2777,572.77,464.35,1590582.29,1289499.95
E10165,Amber,Bebida,Offline,High,6153,486.06,463.34,2990727.18,2850931.02
E10166,James,Alimento infantil,Offline,Medium,2915,956.85,320.59,2789217.75,934519.85
E10167,Hunter,Alimento infantil,Online,Medium,9017,966.21,277.66,8712315.57,2503660.22
E10168,Kyle,Bebida,Online,Critical,4462,842.11,276.67,3757494.82,1234501.54
E10169,Willie,Cuidado personal,Offline,High,6283,445.7,46.23,2800333.1,290463.09
E10170,Christopher,Ropa,Offline,High,5384,568.25,232.35,3059458,1250972.4
E10171,Bruce,Cuidado personal,Offline,Low,8350,493.18,270.9,4118053,2262015
E10172,Michael,Snacks,Online,High,480,556.51,275.49,267124.8,132235.2
E10173,Kayla,Cereales,Online,Medium,7018,675.67,425.13,4741852.06,2983562.34
E10174,Rachel,Verduras,Online,High,9044,522.42,104.36,4724766.48,943831.84
E10175,Jennifer,Verduras,Online,Low,1330,929.23,201.43,1235875.9,267901.9
E10176,Sara,Cereales,Online,Low,7466,671.07,324.08,5010208.62,2419581.28
E10177,Kenneth,Verduras,Online,Critical,9877,600.08,303.79,5926990.16,3000533.83
E10178,Christina,Bebida,Offline,Critical,2298,464.12,54.77,1066547.76,125861.46
E10179,Adam,Verduras,Online,Low,2668,517.9,447.88,1381757.2,1194943.84
E10180,Christina,Cosmeticos,Online,Critical,4777,697.97,196.43,3334202.69,938346.11
E10181,Michelle,Cosmeticos,Offline,Medium,1752,412.54,382.55,722770.08,670227.6
E10182,Gail,Snacks,Online,Medium,7576,513.55,188.22,3890654.8,1425954.72
E10183,John,Alimento infantil,Offline,Medium,7355,561.34,338.89,4128655.7,2492535.95
E10184,Michelle,Material de oficina,Offline,Medium,237,468.9,360.49,111129.3,85436.13
E10185,Mary,Domestico,Online,Medium,3654,461.22,54.23,1685297.88,198156.42
E10186,Jennifer,Cuidado personal,Offline,Low,2120,409.89,27.98,868966.8,59317.6
E10187,Jonathan,Frutas,Offline,Low,776,607.4,123.99,471342.4,96216.24
E10188,Robert,Cosmeticos,Online,Medium,9235,627.87,136.32,5798379.45,1258915.2
E10189,Chris,Material de oficina,Offline,Critical,1120,762.52,425.3,854022.4,476336
E10190,Antonio,Cereales,Offline,Low,8802,637.72,443.89,5613211.44,3907119.78
E10191,George,Cosmeticos,Online,Low,3575,891.86,481.63,3188399.5,1721827.25
E10192,Kimberly,Verduras,Offline,High,4431,647.63,162.86,2869648.53,721632.66
E10193,Daniel,Carnes,Offline,High,9254,578.26,211.27,5351218.04,1955092.58
E10194,Thomas,Carnes,Offline,Medium,171,678.21,283.78,115973.91,48526.38
E10195,Joseph,Cosmeticos,Offline,Low,9046,491.52,442,4446289.92,3998332
E10196,Maria,Frutas,Offline,Low,5764,444.41,94.95,2561579.24,547291.8
E10197,Nicholas,Frutas,Online,Critical,4334,945.82,378,4099183.88,1638252
E10198,Eric,Carnes,Offline,High,4317,643.33,453.64,2777255.61,1958363.88
E10199,Lindsey,Verduras,Offline,Medium,8795,967.01,95.84,8504852.95,842912.8
E10200,Gabriel,Alimento infantil,Offline,Medium,7571,809.84,131.03,6131298.64,992028.13
E10201,Lisa,Cereales,Offline,High,9127,963.74,341.5,8796054.98,3116870.5
E10202,Christopher,Cereales,Online,Medium,9496,521.42,30.04,4951404.32,285259.84
E10203,Bruce,Domestico,Online,Critical,829,691.38,335.1,573154.02,277797.9
E10204,Mary,Cosmeticos,Offline,High,4551,705.29,36.77,3209774.79,167340.27
E10205,James,Material de oficina,Online,Low,8848,965.69,237.5,8544425.12,2101400
E10206,Amber,Cosmeticos,Online,Low,4141,688.16,490.25,2849670.56,2030125.25
E10207,Brady,Bebida,Offline,Low,3252,972.79,441.65,3163513.08,1436245.8
E10208,Amber,Frutas,Offline,Medium,4277,686.78,189.52,2937358.06,810577.04
E10209,Courtney,Cosmeticos,Online,Critical,6923,583.16,402.8,4037216.68,2788584.4
E10210,Thomas,Verduras,Offline,Low,5315,687.13,476.21,3652095.95,2531056.15
E10211,Chris,Alimento infantil,Offline,Medium,8934,912.45,146.4,8151828.3,1307937.6
E10212,Dean,Bebida,Online,Critical,6279,511.37,330.31,3210892.23,2074016.49
E10213,Gregory,Bebida,Offline,High,7601,756.92,195.1,5753348.92,1482955.1
E10214,Kathy,Ropa,Offline,High,2319,644.59,260.19,1494804.21,603380.61
E10215,Nicole,Carnes,Online,Low,6438,516.5,134.79,3325227,867778.02
E10216,Julie,Ropa,Offline,High,1081,934.5,293.07,1010194.5,316808.67
E10217,Tracey,Ropa,Offline,Low,3094,453.31,262.78,1402541.14,813041.32
E10218,Mary,Ropa,Offline,Low,1737,539.25,303.69,936677.25,527509.53
E10219,Nicholas,Ropa,Online,Medium,3647,532.14,463.02,1940714.58,1688633.94
E10220,Dustin,Bebida,Online,High,1250,692.42,175.84,865525,219800
E10221,James,Material de oficina,Offline,Critical,8363,864.15,62.32,7226886.45,521182.16
E10222,Michael,Material de oficina,Online,Medium,584,841.25,242.21,491290,141450.64
E10223,Steve,Material de oficina,Offline,Medium,7019,965.45,192.69,6776493.55,1352491.11
E10224,Christopher,Cosmeticos,Offline,Critical,7022,729.54,48.86,5122829.88,343094.92
E10225,Angela,Frutas,Online,High,6899,480.77,434.55,3316832.23,2997960.45
E10226,Richard,Cosmeticos,Online,Medium,4976,456.69,469.49,2272489.44,2336182.24
E10227,Daniel,Cuidado personal,Online,Critical,1019,670.87,84.21,683616.53,85809.99
E10228,Kevin,Cuidado personal,Online,Low,5345,502.44,107.82,2685541.8,576297.9
E10229,Christina,Alimento infantil,Offline,Critical,9569,969.05,320.59,9272839.45,3067725.71
E10230,Kevin,Cuidado personal,Offline,Critical,7907,799.11,447.27,6318562.77,3536563.89
E10231,Tiffany,Cereales,Online,Medium,5075,689.89,457.61,3501191.75,2322370.75
E10232,William,Cereales,Offline,Medium,3746,761.21,209.48,2851492.66,784712.08
E10233,Sara,Cosmeticos,Online,Medium,498,630.5,189.13,313989,94186.74
E10234,Andrew,Alimento infantil,Offline,Medium,8803,577.67,176.03,5085229.01,1549592.09
E10235,Madison,Snacks,Offline,High,8270,761.15,168.04,6294710.5,1389690.8
E10236,Duane,Material de oficina,Offline,Medium,9205,773.23,176.6,7117582.15,1625603
E10237,Johnathan,Bebida,Offline,Medium,241,913.41,89.7,220131.81,21617.7
E10238,Christina,Cuidado personal,Online,Medium,3567,610.75,380.47,2178545.25,1357136.49
E10239,Kelly,Ropa,Offline,Medium,7393,584.61,391.04,4322021.73,2890958.72
E10240,Amanda,Cereales,Offline,Medium,8685,675.34,489.59,5865327.9,4252089.15
E10241,Randy,Ropa,Online,Low,2934,653.06,12.42,1916078.04,36440.28
E10242,Vincent,Carnes,Online,High,5579,473.79,336.18,2643274.41,1875548.22
E10243,Antonio,Cosmeticos,Online,Critical,4051,649.07,145.06,2629382.57,587638.06
E10244,Tabitha,Verduras,Offline,Low,7289,424.93,218.02,3097314.77,1589147.78
E10245,Michael,Ropa,Online,High,1851,525.11,401.14,971978.61,742510.14
E10246,Brenda,Cosmeticos,Online,High,2176,569.61,136.39,1239471.36,296784.64
E10247,David,Cosmeticos,Offline,Medium,6952,968.18,257.56,6730787.36,1790557.12
E10248,Jacob,Cosmeticos,Offline,Low,8716,983.84,492.12,8575149.44,4289317.92
E10249,Logan,Frutas,Online,Low,8742,489.99,267.38,4283492.58,2337435.96
E10250,Dawn,Ropa,Online,Low,8234,417.52,351.75,3437859.68,2896309.5
E10251,Vincent,Snacks,Offline,Critical,478,650.82,339.77,311091.96,162410.06
E10252,Tiffany,Verduras,Offline,Medium,4807,927.52,360.23,4458588.64,1731625.61
E10253,Jennifer,Frutas,Offline,Critical,1415,903.57,34.09,1278551.55,48237.35
E10254,Curtis,Cereales,Online,Medium,5566,981.44,55.56,5462695.04,309246.96
E10255,Isaiah,Verduras,Online,Critical,5343,674.59,142.83,3604334.37,763140.69
E10256,Eric,Verduras,Offline,Critical,8072,587.72,220.38,4744075.84,1778907.36
E10257,Vicki,Material de oficina,Offline,Low,8955,641.98,158.79,5748930.9,1421964.45
E10258,Lisa,Carnes,Online,Critical,1712,583.8,201.93,999465.6,345704.16
E10259,Daniel,Verduras,Online,Medium,3949,450.69,476.29,1779774.81,1880869.21
E10260,James,Verduras,Online,High,7302,406.45,216.7,2967897.9,1582343.4
E10261,Maria,Domestico,Offline,Critical,3381,947.25,107.59,3202652.25,363761.79
E10262,Laura,Cosmeticos,Online,Low,1375,629.14,217.38,865067.5,298897.5
E10263,Darin,Snacks,Online,Critical,4748,802.78,349.35,3811599.44,1658713.8
E10264,Michael,Bebida,Online,Medium,2837,620.8,6.93,1761209.6,19660.41
E10265,Nicholas,Verduras,Offline,Medium,2056,501.66,19.11,1031412.96,39290.16
E10266,Melissa,Frutas,Online,Low,7931,927.32,254.1,7354574.92,2015267.1
E10267,Kayla,Cereales,Offline,Medium,5641,494.66,329.66,2790377.06,1859612.06
E10268,Tyrone,Verduras,Online,High,6452,602.07,471.6,3884555.64,3042763.2
E10269,Thomas,Ropa,Offline,Critical,2353,968.63,476.05,2279186.39,1120145.65
E10270,Eric,Cuidado personal,Online,Low,4525,716.17,324.52,3240669.25,1468453
E10271,Sydney,Ropa,Online,High,7972,427.54,24.59,3408348.88,196031.48
E10272,Leslie,Carnes,Online,High,9835,727.75,212.57,7157421.25,2090625.95
E10273,Diana,Bebida,Offline,Low,9967,600.66,483.11,5986778.22,4815157.37
E10274,Amanda,Snacks,Offline,Low,4614,930.12,350.23,4291573.68,1615961.22
E10275,Kristin,Domestico,Online,Critical,4229,653.71,381.92,2764539.59,1615139.68
E10276,Hannah,Verduras,Offline,High,4134,408.94,233.11,1690557.96,963676.74
E10277,Teresa,Ropa,Offline,Critical,3317,432.85,138.21,1435763.45,458442.57
E10278,Christina,Cosmeticos,Offline,Low,1922,821.37,219.36,1578673.14,421609.92
E10279,Richard,Material de oficina,Online,Critical,8239,861.39,475.12,7096992.21,3914513.68
E10280,Tyler,Material de oficina,Online,Medium,9023,571.08,108.3,5152854.84,977190.9
E10281,Morgan,Frutas,Online,Critical,2705,848.32,149.42,2294705.6,404181.1
E10282,Andre,Cereales,Offline,Critical,7465,689.1,4.24,5144131.5,31651.6
E10283,Thomas,Cuidado personal,Offline,Critical,3803,901.33,353.73,3427757.99,1345235.19
E10284,Alexis,Bebida,Offline,Medium,739,836.76,228.79,618365.64,169075.81
E10285,Amber,Domestico,Online,Medium,5864,856.08,160.92,5020053.12,943634.88
E10286,Jaime,Frutas,Online,High,7924,442.64,169.28,3507479.36,1341374.72
E10287,Joseph,Cereales,Online,Critical,6792,510.22,15.83,3465414.24,107517.36
E10288,Brian,Cuidado personal,Offline,Critical,7222,482.25,347.78,3482809.5,2511667.16
E10289,Duane,Domestico,Offline,Critical,2309,527.33,336.39,1217604.97,776724.51
E10290,James,Frutas,Offline,Medium,624,898.02,100.55,560364.48,62743.2
E10291,Michael,Bebida,Online,High,8748,789.34,98.15,6905146.32,858616.2
E10292,Gregory,Cereales,Online,High,5161,941.47,487.07,4858926.67,2513768.27
E10293,Pamela,Alimento infantil,Offline,Critical,329,923.09,387.77,303696.61,127576.33
E10294,Joseph,Carnes,Offline,High,7317,774.57,432.26,5667528.69,3162846.42
E10295,Andrew,Snacks,Online,Low,8633,974.82,499.6,8415621.06,4313046.8
E10296,Daniel,Frutas,Offline,Medium,4593,782.42,373.42,3593655.06,1715118.06
E10297,Scott,Verduras,Offline,Critical,6669,898.61,490.88,5992830.09,3273678.72
E10298,Michelle,Cuidado personal,Offline,Critical,4246,820.64,235.49,3484437.44,999890.54
E10299,Austin,Cuidado personal,Offline,High,322,891.67,67.91,287117.74,21867.02
E10300,Joseph,Frutas,Online,High,1983,815.84,342.46,1617810.72,679098.18
E10301,Jessica,Ropa,Offline,High,5540,483.44,350.12,2678257.6,1939664.8
E10302,Susan,Verduras,Offline,Low,7345,775.05,311.58,5692742.25,2288555.1
E10303,Thomas,Cuidado personal,Online,High,7456,987.95,211.76,7366155.2,1578882.56
E10304,Richard,Frutas,Offline,Low,4921,421.08,112.81,2072134.68,555138.01
E10305,Bianca,Cereales,Offline,Critical,6756,491.32,250.99,3319357.92,1695688.44
E10306,Chad,Cuidado personal,Online,High,6427,518,253.78,3329186,1631044.06
E10307,Antonio,Material de oficina,Offline,Critical,2375,872.85,117.96,2073018.75,280155
E10308,Jessica,Ropa,Offline,High,2014,545.27,129.41,1098173.78,260631.74
E10309,James,Carnes,Online,Low,9928,840.85,381.83,8347958.8,3790808.24
E10310,Jessica,Verduras,Offline,High,8059,489.91,196.22,3948184.69,1581336.98
E10311,Logan,Bebida,Online,Critical,8472,534.36,62.98,4527097.92,533566.56
E10312,Bruce,Cereales,Online,High,5287,724.02,339.58,3827893.74,1795359.46
E10313,Phillip,Frutas,Online,Medium,7103,804.77,62.05,5716281.31,440741.15
E10314,Veronica,Cuidado personal,Online,Medium,5718,440.5,372.91,2518779,2132299.38
E10315,Brenda,Domestico,Online,Low,2151,818.55,422.43,1760701.05,908646.93
E10316,Alan,Carnes,Offline,Critical,5278,973.43,483.64,5137763.54,2552651.92
E10317,Kimberly,Snacks,Online,Low,5729,775.26,76.93,4441464.54,440731.97
E10318,Autumn,Domestico,Online,Low,5026,994.14,104.58,4996547.64,525619.08
E10319,Anthony,Snacks,Online,Low,2552,748.96,85.44,1911345.92,218042.88
E10320,Heather,Ropa,Offline,Low,4410,857.1,460.03,3779811,2028732.3
E10321,Melinda,Ropa,Online,High,5573,681.29,23.95,3796829.17,133473.35
E10322,Andrea,Cosmeticos,Online,Medium,9311,876.4,351.65,8160160.4,3274213.15
E10323,Pamela,Material de oficina,Offline,High,7012,724.1,395.58,5077389.2,2773806.96
E10324,Nancy,Cuidado personal,Offline,Critical,6684,796.18,424.24,5321667.12,2835620.16
E10325,Zachary,Cosmeticos,Online,High,7545,760.37,313.85,5736991.65,2367998.25
E10326,Lisa,Carnes,Offline,Medium,2959,662.96,168.88,1961698.64,499715.92
E10327,Michael,Cosmeticos,Offline,Critical,3027,993.77,237.4,3008141.79,718609.8
E10328,Matthew,Alimento infantil,Online,High,9480,633.62,344.11,6006717.6,3262162.8
E10329,Brandi,Domestico,Online,Medium,998,662.13,141.38,660805.74,141097.24
E10330,Nicole,Material de oficina,Online,High,7689,719.54,71.38,5532543.06,548840.82
E10331,Alyssa,Carnes,Offline,Low,2754,493.67,16.96,1359567.18,46707.84
E10332,Edward,Domestico,Offline,Low,2316,634.51,419.68,1469525.16,971978.88
E10333,Bryan,Verduras,Online,Medium,6981,780.25,68.09,5446925.25,475336.29
E10334,Jessica,Ropa,Offline,Low,7836,827.85,375.1,6487032.6,2939283.6
E10335,Stacy,Material de oficina,Online,Medium,4545,509.22,44.76,2314404.9,203434.2
E10336,Michael,Domestico,Offline,High,815,755.3,259.72,615569.5,211671.8
E10337,Robert,Snacks,Online,Low,7201,629.53,196.89,4533245.53,1417804.89
E10338,Cameron,Cuidado personal,Offline,Medium,484,922.66,255.85,446567.44,123831.4
E10339,Joshua,Cuidado personal,Offline,Medium,1720,907.86,235.48,1561519.2,405025.6
E10340,Brandon,Domestico,Online,Critical,5251,644.45,200.24,3384006.95,1051460.24
E10341,George,Snacks,Offline,Medium,4356,462.33,371.81,2013909.48,1619604.36
E10342,Amy,Alimento infantil,Online,Low,1807,553.18,24.06,999596.26,43476.42
E10343,Jonathan,Cosmeticos,Online,High,3830,555.87,390.45,2128982.1,1495423.5
E10344,William,Domestico,Online,High,8566,704.88,273.31,6038002.08,2341173.46
E10345,Emily,Snacks,Offline,Low,2781,602.95,142.12,1676803.95,395235.72
E10346,Jill,Bebida,Online,Low,7280,562.18,219.77,4092670.4,1599925.6
E10347,Donna,Cosmeticos,Offline,Low,3923,414.16,358.62,1624749.68,1406866.26
E10348,Amanda,Domestico,Offline,High,9227,641.36,361.75,5917828.72,3337867.25
E10349,Jessica,Material de oficina,Online,Low,6770,891.22,54.93,6033559.4,371876.1
E10350,Dorothy,Ropa,Offline,Medium,8907,628.89,455.56,5601523.23,4057672.92
E10351,David,Ropa,Online,Critical,8711,438.69,410.99,3821428.59,3580133.89
E10352,Zachary,Cuidado personal,Online,Low,3682,804.89,344.64,2963604.98,1268964.48
E10353,Ryan,Cosmeticos,Offline,Low,3976,983.19,64.04,3909163.44,254623.04
E10354,Amanda,Carnes,Offline,Medium,2311,733.7,40.71,1695580.7,94080.81
E10355,Michelle,Carnes,Online,Medium,3424,578.96,178.55,1982359.04,611355.2
E10356,Stephanie,Cereales,Online,High,8888,739.05,450.91,6568676.4,4007688.08
E10357,Raymond,Alimento infantil,Online,Medium,8697,775.12,374.36,6741218.64,3255808.92
E10358,Jessica,Verduras,Online,Low,6494,751.98,52.52,4883358.12,341064.88
E10359,Zachary,Carnes,Online,Low,2358,821.12,97.59,1936200.96,230117.22
E10360,Lori,Domestico,Online,Critical,2641,484.59,55.89,1279802.19,147605.49
E10361,Jake,Cereales,Offline,Medium,5967,503.73,136.04,3005756.91,811750.68
E10362,Mark,Bebida,Offline,Medium,4243,753.51,85.6,3197142.93,363200.8
E10363,Melissa,Cosmeticos,Online,Low,7033,447.4,269.63,3146564.2,1896307.79
E10364,Jennifer,Ropa,Offline,High,8308,524.88,382.33,4360703.04,3176397.64
E10365,William,Bebida,Online,Medium,7002,854.76,233.98,5985029.52,1638327.96
E10366,Megan,Cereales,Online,High,3159,710.11,349.61,2243237.49,1104417.99
E10367,Larry,Frutas,Offline,Critical,9324,542.33,135.78,5056684.92,1266012.72
E10368,William,Cuidado personal,Offline,Medium,6854,787.48,397.9,5397387.92,2727206.6
E10369,Jeffrey,Frutas,Online,Medium,7157,750.42,132.31,5370755.94,946942.67
E10370,Amber,Alimento infantil,Offline,Low,1523,998.81,117.27,1521187.63,178602.21
E10371,Rachel,Carnes,Offline,Low,1089,938.16,223.9,1021656.24,243827.1
E10372,Michael,Bebida,Offline,Medium,3813,746.94,53.11,2848082.22,202508.43
E10373,Valerie,Ropa,Online,High,6004,729.28,399.13,4378597.12,2396376.52
E10374,Rebekah,Domestico,Online,High,6677,852.12,403.34,5689605.24,2693101.18
E10375,Margaret,Carnes,Online,Medium,6210,445.2,201.55,2764692,1251625.5
E10376,Andrew,Cuidado personal,Offline,Critical,8246,975.1,269.15,8040674.6,2219410.9
E10377,Kimberly,Domestico,Online,High,4502,662.37,99.27,2981989.74,446913.54
E10378,Jacob,Cuidado personal,Offline,Low,9187,645.72,495.41,5932229.64,4551331.67
E10379,Stephanie,Frutas,Offline,Critical,948,934.8,236.78,886190.4,224467.44
E10380,Kristin,Alimento infantil,Offline,Low,9267,412.67,116.21,3824212.89,1076918.07
E10381,Kimberly,Bebida,Offline,Medium,5214,602.23,233.85,3140027.22,1219293.9
E10382,Joseph,Alimento infantil,Offline,Low,3389,400.78,167.11,1358243.42,566335.79
E10383,Justin,Domestico,Offline,Low,8138,672.29,56.41,5471096.02,459064.58
E10384,Ricky,Cuidado personal,Offline,Low,1397,970.19,417.17,1355355.43,582786.49
E10385,Kimberly,Bebida,Online,Critical,5103,742.3,489.45,3787956.9,2497663.35
E10386,Eric,Cuidado personal,Online,Critical,9596,603.52,224.13,5791377.92,2150751.48
E10387,Robert,Domestico,Offline,High,2736,919.94,224.7,2516955.84,614779.2
E10388,Rachel,Alimento infantil,Offline,High,6824,569.44,470.11,3885858.56,3208030.64
E10389,Mary,Verduras,Offline,High,2486,907.3,372.29,2255547.8,925512.94
E10390,Veronica,Alimento infantil,Online,High,7981,502.31,298.14,4008936.11,2379455.34
E10391,Nicole,Verduras,Online,High,3898,457.99,101.84,1785245.02,396972.32
E10392,Jacob,Snacks,Online,Medium,6090,903.45,438.06,5502010.5,2667785.4
E10393,Robert,Cereales,Offline,Low,166,499.49,325.62,82915.34,54052.92
E10394,Tammy,Cereales,Online,Low,6633,734.51,300.44,4872004.83,1992818.52
E10395,Kaitlyn,Material de oficina,Offline,High,615,789.4,13.9,485481,8548.5
E10396,Jose,Alimento infantil,Offline,High,956,403.58,37.98,385822.48,36308.88
E10397,Allison,Snacks,Online,Critical,1364,822.99,124.64,1122558.36,170008.96
E10398,Michael,Frutas,Online,High,2535,568.3,212.55,1440640.5,538814.25
E10399,Michael,Bebida,Offline,Low,7111,970,256.87,6897670,1826602.57
E10400,Joseph,Verduras,Online,High,6859,557.96,342.17,3827047.64,2346944.03
E10401,Tammy,Bebida,Offline,High,4775,954.68,362.29,4558597,1729934.75
E10402,Christopher,Domestico,Online,Low,6495,876.92,166.45,5695595.4,1081092.75
E10403,Donald,Alimento infantil,Online,Medium,695,645.21,135.91,448420.95,94457.45
E10404,Brian,Alimento infantil,Online,Critical,9692,803.83,399.04,7790720.36,3867495.68
E10405,Valerie,Domestico,Offline,Low,7209,754.55,80.68,5439550.95,581622.12
E10406,Chris,Cereales,Offline,Critical,1336,986.39,110.49,1317817.04,147614.64
E10407,Todd,Verduras,Offline,High,4765,975.98,123.34,4650544.7,587715.1
E10408,Heather,Ropa,Online,Low,694,884.54,342.02,613870.76,237361.88
E10409,Andrea,Alimento infantil,Online,Low,9382,563.53,226.44,5287038.46,2124460.08
E10410,Eric,Cuidado personal,Offline,Medium,1469,434.87,332.28,638824.03,488119.32
E10411,Zachary,Domestico,Offline,Medium,204,843.85,469.88,172145.4,95855.52
E10412,Jessica,Cuidado personal,Offline,Low,869,859.25,136.28,746688.25,118427.32
E10413,Ricky,Ropa,Offline,High,9886,988.07,52.39,9768060.02,517927.54
E10414,Christine,Alimento infantil,Online,Critical,1842,468.68,416.22,863308.56,766677.24
E10415,Austin,Cereales,Online,Medium,7140,933.76,168.78,6667046.4,1205089.2
E10416,Edward,Domestico,Online,Medium,6526,790.36,480.44,5157889.36,3135351.44
E10417,Willie,Domestico,Offline,Medium,5926,539.35,267.15,3196188.1,1583130.9
E10418,Jose,Cereales,Offline,Low,9813,544.08,207.42,5339057.04,2035412.46
E10419,Chad,Cereales,Online,Medium,5393,462.16,109.07,2492428.88,588214.51
E10420,Andrew,Verduras,Online,Low,5161,693.52,135.74,3579256.72,700554.14
E10421,Edward,Alimento infantil,Offline,Low,5667,986.38,76.27,5589815.46,432222.09
E10422,Nicholas,Cosmeticos,Online,Medium,5195,840.95,184.57,4368735.25,958841.15
E10423,Amanda,Alimento infantil,Offline,Low,4173,689.18,376.27,2875948.14,1570174.71
E10424,Nicholas,Ropa,Offline,Low,734,798.17,460.32,585856.78,337874.88
E10425,Nicholas,Frutas,Offline,Critical,995,445.8,17.32,443571,17233.4
E10426,Stacy,Snacks,Offline,Critical,1674,545.5,121.91,913167,204077.34
E10427,Christine,Frutas,Offline,Medium,7875,646.14,445,5088352.5,3504375
E10428,Darryl,Verduras,Online,Medium,8602,495.08,229.37,4258678.16,1973040.74
E10429,William,Alimento infantil,Offline,Critical,4503,648.22,161.01,2918934.66,725028.03
E10430,Jake,Cereales,Offline,High,6655,836.89,170.31,5569502.95,1133413.05
E10431,David,Verduras,Offline,Low,2234,759.99,130.76,1697817.66,292117.84
E10432,Katie,Snacks,Offline,Low,8143,473.18,496.8,3853104.74,4045442.4
E10433,Kyle,Alimento infantil,Offline,Low,4984,595.46,143.71,2967772.64,716250.64
E10434,Gabriel,Bebida,Online,Medium,2660,615.71,421.6,1637788.6,1121456
E10435,Ashley,Domestico,Online,Medium,169,925.33,142.09,156380.77,24013.21
E10436,Emily,Material de oficina,Offline,Medium,5257,719.9,34.85,3784514.3,183206.45
E10437,Carla,Domestico,Offline,High,3063,715.31,2.88,2190994.53,8821.44
E10438,Alexis,Material de oficina,Online,Low,2238,450.12,475.43,1007368.56,1064012.34
E10439,Darin,Cosmeticos,Online,High,5668,658.55,342.86,3732661.4,1943330.48
E10440,Gail,Cuidado personal,Online,High,9109,588.58,288.83,5361375.22,2630952.47
E10441,Ricky,Verduras,Offline,Low,9448,709.7,295.73,6705245.6,2794057.04
E10442,Jennifer,Cereales,Online,Critical,8397,994.99,260.39,8354931.03,2186494.83
E10443,Logan,Bebida,Offline,Medium,7599,471.05,167.57,3579508.95,1273364.43
E10444,Brandi,Ropa,Online,Low,3335,569.44,204.29,1899082.4,681307.15
E10445,Judith,Cereales,Offline,Critical,1025,865.03,3.28,886655.75,3362
E10446,Zachary,Verduras,Offline,Medium,8276,828.02,339.77,6852693.52,2811936.52
E10447,Julie,Material de oficina,Offline,Low,3348,645.91,203.59,2162506.68,681619.32
E10448,Katherine,Bebida,Offline,Medium,2686,699.76,209.45,1879555.36,562582.7
E10449,Anthony,Material de oficina,Online,High,1885,882.74,330.1,1663964.9,622238.5
E10450,Tina,Bebida,Offline,Medium,6844,463.73,195.81,3173768.12,1340123.64
E10451,Chad,Cosmeticos,Online,Medium,6601,513.85,221.67,3391923.85,1463243.67
E10452,Nicole,Cuidado personal,Online,High,6219,810.09,103.11,5037949.71,641241.09
E10453,Amy,Ropa,Offline,Critical,6651,771.24,291.15,5129517.24,1936438.65
E10454,Gabriel,Cereales,Offline,Critical,9431,874.59,370.6,8248258.29,3495128.6
E10455,Kenneth,Material de oficina,Offline,Medium,1836,460.18,247.21,844890.48,453877.56
E10456,Vincent,Cuidado personal,Online,High,851,435.25,269.2,370397.75,229089.2
E10457,Eric,Cereales,Offline,Critical,7430,506.48,468.36,3763146.4,3479914.8
E10458,Kaitlyn,Cuidado personal,Online,Low,1068,761.76,194.92,813559.68,208174.56
E10459,Tami,Cosmeticos,Offline,Low,8819,460.5,357.64,4061149.5,3154027.16
E10460,William,Snacks,Online,Medium,6719,602.72,434.13,4049675.68,2916919.47
E10461,Cathy,Ropa,Online,Low,1176,862.65,352.34,1014476.4,414351.84
E10462,Raymond,Carnes,Online,Critical,2032,953.31,449.9,1937125.92,914196.8
E10463,Michelle,Bebida,Online,Medium,8204,803.79,291.2,6594293.16,2389004.8
E10464,Kathy,Frutas,Online,High,1627,604.22,299.05,983065.94,486554.35
E10465,Robert,Alimento infantil,Online,Critical,3596,472.35,357.57,1698570.6,1285821.72
E10466,Melanie,Frutas,Online,High,4242,458.97,283.94,1946950.74,1204473.48
E10467,Thomas,Frutas,Offline,Medium,115,620.22,368.25,71325.3,42348.75
E10468,Jane,Cereales,Offline,Critical,2505,448.65,467.94,1123868.25,1172189.7
E10469,John,Alimento infantil,Offline,Critical,5958,472.32,473.66,2814082.56,2822066.28
E10470,Diana,Verduras,Offline,Medium,649,965.82,314.83,626817.18,204324.67
E10471,Willie,Domestico,Online,Critical,467,456.16,406.77,213026.72,189961.59
E10472,Gregory,Carnes,Offline,Medium,6770,630,250.44,4265100,1695478.8
E10473,Jake,Ropa,Online,Low,4519,478.85,452.54,2163923.15,2045028.26
E10474,Ashley,Frutas,Online,Medium,2985,858.78,288.65,2563458.3,861620.25
E10475,Diana,Bebida,Offline,Critical,2519,622.05,494.01,1566943.95,1244411.19
E10476,Morgan,Cuidado personal,Online,High,7610,933.11,473.33,7100967.1,3602041.3
E10477,Nicholas,Cuidado personal,Offline,High,6989,779.67,350.08,5449113.63,2446709.12
E10478,Joseph,Verduras,Online,Medium,4314,754.64,260.65,3255516.96,1124444.1
E10479,George,Ropa,Online,Medium,4117,637.93,439.99,2626357.81,1811438.83
E10480,Laurie,Snacks,Online,Critical,5180,497.64,54.95,2577775.2,284641
E10481,Juan,Domestico,Online,Critical,9525,754.72,378.81,7188708,3608165.25
E10482,Kevin,Material de oficina,Online,Medium,5123,458.33,202.5,2348024.59,1037407.5
E10483,Jacob,Frutas,Offline,High,6881,562.14,66.02,3868085.34,454283.62
E10484,Cory,Domestico,Online,High,5644,428.81,3.73,2420203.64,21052.12
E10485,Pamela,Frutas,Offline,High,2396,468.1,371.88,1121567.6,891024.48
E10486,Melissa,Bebida,Offline,Low,7162,484.21,41.79,3467912.02,299299.98
E10487,Joseph,Ropa,Online,Low,5934,545.16,167.82,3234979.44,995843.88
E10488,Brenda,Snacks,Online,Low,1097,656.85,340.27,720564.45,373276.19
E10489,Pamela,Cosmeticos,Offline,High,5340,886.46,358.01,4733696.4,1911773.4
E10490,Edward,Ropa,Online,High,3253,639.07,353.72,2078894.71,1150651.16
E10491,Robert,Carnes,Offline,Low,4760,889.35,131.11,4233306,624083.6
E10492,William,Bebida,Offline,Critical,8277,636.73,198.23,5270214.21,1640749.71
E10493,Matthew,Material de oficina,Offline,Medium,8133,485.57,143.67,3949140.81,1168468.11
E10494,Donald,Carnes,Online,High,4415,456.95,126.87,2017434.25,560131.05
E10495,Alyssa,Alimento infantil,Offline,High,1403,736.03,161.39,1032650.09,226430.17
E10496,Jennifer,Material de oficina,Online,High,1438,507.86,345.86,730302.68,497346.68
E10497,Charles,Material de oficina,Offline,Critical,6837,716.68,97.44,4899941.16,666197.28
E10498,Erica,Domestico,Offline,Critical,343,779.11,362.1,267234.73,124200.3
E10499,Jacob,Material de oficina,Online,Low,2671,733.04,89.84,1957949.84,239962.64
E10500,Lori,Carnes,Online,Critical,8428,921.62,467.89,7767413.36,3943376.92
E10501,Katie,Snacks,Online,Critical,6227,707.04,457.71,4402738.08,2850160.17
E10502,Brandi,Cuidado personal,Offline,Low,9488,811.16,165.14,7696286.08,1566848.32
E10503,Lisa,Verduras,Offline,Critical,5873,675.47,183.37,3967035.31,1076932.01
E10504,Laura,Material de oficina,Online,Critical,3249,453.69,324.69,1474038.81,1054917.81
E10505,Monica,Frutas,Online,Medium,9101,445.95,233.56,4058590.95,2125629.56
E10506,Mitchell,Frutas,Offline,High,8906,768.8,261.67,6846932.8,2330433.02
E10507,Jessica,Alimento infantil,Online,High,8267,905.41,260.79,7485024.47,2155950.93
E10508,Kevin,Domestico,Offline,Critical,5725,718.54,330.63,4113641.5,1892856.75
E10509,Jessica,Cereales,Online,Medium,5984,584,250.92,3494656,1501505.28
E10510,Courtney,Domestico,Offline,Medium,9922,801.03,278.33,7947819.66,2761590.26
E10511,Eric,Ropa,Offline,Low,9290,665.73,418.67,6184631.7,3889444.3
E10512,Dean,Frutas,Online,Medium,8186,427.38,6.74,3498532.68,55173.64
E10513,Lisa,Frutas,Online,Low,5284,983.93,415.13,5199086.12,2193546.92
E10514,Cory,Domestico,Offline,Medium,9336,407.56,187.79,3804980.16,1753207.44
E10515,Jaime,Domestico,Online,Critical,3168,890.01,166.29,2819551.68,526806.72
E10516,Stephanie,Cuidado personal,Offline,Medium,1072,844.48,240.1,905282.56,257387.2
E10517,Logan,Cereales,Online,High,4365,553.05,91.31,2414063.25,398568.15
E10518,Bobby,Snacks,Offline,Low,1242,539.32,15.2,669835.44,18878.4
E10519,Nicole,Verduras,Offline,Critical,5740,401,267.06,2301740,1532924.4
E10520,Adam,Alimento infantil,Offline,High,5394,775.62,285.57,4183694.28,1540364.58
E10521,Jose,Material de oficina,Online,Medium,2781,418.35,75.46,1163431.35,209854.26
E10522,Brenda,Alimento infantil,Online,Low,8773,997.72,152.59,8752997.56,1338672.07
E10523,Kenneth,Carnes,Offline,Critical,2798,498.6,497.81,1395082.8,1392872.38
E10524,James,Domestico,Offline,Critical,3842,456.52,331.25,1753949.84,1272662.5
E10525,Jennifer,Frutas,Offline,Medium,914,468.13,432.93,427870.82,395698.02
E10526,Melanie,Domestico,Offline,High,1721,447.1,47.94,769459.1,82504.74
E10527,Laura,Carnes,Offline,Medium,6643,578.54,148.79,3843241.22,988411.97
E10528,Michael,Cereales,Offline,High,4585,706.19,88.61,3237881.15,406276.85
E10529,Nathan,Material de oficina,Offline,Critical,3884,586.32,354.21,2277266.88,1375751.64
E10530,Mitchell,Alimento infantil,Offline,Medium,435,930.69,97.07,404850.15,42225.45
E10531,Kimberly,Snacks,Offline,Critical,4132,455.32,252.15,1881382.24,1041883.8
E10532,Jacob,Frutas,Offline,Low,2293,842.93,257.36,1932838.49,590126.48
E10533,Marc,Frutas,Offline,Low,9981,842.04,394.68,8404401.24,3939301.08
E10534,Amanda,Frutas,Online,Medium,8210,412.52,123.71,3386789.2,1015659.1
E10535,Kimberly,Verduras,Offline,Critical,7603,855.39,360.53,6503530.17,2741109.59
E10536,Edward,Verduras,Offline,High,4675,585.17,433.14,2735669.75,2024929.5
E10537,Pamela,Cuidado personal,Online,Critical,4931,739.68,89.88,3647362.08,443198.28
E10538,Antonio,Cuidado personal,Online,Low,4806,718.98,137,3455417.88,658422
E10539,Kayla,Carnes,Offline,Critical,3823,752.63,79.3,2877304.49,303163.9
E10540,Bobby,Material de oficina,Offline,Critical,3833,487.86,276.53,1869967.38,1059939.49
E10541,Eric,Snacks,Online,High,2483,596.26,148.84,1480513.58,369569.72
E10542,Steve,Bebida,Online,High,9818,647.21,16.89,6354307.78,165826.02
E10543,David,Ropa,Online,Critical,5164,579.89,369.38,2994551.96,1907478.32
E10544,Leah,Carnes,Online,Low,5753,958.3,286.31,5513099.9,1647141.43
E10545,Joshua,Frutas,Offline,Low,7580,849.64,303.85,6440271.2,2303183
E10546,Laura,Cuidado personal,Offline,Medium,8706,855.68,210.22,7449550.08,1830175.32
E10547,Hector,Carnes,Offline,Medium,7121,956.94,246.36,6814369.74,1754329.56
E10548,Johnny,Cuidado personal,Online,High,8273,753.86,264.92,6236683.78,2191683.16
E10549,Richard,Carnes,Offline,Low,4726,651.46,444.89,3078799.96,2102550.14
E10550,Robert,Cuidado personal,Offline,Critical,981,831.34,117.62,815544.54,115385.22
E10551,Vincent,Frutas,Online,Medium,4932,764.83,233.24,3772141.56,1150339.68
E10552,Andrea,Carnes,Offline,Low,7840,547.8,420.94,4294752,3300169.6
E10553,Kayla,Material de oficina,Offline,High,7545,615.46,55.44,4643645.7,418294.8
E10554,Robert,Verduras,Online,High,2221,436.65,467.73,969799.65,1038828.33
E10555,Donald,Frutas,Online,Critical,4389,462.29,6.94,2028990.81,30459.66
E10556,Amanda,Verduras,Online,Medium,6544,618.05,69.43,4044519.2,454349.92
E10557,Nicole,Cuidado personal,Online,High,4588,799.31,412.37,3667234.28,1891953.56
E10558,Megan,Alimento infantil,Online,Critical,7977,518.67,159.51,4137430.59,1272411.27
E10559,Pamela,Verduras,Online,High,2563,426.23,285.6,1092427.49,731992.8
E10560,Kaitlyn,Snacks,Online,Low,8454,415.77,272.19,3514919.58,2301094.26
E10561,Todd,Verduras,Offline,Medium,3558,864.86,465.46,3077171.88,1656106.68
E10562,Amber,Cosmeticos,Offline,High,4946,914.5,165.65,4523117,819304.9
E10563,Jacqueline,Carnes,Online,Critical,1783,442.25,3.74,788531.75,6668.42
E10564,Whitney,Domestico,Online,High,9322,402.49,457.34,3752011.78,4263323.48
E10565,Sarah,Cuidado personal,Online,Low,266,821,75.92,218386,20194.72
E10566,David,Ropa,Online,Low,6818,463.65,248.51,3161165.7,1694341.18
E10567,Andrea,Frutas,Online,Low,7483,810.48,18.7,6064821.84,139932.1
E10568,Alexis,Verduras,Offline,Medium,1320,640.76,85.21,845803.2,112477.2
E10569,Steven,Ropa,Offline,Low,456,839.5,460.84,382812,210143.04
E10570,Raymond,Verduras,Offline,Critical,627,912.03,345.19,571842.81,216434.13
E10571,George,Cuidado personal,Offline,High,9872,586.17,119.17,5786670.24,1176446.24
E10572,Sarah,Snacks,Offline,High,9476,813.38,422.78,7707588.88,4006263.28
E10573,Hector,Alimento infantil,Online,High,7346,803.97,428.82,5905963.62,3150111.72
E10574,Kenneth,Cosmeticos,Online,Low,9259,481.16,232.51,4455060.44,2152810.09
E10575,Todd,Verduras,Online,Critical,4877,783.94,438.24,3823275.38,2137296.48
E10576,Barbara,Alimento infantil,Offline,Low,4877,418.54,9.41,2041219.58,45892.57
E10577,Darin,Cuidado personal,Online,Medium,2946,758.99,194.78,2235984.54,573821.88
E10578,Jeff,Ropa,Online,Medium,8420,692.76,155.09,5833039.2,1305857.8
E10579,Alexis,Cereales,Online,Critical,2804,718.03,308.42,2013356.12,864809.68
E10580,Timothy,Bebida,Online,Low,9585,860.26,205.09,8245592.1,1965787.65
E10581,Julie,Material de oficina,Online,High,9437,950.26,492.78,8967603.62,4650364.86
E10582,Maxwell,Cuidado personal,Offline,Medium,4157,930.33,75.06,3867381.81,312024.42
E10583,Alexis,Material de oficina,Offline,Low,1181,706.62,410.66,834518.22,484989.46
E10584,Ryan,Alimento infantil,Online,Medium,6313,720.2,280.62,4546622.6,1771554.06
E10585,Hector,Ropa,Offline,Medium,4354,743.88,425.65,3238853.52,1853280.1
E10586,Audrey,Alimento infantil,Offline,Medium,2248,762.02,163.98,1713020.96,368627.04
E10587,Mark,Alimento infantil,Online,High,2084,535.57,20.62,1116127.88,42972.08
E10588,Amber,Material de oficina,Online,Low,2208,568.19,314.02,1254563.52,693356.16
E10589,Kim,Frutas,Offline,Low,8337,937.17,95.24,7813186.29,794015.88
E10590,Wendy,Bebida,Online,High,2174,433.4,390.2,942211.6,848294.8
E10591,Jonathan,Alimento infantil,Online,Critical,7041,621.56,433.28,4376403.96,3050724.48
E10592,Jennifer,Ropa,Online,High,5924,485.17,4.67,2874147.08,27665.08
E10593,Cody,Material de oficina,Offline,Low,8389,953.42,344.72,7998240.38,2891856.08
E10594,Brittany,Material de oficina,Offline,Low,5812,698.58,365.39,4060146.96,2123646.68
E10595,Mary,Alimento infantil,Online,Critical,7797,676.26,67.56,5272799.22,526765.32
E10596,Kimberly,Ropa,Offline,High,924,449.68,64.84,415504.32,59912.16
E10597,Jeffrey,Cuidado personal,Online,Low,3048,533.24,441.96,1625315.52,1347094.08
E10598,Carla,Carnes,Offline,Medium,4756,741.85,134.42,3528238.6,639301.52
E10599,Edward,Cereales,Online,Critical,8549,911.22,393.37,7790019.78,3362920.13
E10600,Eric,Cuidado personal,Online,Critical,9801,789.43,296.64,7737203.43,2907368.64
E10601,Emily,Snacks,Offline,Critical,1270,641.84,110.75,815136.8,140652.5
E10602,Scott,Bebida,Online,Medium,128,415.34,314.4,53163.52,40243.2
E10603,Karla,Material de oficina,Offline,Low,5709,982.22,421.91,5607493.98,2408684.19
E10604,Melissa,Cuidado personal,Online,Low,6059,444.55,1.07,2693528.45,6483.13
E10605,Sara,Cuidado personal,Online,Critical,7793,404.56,186.13,3152736.08,1450511.09
E10606,Steven,Cereales,Offline,Low,9336,795.95,328.58,7430989.2,3067622.88
E10607,Madison,Cereales,Online,Critical,9487,563.23,243.46,5343363.01,2309705.02
E10608,Curtis,Carnes,Online,Medium,9404,805.54,140.42,7575298.16,1320509.68
E10609,Jared,Cosmeticos,Offline,Low,1551,576.43,289.8,894042.93,449479.8
E10610,Rebekah,Ropa,Offline,Critical,6025,465.6,204.37,2805240,1231329.25
E10611,Bryan,Alimento infantil,Offline,Critical,8763,840.63,1.91,7366440.69,16737.33
E10612,Isaiah,Carnes,Online,High,4376,494.38,376.85,2163406.88,1649095.6
E10613,Jessica,Cuidado personal,Offline,Critical,3845,516.04,191.67,1984173.8,736971.15
E10614,Walter,Bebida,Online,Critical,4433,935.67,488.51,4147825.11,2165564.83
E10615,Julie,Ropa,Online,Low,5846,417.12,187.94,2438483.52,1098697.24
E10616,Maria,Ropa,Offline,Low,6307,662.89,55.44,4180847.23,349660.08
E10617,Rachel,Material de oficina,Offline,High,5838,818.55,444.48,4778694.9,2594874.24
E10618,Whitney,Cereales,Online,High,2016,633.83,255.12,1277801.28,514321.92
E10619,Steven,Frutas,Offline,High,2514,992.2,91.65,2494390.8,230408.1
E10620,Alexis,Carnes,Offline,Medium,3752,715.69,144.45,2685268.88,541976.4
E10621,Hunter,Frutas,Offline,High,4799,625.16,112.95,3000142.84,542047.05
E10622,Alicia,Frutas,Online,High,3451,889.83,356.34,3070803.33,1229729.34
E10623,Zachary,Alimento infantil,Offline,High,4445,480.37,83.37,2135244.65,370579.65
E10624,Lori,Material de oficina,Offline,Critical,4609,817.84,366.9,3769424.56,1691042.1
E10625,Michael,Alimento infantil,Online,Medium,1015,875.47,186.98,888602.05,189784.7
E10626,Steven,Bebida,Online,Medium,7757,871.22,39.88,6758053.54,309349.16
E10627,Jose,Material de oficina,Offline,Medium,539,745,64.45,401555,34738.55
E10628,Richard,Cuidado personal,Online,Medium,8523,904.54,90.27,7709394.42,769371.21
E10629,Lindsey,Carnes,Online,Critical,429,707.64,439.15,303577.56,188395.35
E10630,Jessica,Ropa,Offline,Low,6889,549.86,79.88,3787985.54,550293.32
E10631,Vincent,Alimento infantil,Online,Medium,3646,831.05,485.84,3030008.3,1771372.64
E10632,Justin,Verduras,Online,Low,1265,849.66,405.92,1074819.9,513488.8
E10633,Melissa,Frutas,Offline,Critical,4021,430.55,109.43,1731241.55,440018.03
E10634,Jessica,Verduras,Online,Low,9781,881.7,289.25,8623907.7,2829154.25
E10635,Nicole,Ropa,Offline,Medium,5486,688.37,341.23,3776397.82,1871987.78
E10636,Raymond,Cereales,Offline,High,4891,866.63,463.25,4238687.33,2265755.75
E10637,Randall,Bebida,Online,High,4010,955.99,270.58,3833519.9,1085025.8
E10638,James,Cereales,Online,Critical,5386,815.61,463.3,4392875.46,2495333.8
E10639,Nicole,Frutas,Offline,High,7469,452.92,418.84,3382859.48,3128315.96
E10640,Sonia,Cosmeticos,Offline,Critical,8945,936.82,447.12,8379854.9,3999488.4
E10641,David,Cereales,Offline,High,4515,495.2,142.28,2235828,642394.2
E10642,Morgan,Cereales,Online,Medium,5443,649.5,94.12,3535228.5,512295.16
E10643,Kristin,Verduras,Online,High,436,632.58,117.49,275804.88,51225.64
E10644,Bryan,Ropa,Online,Low,7842,607.53,19.08,4764250.26,149625.36
E10645,Benjamin,Cereales,Online,Medium,3528,913.3,69.61,3222122.4,245584.08
E10646,Cindy,Bebida,Offline,Low,2123,815.08,356.9,1730414.84,757698.7
E10647,Robert,Material de oficina,Online,Medium,2656,460.4,391,1222822.4,1038496
E10648,David,Cuidado personal,Online,Medium,8669,656.6,404.3,5692065.4,3504876.7
E10649,Jacob,Ropa,Online,Critical,2779,636.63,43.32,1769194.77,120386.28
E10650,George,Verduras,Offline,Critical,1301,651.34,424.22,847393.34,551910.22
E10651,James,Cosmeticos,Offline,High,1750,456.98,27.15,799715,47512.5
E10652,Wayne,Domestico,Online,Critical,1269,674.57,380.34,856029.33,482651.46
E10653,Gregory,Alimento infantil,Online,Medium,3089,874.83,300.26,2702349.87,927503.14
E10654,Melanie,Frutas,Offline,Critical,6546,467.16,423.72,3058029.36,2773671.12
E10655,Isaiah,Alimento infantil,Online,Critical,5155,449.8,170.39,2318719,878360.45
E10656,Desiree,Cuidado personal,Online,Medium,2593,471.21,341.59,1221847.53,885742.87
E10657,Sarah,Alimento infantil,Offline,Medium,1650,423.35,481.99,698527.5,795283.5
E10658,Chad,Bebida,Offline,Critical,8470,696,1.03,5895120,8724.1
E10659,Michael,Cereales,Online,Medium,1389,462.64,305.73,642606.96,424658.97
E10660,William,Alimento infantil,Online,Critical,5332,812.57,251.7,4332623.24,1342064.4
E10661,Miguel,Bebida,Online,Critical,4294,410.6,149.29,1763116.4,641051.26
E10662,Miguel,Domestico,Online,High,4402,602.22,331.51,2650972.44,1459307.02
E10663,David,Bebida,Offline,High,8222,715.35,90.37,5881607.7,743022.14
E10664,Courtney,Domestico,Online,Medium,9170,739.46,431.52,6780848.2,3957038.4
E10665,George,Bebida,Online,Low,8377,858.36,463.41,7190481.72,3881985.57
E10666,Nicholas,Cuidado personal,Online,Medium,9662,741.24,270.56,7161860.88,2614150.72
E10667,Connor,Alimento infantil,Offline,High,3662,693.83,399.41,2540805.46,1462639.42
E10668,Daniel,Cosmeticos,Offline,High,7708,753.22,466.18,5805819.76,3593315.44
E10669,Danielle,Verduras,Offline,Low,7566,511.27,432.61,3868268.82,3273127.26
E10670,Stephanie,Cosmeticos,Online,High,949,967.97,318.33,918603.53,302095.17
E10671,Eric,Cosmeticos,Online,High,8088,645.16,420.49,5218054.08,3400923.12
E10672,Pamela,Snacks,Online,Critical,1054,616.56,356.14,649854.24,375371.56
E10673,Michael,Cosmeticos,Online,Medium,6160,921.97,309.9,5679335.2,1908984
E10674,Brenda,Snacks,Online,Low,563,482.21,153.03,271484.23,86155.89
E10675,Ricky,Cosmeticos,Offline,Medium,7373,675.8,353.48,4982673.4,2606208.04
E10676,Joseph,Bebida,Online,Medium,511,446.83,312.79,228330.13,159835.69
E10677,Rebecca,Ropa,Online,High,6178,416.94,285.94,2575855.32,1766537.32
E10678,David,Cereales,Offline,Low,427,826.71,472,353005.17,201544
E10679,Douglas,Cuidado personal,Offline,Critical,6689,907.18,394.3,6068127.02,2637472.7
E10680,Alisha,Alimento infantil,Offline,Critical,2232,925.4,434.54,2065492.8,969893.28
E10681,Rachel,Snacks,Online,Medium,6405,512.33,243.27,3281473.65,1558144.35
E10682,Bryan,Domestico,Online,Critical,3660,922.18,121.54,3375178.8,444836.4
E10683,Tina,Frutas,Offline,Low,3139,763.83,332.62,2397662.37,1044094.18
E10684,Brett,Frutas,Online,Medium,7370,776.22,297.7,5720741.4,2194049
E10685,Justin,Ropa,Offline,High,6730,786.72,328.08,5294625.6,2207978.4
E10686,Eric,Domestico,Offline,Low,3037,720.77,425.95,2188978.49,1293610.15
E10687,Mark,Alimento infantil,Offline,Low,4283,903.45,375.89,3869476.35,1609936.87
E10688,Ethan,Alimento infantil,Offline,Critical,3412,650.26,54.9,2218687.12,187318.8
E10689,Courtney,Bebida,Offline,High,2229,701.88,138.9,1564490.52,309608.1
E10690,Crystal,Snacks,Offline,Critical,7102,802.7,460.82,5700775.4,3272743.64
E10691,Lisa,Bebida,Online,Low,5583,800.84,366.08,4471089.72,2043824.64
E10692,Brenda,Cosmeticos,Online,Critical,7522,780.79,407.12,5873102.38,3062356.64
E10693,Lisa,Cosmeticos,Online,Medium,2605,843.52,345.74,2197369.6,900652.7
E10694,Robert,Bebida,Offline,Low,154,514.52,499.75,79236.08,76961.5
E10695,Whitney,Material de oficina,Offline,Critical,8226,406.02,40.1,3339920.52,329862.6
E10696,Charles,Material de oficina,Offline,Critical,8706,551.47,146.9,4801097.82,1278911.4
E10697,Lindsay,Domestico,Offline,High,961,567.88,471.84,545732.68,453438.24
E10698,Johnathan,Frutas,Online,Medium,4283,486.89,1.61,2085349.87,6895.63
E10699,Phillip,Frutas,Offline,High,8145,755.01,462.53,6149556.45,3767306.85
E10700,Dawn,Verduras,Offline,High,756,923.66,151.52,698286.96,114549.12
E10701,Barbara,Material de oficina,Offline,High,7985,903.71,489.06,7216124.35,3905144.1
E10702,Timothy,Cuidado personal,Online,Low,8511,723.57,407,6158304.27,3463977
E10703,Donald,Alimento infantil,Online,Critical,4058,529.92,261.39,2150415.36,1060720.62
E10704,Joshua,Carnes,Online,Low,7324,894.89,407.75,6554174.36,2986361
E10705,Thomas,Carnes,Offline,Medium,10000,474.2,203.81,4742000,2038100
E10706,Andre,Frutas,Offline,Low,8572,813.27,332.6,6971350.44,2851047.2
E10707,Melanie,Cereales,Offline,Critical,8271,438.66,190.84,3628156.86,1578437.64
E10708,Tyler,Bebida,Online,Low,8204,544.02,73.68,4463140.08,604470.72
E10709,Monica,Domestico,Offline,Low,5487,939.71,313.17,5156188.77,1718363.79
E10710,Kevin,Cuidado personal,Offline,Low,2771,725.94,315.25,2011579.74,873557.75
E10711,Andrea,Domestico,Online,Medium,3226,895.01,308.46,2887302.26,995091.96
E10712,Eric,Verduras,Online,Critical,9748,405.75,95.02,3955251,926254.96
E10713,Angela,Cuidado personal,Online,Medium,7221,408.2,89.04,2947612.2,642957.84
E10714,Alisha,Snacks,Offline,Critical,3297,404.41,247.9,1333339.77,817326.3
E10715,Rita,Ropa,Online,Low,6470,548.12,217.27,3546336.4,1405736.9
E10716,Steven,Cosmeticos,Offline,High,9368,958.45,184.67,8978759.6,1729988.56
E10717,Joshua,Domestico,Online,High,1883,924.12,324.41,1740117.96,610864.03
E10718,Todd,Domestico,Online,Critical,8606,606.47,334.49,5219280.82,2878620.94
E10719,Samuel,Cuidado personal,Offline,Critical,5024,585.26,486.65,2940346.24,2444929.6
E10720,Andrea,Frutas,Offline,Critical,6030,840.48,305.34,5068094.4,1841200.2
E10721,Melissa,Alimento infantil,Offline,Medium,4640,935.17,66.28,4339188.8,307539.2
E10722,Eric,Verduras,Online,Medium,4486,739.78,493.1,3318653.08,2212046.6
E10723,Jacob,Verduras,Offline,Critical,1863,898.85,365.07,1674557.55,680125.41
E10724,Theresa,Cosmeticos,Offline,Low,9704,463.52,64.01,4497998.08,621153.04
E10725,George,Snacks,Offline,High,9034,582.12,371.89,5258872.08,3359654.26
E10726,Dylan,Carnes,Offline,High,3778,924.51,319.19,3492798.78,1205899.82
E10727,Karla,Snacks,Offline,Critical,8405,659.16,189.99,5540239.8,1596865.95
E10728,Robert,Ropa,Offline,Low,6036,840.73,206.6,5074646.28,1247037.6
E10729,James,Bebida,Offline,High,7511,488.69,365.51,3670550.59,2745345.61
E10730,Brady,Alimento infantil,Online,Low,9417,610.82,309.81,5752091.94,2917480.77
E10731,Kyle,Material de oficina,Offline,Medium,2616,728.41,48.2,1905520.56,126091.2
E10732,Mandy,Bebida,Offline,Low,8739,422.33,381.19,3690741.87,3331219.41
E10733,Christopher,Cuidado personal,Online,Critical,2812,842.86,222.89,2370122.32,626766.68
E10734,Cindy,Alimento infantil,Offline,Medium,6649,879.72,420.46,5849258.28,2795638.54
E10735,Todd,Carnes,Offline,Medium,2505,427.82,446.88,1071689.1,1119434.4
E10736,Jill,Cuidado personal,Offline,Critical,392,594.62,72.03,233091.04,28235.76
E10737,William,Cereales,Online,Low,1748,433.73,408.96,758160.04,714862.08
E10738,Kaitlyn,Domestico,Online,Medium,6971,808.64,476.78,5637029.44,3323633.38
E10739,Jennifer,Carnes,Offline,Medium,5865,676.11,308.61,3965385.15,1809997.65
E10740,Thomas,Bebida,Offline,Medium,1814,760.52,402.15,1379583.28,729500.1
E10741,Amanda,Domestico,Online,High,5272,404.16,352.85,2130731.52,1860225.2
E10742,Thomas,Cosmeticos,Online,Medium,9984,634.16,49.36,6331453.44,492810.24
E10743,Edward,Cereales,Offline,High,9558,636.56,11.85,6084240.48,113262.3
E10744,Jennifer,Cereales,Offline,Medium,5238,914.39,488.64,4789574.82,2559496.32
E10745,Lisa,Verduras,Offline,Low,2818,865.87,225.82,2440021.66,636360.76
E10746,Matthew,Alimento infantil,Online,Critical,7991,856.86,161.27,6847168.26,1288708.57
E10747,Michael,Verduras,Online,Low,4754,945.33,101.87,4494098.82,484289.98
E10748,Adam,Frutas,Online,Low,7412,709.29,324.66,5257257.48,2406379.92
E10749,Billy,Material de oficina,Offline,Medium,9002,515.55,83.37,4640981.1,750496.74
E10750,Lisa,Carnes,Online,Critical,8195,712.49,386.38,5838855.55,3166384.1
E10751,Dustin,Cuidado personal,Online,Medium,1719,927.65,292.07,1594630.35,502068.33
E10752,Taylor,Frutas,Online,Low,6016,717.85,403.11,4318585.6,2425109.76
E10753,Jake,Bebida,Offline,High,5531,723.93,229.63,4004056.83,1270083.53
E10754,Emily,Verduras,Online,Critical,3768,627.86,99.62,2365776.48,375368.16
E10755,Tammy,Material de oficina,Offline,Low,3263,644.73,198.62,2103753.99,648097.06
E10756,Thomas,Ropa,Online,Medium,3455,944.72,213.24,3264007.6,736744.2
E10757,Mark,Alimento infantil,Online,Low,1257,648.38,274.5,815013.66,345046.5
E10758,Lindsey,Material de oficina,Online,High,7406,647.4,236.83,4794644.4,1753962.98
E10759,George,Material de oficina,Offline,High,9506,516.12,276,4906236.72,2623656
E10760,Jacob,Alimento infantil,Offline,Low,3830,971.2,219.02,3719696,838846.6
E10761,Patricia,Domestico,Offline,Critical,1267,802.39,58.8,1016628.13,74499.6
E10762,Kimberly,Snacks,Offline,High,3592,684.53,92.28,2458831.76,331469.76
E10763,Mary,Cereales,Offline,Low,4994,439.82,465.81,2196461.08,2326255.14
E10764,William,Carnes,Offline,Critical,8211,949.39,31.31,7795441.29,257086.41
E10765,Craig,Domestico,Online,High,5498,674.16,336.43,3706531.68,1849692.14
E10766,Kayla,Domestico,Online,Low,6373,510.94,444.82,3256220.62,2834837.86
E10767,Joseph,Domestico,Offline,Critical,1141,646.22,409.8,737337.02,467581.8
E10768,Thomas,Bebida,Offline,Critical,7030,952.84,71.35,6698465.2,501590.5
E10769,Jesse,Bebida,Offline,Low,1652,741.76,351.11,1225387.52,580033.72
E10770,Rebecca,Cuidado personal,Offline,Critical,7715,579.19,145.17,4468450.85,1119986.55
E10771,Adam,Domestico,Online,Critical,6317,803.31,134.78,5074509.27,851405.26
E10772,Kristin,Frutas,Offline,Critical,6010,507.77,71.62,3051697.7,430436.2
E10773,Brandi,Cereales,Offline,High,928,630.45,375.38,585057.6,348352.64
E10774,Michael,Bebida,Online,Low,2434,459.46,214.85,1118325.64,522944.9
E10775,Paula,Cuidado personal,Online,Critical,1944,911.91,195.7,1772753.04,380440.8
E10776,Kristin,Frutas,Online,Critical,434,823.68,490.49,357477.12,212872.66
E10777,James,Cuidado personal,Online,Medium,434,778.88,328.63,338033.92,142625.42
E10778,Robert,Bebida,Offline,Critical,810,676.82,160.53,548224.2,130029.3
E10779,Vincent,Bebida,Offline,Critical,2910,723.38,31.31,2105035.8,91112.1
E10780,Laura,Frutas,Offline,Low,8270,836.61,160.31,6918764.7,1325763.7
E10781,Phillip,Ropa,Online,Critical,8756,802.3,216.46,7024938.8,1895323.76
E10782,Adam,Domestico,Offline,Critical,7049,558.6,326.59,3937571.4,2302132.91
E10783,Cody,Alimento infantil,Online,High,5141,813.4,83.82,4181689.4,430918.62
E10784,Sean,Alimento infantil,Online,High,9325,554.44,398.85,5170153,3719276.25
E10785,Edward,Verduras,Online,Low,5945,898.62,131.69,5342295.9,782897.05
E10786,Jessica,Domestico,Online,Low,8649,876.16,58.4,7577907.84,505101.6
E10787,Justin,Snacks,Offline,High,7703,850.59,378.44,6552094.77,2915123.32
E10788,Jacqueline,Cereales,Online,Critical,1024,682.92,204.33,699310.08,209233.92
E10789,Tabitha,Carnes,Offline,Medium,181,616.61,145.92,111606.41,26411.52
E10790,Jessica,Ropa,Offline,Low,5851,874.76,414.49,5118220.76,2425180.99
E10791,Timothy,Cosmeticos,Online,Low,2076,881.98,374.47,1830990.48,777399.72
E10792,Justin,Cosmeticos,Offline,Low,2151,683.01,272.17,1469154.51,585437.67
E10793,Julian,Cosmeticos,Offline,Low,5434,958.28,353.53,5207293.52,1921082.02
E10794,Patricia,Cuidado personal,Online,Critical,3824,424.52,275.1,1623364.48,1051982.4
E10795,Michael,Snacks,Offline,Critical,8500,657.54,142.32,5589090,1209720
E10796,Stephanie,Material de oficina,Online,Medium,975,559.04,237.41,545064,231474.75
E10797,Willie,Snacks,Online,Low,7010,904.71,18.76,6342017.1,131507.6
E10798,Frank,Material de oficina,Offline,High,3266,720.03,332.21,2351617.98,1084997.86
E10799,Kaitlyn,Bebida,Online,Low,1665,725.54,217.82,1208024.1,362670.3
E10800,Deborah,Snacks,Offline,High,145,970.53,306.67,140726.85,44467.15
E10801,Michael,Verduras,Online,Critical,5521,920.48,231.06,5081970.08,1275682.26
E10802,Kyle,Cosmeticos,Offline,Critical,3635,924,48.95,3358740,177933.25
E10803,Sonya,Snacks,Offline,Medium,8225,986.85,242.39,8116841.25,1993657.75
E10804,Timothy,Material de oficina,Online,Low,6376,719.18,291.24,4585491.68,1856946.24
E10805,Brian,Bebida,Online,Low,9898,891.87,85.96,8827729.26,850832.08
E10806,Gregory,Material de oficina,Offline,Medium,3511,630.89,282.13,2215054.79,990558.43
E10807,Angela,Cuidado personal,Offline,Low,2895,709.44,48.52,2053828.8,140465.4
E10808,Joshua,Alimento infantil,Online,Critical,9214,754.44,411.97,6951410.16,3795891.58
E10809,Raymond,Verduras,Online,Low,7762,620.43,112.19,4815777.66,870818.78
E10810,Kayla,Bebida,Offline,Low,9529,414.96,477.28,3954153.84,4548001.12
E10811,Michael,Ropa,Online,High,2848,535.21,180.31,1524278.08,513522.88
E10812,Andrew,Carnes,Online,Medium,8258,743.81,96.77,6142382.98,799126.66
E10813,Kelly,Domestico,Online,Medium,4801,951.17,149.58,4566567.17,718133.58
E10814,Jacob,Carnes,Offline,Low,6404,520.34,104.98,3332257.36,672291.92
E10815,Zachary,Verduras,Online,Critical,3168,676.32,306.12,2142581.76,969788.16
E10816,Joshua,Carnes,Online,High,3032,662.5,70.02,2008700,212300.64
E10817,Daniel,Material de oficina,Online,High,6575,566.75,301.08,3726381.25,1979601
E10818,Karla,Carnes,Offline,Critical,8547,828.46,253.04,7080847.62,2162732.88
E10819,Todd,Material de oficina,Online,Medium,7894,578.98,326.25,4570468.12,2575417.5
E10820,Rachel,Cereales,Offline,Critical,5297,500.78,105.47,2652631.66,558674.59
E10821,David,Material de oficina,Online,High,3285,460.64,26.14,1513202.4,85869.9
E10822,Audrey,Carnes,Offline,Medium,1555,565.61,356.38,879523.55,554170.9
E10823,Stacy,Verduras,Offline,Low,1356,773.43,454.9,1048771.08,616844.4
E10824,Michael,Cuidado personal,Offline,High,5800,793.12,471.31,4600096,2733598
E10825,Melinda,Verduras,Offline,Low,2779,722.24,252.19,2007104.96,700836.01
E10826,Lisa,Ropa,Online,Medium,4362,585.48,344.11,2553863.76,1501007.82
E10827,Taylor,Frutas,Offline,High,3481,730.71,22.6,2543601.51,78670.6
E10828,Jacqueline,Carnes,Online,Medium,8931,931.53,182.25,8319494.43,1627674.75
E10829,Willie,Ropa,Online,Critical,8160,504.49,130.13,4116638.4,1061860.8
E10830,Nicole,Cosmeticos,Online,Critical,2295,797.59,307.57,1830469.05,705873.15
E10831,Melissa,Alimento infantil,Online,Low,530,956.36,5.87,506870.8,3111.1
E10832,Nicholas,Cuidado personal,Offline,Medium,7382,960.43,95.37,7089894.26,704021.34
E10833,Joshua,Cuidado personal,Online,Critical,5427,586.09,128.47,3180710.43,697206.69
E10834,Edward,Domestico,Online,Low,7408,575.48,171.01,4263155.84,1266842.08
E10835,Courtney,Cereales,Online,Low,9972,505.96,404.02,5045433.12,4028887.44
E10836,Nicholas,Ropa,Online,Medium,3259,684.38,219.12,2230394.42,714112.08
E10837,Nicholas,Bebida,Online,Low,1689,662.04,367.38,1118185.56,620504.82
E10838,Brian,Carnes,Offline,Low,5186,835.87,407.32,4334821.82,2112361.52
E10839,Lindsay,Cereales,Offline,High,5011,876.46,40.41,4391941.06,202494.51
E10840,Mason,Ropa,Offline,Medium,4213,903.57,407.87,3806740.41,1718356.31
E10841,Margaret,Verduras,Online,Critical,4485,955.27,373.7,4284385.95,1676044.5
E10842,Judith,Bebida,Online,High,1984,510.79,349.75,1013407.36,693904
E10843,Laura,Cuidado personal,Offline,Critical,9827,645.92,388.35,6347455.84,3816315.45
E10844,Alisha,Material de oficina,Online,Low,9348,497.37,385.5,4649414.76,3603654
E10845,Joshua,Domestico,Online,Low,6253,948.49,471.61,5930907.97,2948977.33
E10846,Megan,Domestico,Offline,Medium,4526,539.33,126.3,2441007.58,571633.8
E10847,Kenneth,Cosmeticos,Online,Low,5270,700.43,437.93,3691266.1,2307891.1
E10848,John,Snacks,Online,Medium,9515,741.71,376.42,7057370.65,3581636.3
E10849,Danielle,Cosmeticos,Offline,Low,6397,544.9,498.3,3485725.3,3187625.1
E10850,Jessica,Verduras,Online,Low,2980,590.79,318.59,1760554.2,949398.2
E10851,Amanda,Alimento infantil,Offline,High,4404,577.73,151.09,2544322.92,665400.36
E10852,Vicki,Snacks,Offline,Medium,3417,637.66,435.35,2178884.22,1487590.95
E10853,Alyssa,Verduras,Online,Medium,9158,699.51,490.94,6406112.58,4496028.52
E10854,Steven,Cosmeticos,Online,Medium,4653,881.29,282.09,4100642.37,1312564.77
E10855,Jared,Snacks,Online,High,203,549.15,444,111477.45,90132
E10856,Jacob,Snacks,Offline,High,9515,855.99,70.92,8144744.85,674803.8
E10857,Troy,Frutas,Offline,Medium,2411,900.22,343.46,2170430.42,828082.06
E10858,John,Bebida,Offline,Low,8179,984.94,296.89,8055824.26,2428263.31
E10859,Kaitlyn,Cosmeticos,Offline,Low,7419,964.05,140.73,7152286.95,1044075.87
E10860,George,Cereales,Online,Critical,1319,425.16,183.27,560786.04,241733.13
E10861,William,Alimento infantil,Online,High,5912,948.31,470.37,5606408.72,2780827.44
E10862,Rebecca,Frutas,Offline,Medium,7480,592.81,44.34,4434218.8,331663.2
E10863,Kristen,Verduras,Offline,High,3844,974.03,377.46,3744171.32,1450956.24
E10864,Brandi,Ropa,Offline,Critical,6883,631.83,106.17,4348885.89,730768.11
E10865,Joshua,Bebida,Offline,Critical,8749,650.74,417.52,5693324.26,3652882.48
E10866,Rebekah,Material de oficina,Offline,High,5529,691.82,403.29,3825072.78,2229790.41
E10867,John,Cuidado personal,Offline,Critical,190,880.5,444.5,167295,84455
E10868,Alyssa,Ropa,Online,Low,7385,798.51,285.59,5896996.35,2109082.15
E10869,Sydney,Ropa,Online,Medium,1063,434.29,143.16,461650.27,152179.08
E10870,Alan,Frutas,Online,Low,5350,940.67,445.62,5032584.5,2384067
E10871,Alyssa,Verduras,Offline,Critical,1899,739.2,147.67,1403740.8,280425.33
E10872,Daniel,Bebida,Online,High,8974,401.79,135.67,3605663.46,1217502.58
E10873,Michael,Domestico,Offline,Low,2656,771.61,66.56,2049396.16,176783.36
E10874,Justin,Verduras,Offline,Low,5827,816.35,419.99,4756871.45,2447281.73
E10875,Michelle,Cereales,Offline,Critical,1552,831.96,119.06,1291201.92,184781.12
E10876,Courtney,Frutas,Offline,Critical,2042,765.89,312.4,1563947.38,637920.8
E10877,Stephanie,Cereales,Online,Low,600,955.65,287.08,573390,172248
E10878,Margaret,Frutas,Online,High,3237,779.27,333.93,2522496.99,1080931.41
E10879,Nicholas,Alimento infantil,Offline,High,1568,874.48,445.2,1371184.64,698073.6
E10880,Timothy,Cereales,Offline,Medium,8804,890.83,494.91,7842867.32,4357187.64
E10881,Joseph,Carnes,Offline,High,7219,906.27,148.66,6542363.13,1073176.54
E10882,Robert,Snacks,Online,Critical,7520,893.5,219.71,6719120,1652219.2
E10883,Amy,Material de oficina,Online,High,2239,933.67,480.9,2090487.13,1076735.1
E10884,Walter,Verduras,Online,Critical,410,637.68,450.28,261448.8,184614.8
E10885,Autumn,Snacks,Offline,High,7912,651.2,300.23,5152294.4,2375419.76
E10886,Stuart,Cereales,Offline,Low,5918,678.76,456.95,4016901.68,2704230.1
E10887,Veronica,Material de oficina,Online,High,9587,757.42,370.97,7261385.54,3556489.39
E10888,Nicholas,Bebida,Online,Critical,1827,622.96,2.75,1138147.92,5024.25
E10889,Kevin,Carnes,Online,Medium,4587,455.51,139.84,2089424.37,641446.08
E10890,Jessica,Bebida,Online,Low,4651,423.74,429.14,1970814.74,1995930.14
E10891,Paul,Bebida,Offline,High,6215,828.14,411.97,5146890.1,2560393.55
E10892,Dylan,Frutas,Offline,Low,6887,610.31,171.2,4203204.97,1179054.4
E10893,Anthony,Ropa,Offline,Medium,7139,836.72,284.22,5973344.08,2029046.58
E10894,Matthew,Frutas,Offline,High,1364,497.63,395.73,678767.32,539775.72
E10895,Chad,Frutas,Online,High,6787,688.98,152.79,4676107.26,1036985.73
E10896,James,Alimento infantil,Online,Medium,6693,638.3,221.29,4272141.9,1481093.97
E10897,Teresa,Cereales,Offline,Medium,7622,441.31,326.48,3363664.82,2488430.56
E10898,Donald,Cosmeticos,Online,High,6267,986.6,190.54,6183022.2,1194114.18
E10899,Emily,Alimento infantil,Online,Low,256,835.01,143.24,213762.56,36669.44
E10900,Vicki,Frutas,Offline,High,1611,756.45,440.91,1218640.95,710306.01
E10901,Matthew,Frutas,Online,Critical,5554,485.35,99.42,2695633.9,552178.68
E10902,Tracey,Bebida,Offline,High,994,415.48,276.96,412987.12,275298.24
E10903,Zachary,Snacks,Online,Medium,4528,671.73,85.07,3041593.44,385196.96
E10904,Mark,Cereales,Offline,Low,3943,948.29,335.49,3739107.47,1322837.07
E10905,Keith,Cuidado personal,Offline,Medium,4558,753.61,32.68,3434954.38,148955.44
E10906,Sydney,Carnes,Online,Low,124,821.08,498.76,101813.92,61846.24
E10907,Tyrone,Cosmeticos,Online,Critical,1429,623.8,494.54,891410.2,706697.66
E10908,Tina,Snacks,Online,Critical,116,414.36,360.19,48065.76,41782.04
E10909,Karen,Cuidado personal,Online,High,3137,432.83,282.28,1357787.71,885512.36
E10910,Kaitlyn,Domestico,Online,High,6525,553.83,81.24,3613740.75,530091
E10911,Lisa,Domestico,Online,Low,6195,564.24,52.04,3495466.8,322387.8
E10912,Kristin,Frutas,Online,High,5706,606.29,53.25,3459490.74,303844.5
E10913,Jessica,Cosmeticos,Offline,Medium,7531,910.02,435.65,6853360.62,3280880.15
E10914,Wayne,Snacks,Online,Medium,6301,899.18,252.47,5665733.18,1590813.47
E10915,Philip,Cuidado personal,Online,Critical,5082,628.96,364.19,3196374.72,1850813.58
E10916,Laura,Cuidado personal,Online,Low,7660,542.7,141.89,4157082,1086877.4
E10917,Leah,Cosmeticos,Online,High,6164,966.12,80.46,5955163.68,495955.44
E10918,Eric,Frutas,Online,High,6969,624.25,491.7,4350398.25,3426657.3
E10919,Susan,Frutas,Offline,High,6568,668.85,480.85,4393006.8,3158222.8
E10920,Crystal,Cosmeticos,Offline,High,6043,493.67,217.6,2983247.81,1314956.8
E10921,Jennifer,Verduras,Offline,High,7603,623.4,446.57,4739710.2,3395271.71
E10922,Susan,Carnes,Online,Critical,3255,492.7,185.23,1603738.5,602923.65
E10923,Joshua,Carnes,Offline,Low,2381,929.69,449.06,2213591.89,1069211.86
E10924,Robert,Cereales,Offline,Low,9732,921.35,185.05,8966578.2,1800906.6
E10925,Gail,Material de oficina,Online,Low,7908,413.02,112.16,3266162.16,886961.28
E10926,Troy,Verduras,Offline,Medium,7959,468.05,314.83,3725209.95,2505731.97
E10927,Katie,Domestico,Offline,Critical,5029,591.27,434.05,2973496.83,2182837.45
E10928,Andrea,Material de oficina,Offline,High,1469,740.38,1.23,1087618.22,1806.87
E10929,Raymond,Carnes,Offline,Medium,1061,892.6,467.49,947048.6,496006.89
E10930,Curtis,Cereales,Online,Low,5630,736.26,148.41,4145143.8,835548.3
E10931,Rita,Frutas,Offline,Medium,144,738.11,339.92,106287.84,48948.48
E10932,Steven,Carnes,Online,Critical,7197,413.11,97.49,2973152.67,701635.53
E10933,Daniel,Cuidado personal,Online,Medium,8613,516.14,160.55,4445513.82,1382817.15
E10934,Jacqueline,Domestico,Offline,Medium,5415,417.51,426.61,2260816.65,2310093.15
E10935,Stephanie,Verduras,Offline,Low,444,845.83,21.23,375548.52,9426.12
E10936,Dustin,Bebida,Offline,Low,2588,784.6,174.86,2030544.8,452537.68
E10937,Kevin,Domestico,Online,Low,4053,824.61,411.17,3342144.33,1666472.01
E10938,Richard,Bebida,Online,Critical,4092,820.74,7.34,3358468.08,30035.28
E10939,Brandon,Cosmeticos,Online,Low,993,417.29,333.49,414368.97,331155.57
E10940,Kenneth,Frutas,Online,Medium,4965,964.65,315.15,4789487.25,1564719.75
E10941,Melinda,Frutas,Online,High,7083,673.38,418.67,4769550.54,2965439.61
E10942,Brian,Carnes,Online,Critical,3144,402.88,378.62,1266654.72,1190381.28
E10943,Dustin,Material de oficina,Online,High,2021,899.23,359.4,1817343.83,726347.4
E10944,Alexis,Bebida,Online,Medium,5189,491.44,283.91,2550082.16,1473208.99
E10945,Erin,Cuidado personal,Online,High,8050,838.37,424.81,6748878.5,3419720.5
E10946,Jennifer,Alimento infantil,Online,Medium,483,711.13,133.05,343475.79,64263.15
E10947,Lori,Material de oficina,Online,Medium,6951,764.1,195.56,5311259.1,1359337.56
E10948,Juan,Carnes,Online,High,1700,897.7,364.22,1526090,619174
E10949,Zachary,Cuidado personal,Online,Medium,6247,484.33,222.08,3025609.51,1387333.76
E10950,Dana,Snacks,Online,High,5579,788.18,106.12,4397256.22,592043.48
E10951,Steven,Snacks,Online,Critical,3709,933.81,309.9,3463501.29,1149419.1
E10952,Bryan,Cosmeticos,Offline,Critical,7683,688.49,489.62,5289668.67,3761750.46
E10953,Thomas,Cosmeticos,Offline,Medium,3700,619.03,345.38,2290411,1277906
E10954,Christopher,Cosmeticos,Online,Low,307,694.43,98.39,213190.01,30205.73
E10955,Robert,Carnes,Online,Medium,5375,766.19,340.04,4118271.25,1827715
E10956,Bobby,Bebida,Online,Critical,3439,562.32,308.17,1933818.48,1059796.63
E10957,Nicole,Bebida,Online,High,4955,625.16,406.18,3097667.8,2012621.9
E10958,Jessica,Alimento infantil,Offline,Low,2801,918.35,184.91,2572298.35,517932.91
E10959,Dorothy,Carnes,Offline,High,8999,594.79,237.81,5352515.21,2140052.19
E10960,Taylor,Cosmeticos,Offline,Critical,9871,897.62,229.15,8860407.02,2261939.65
E10961,Alisha,Ropa,Online,Medium,101,566.09,350.35,57175.09,35385.35
E10962,Jessica,Alimento infantil,Online,Critical,8140,979.6,328.71,7973944,2675699.4
E10963,Logan,Frutas,Online,High,8753,575.83,62.15,5040239.99,543998.95
E10964,Kyle,Domestico,Online,Low,1251,569.47,409.79,712406.97,512647.29
E10965,Vicki,Carnes,Offline,Medium,6946,650.72,212.25,4519901.12,1474288.5
E10966,Julie,Ropa,Online,Low,2540,985.23,409.53,2502484.2,1040206.2
E10967,Emily,Ropa,Offline,Medium,9582,761.99,208.67,7301388.18,1999475.94
E10968,David,Cosmeticos,Online,Low,3416,982.56,197.25,3356424.96,673806
E10969,Jonathan,Cuidado personal,Offline,High,1122,836.17,158.41,938182.74,177736.02
E10970,Valerie,Snacks,Online,Medium,9529,931.62,232.06,8877406.98,2211299.74
E10971,Sara,Alimento infantil,Online,High,6290,664.34,155.66,4178698.6,979101.4
E10972,Stacy,Domestico,Online,High,1925,685.28,199.33,1319164,383710.25
E10973,Patricia,Ropa,Online,Critical,5860,779.51,122.56,4567928.6,718201.6
E10974,Donald,Bebida,Online,Low,1020,571.18,179.43,582603.6,183018.6
E10975,Bryan,Snacks,Offline,Low,7947,875.11,254.87,6954499.17,2025451.89
E10976,Lisa,Cereales,Offline,Low,1927,717.26,58.17,1382160.02,112093.59
E10977,Michael,Frutas,Offline,Critical,927,805.37,58.78,746577.99,54489.06
E10978,Kiara,Cereales,Online,Medium,7175,662.95,28.78,4756666.25,206496.5
E10979,Bruce,Verduras,Online,Medium,6622,622.66,285.61,4123254.52,1891309.42
E10980,Deborah,Snacks,Online,Critical,2094,892.13,204.99,1868120.22,429249.06
E10981,Crystal,Cereales,Offline,Low,6609,619.65,285.83,4095266.85,1889050.47
E10982,Brandi,Material de oficina,Online,Medium,9994,864.66,299.99,8641412.04,2998100.06
E10983,Rachel,Cereales,Online,High,994,748.48,308.29,743989.12,306440.26
E10984,Isaiah,Cereales,Offline,Medium,3708,565.95,484.66,2098542.6,1797119.28
E10985,Joseph,Domestico,Offline,Medium,7201,668.62,141.07,4814732.62,1015845.07
E10986,Jonathan,Cuidado personal,Offline,Critical,7630,545,292.74,4158350,2233606.2
E10987,Amber,Snacks,Offline,Critical,1045,631.17,203.93,659572.65,213106.85
E10988,Justin,Snacks,Online,Critical,5533,808.17,78,4471604.61,431574
E10989,Theresa,Verduras,Online,Critical,9540,907.63,156.29,8658790.2,1491006.6
E10990,Jonathan,Frutas,Offline,Medium,1060,769.54,101.23,815712.4,107303.8
E10991,Joshua,Domestico,Offline,High,4510,735.14,300.7,3315481.4,1356157
E10992,Amanda,Ropa,Online,Low,2040,617.56,86.9,1259822.4,177276
E10993,Thomas,Alimento infantil,Online,Low,2059,638.71,454.36,1315103.89,935527.24
E10994,Stephen,Bebida,Offline,Medium,7638,486.49,42.67,3715810.62,325913.46
E10995,Christina,Verduras,Offline,High,9506,799.55,208.37,7600522.3,1980765.22
E10996,Katherine,Cosmeticos,Online,Medium,7788,693.83,356.89,5403548.04,2779459.32
E10997,Kimberly,Cereales,Offline,Medium,7359,930.04,103.89,6844164.36,764526.51
E10998,Bianca,Cosmeticos,Offline,High,7157,595.42,248.82,4261420.94,1780804.74
E10999,Kristin,Cereales,Online,Critical,3421,451.8,385.22,1545607.8,1317837.62
